-4.565755484051413404e+00,-3.007287675947519645e+01,4.967087453437777356e+00,-8.148401610622252988e+00,1.339296421418053606e+00,3.954115776498254853e+00,-3.523750851687551311e+00,2.982177805466606912e+01,1.745025821480332695e-01,-9.490823705804171340e+00,-8.560018285830780727e+00,2.509165009003777058e+01,4.650884411359510473e-01,2.341631690594968163e+01,-2.661586293666549352e+01,-2.933599524284986604e+00,-1.246756311936334516e+00,2.812595371810573752e+01,-8.448843610982555319e+00,-6.625975088528823775e-01,-5.817431140688862357e+00,-1.543753348305703099e+00,-5.662910186711609839e+00,-2.754056786773154908e+00,-2.407555260920485551e+00,2.592540636305693624e+01,-8.326968281584028020e+00,-3.624731075704681782e+00,-1.454611882894376595e-01,-4.444222821914829424e+00,-2.813712629909231211e+00,-4.708958786930743656e+00,-6.839158906697726081e+00,8.382883438907534623e-01,-6.608720802834595176e+00,3.011192658446154624e+01,-1.529658766232343314e+00,3.130978540233844143e+01,-5.993834636444624664e+00,3.160496058718319290e+00,-2.810924558350047420e+01,-9.895413182713903577e-01,2.871867926843574281e-01,-5.624464890188049182e+00,-4.516988629809832290e+00,2.191138492431478113e+01,-8.569460249345135949e+00,-1.014077554014014781e+00,5.481369055146743996e+00,2.860253116491175085e+00,-3.073790147557699015e+01,4.629964415049409254e+00,-5.051064114896500534e+00,-6.826987327235904957e-01,9.420567677986264599e-01,-3.002650464262436092e+00,-2.876422997571612683e+01,3.154269331552971956e+00,-2.624220407186063309e+00,-1.505705632700903851e-01,-3.607117002220090018e+00,-5.091849563369152953e+00,2.294550672856392382e+01,-2.423422556896451585e+00,-1.047156876474322473e+01,-1.392270187814145466e+00,-1.162352377172005014e+00,5.411755754201007740e+00,3.009158246411074877e+00,-3.047372594146134617e+01,-1.381872385163398276e+00,-8.072468696287856682e-01,6.826663753678752222e-01,2.531490165387939584e-01,-8.147296995686579280e-01,2.753605679964617892e+01,2.899279471604647718e+00,-2.701828152577745001e+00,1.110308535223381021e-01,3.044193083431530056e-01,2.938683472252396012e+00,4.456629339870708861e+00,-6.985218822898072943e+00,-7.848950403765961426e+00,-4.128549597850762254e+00,2.256904358221508922e+00,7.932233648905308021e-01,2.885621120363708769e+01,3.789915651403066743e+00,2.593548338695970124e+00,-3.085787696408235803e+00,-1.292309131349461682e+00,3.249157039843655781e+00,-6.983853659124294566e+00,1.995238285713036630e+00,2.926223799839822615e+00,-2.224742178395876513e-01,2.608852313855681260e+01,3.573256291693301989e+01,-6.653349874300273470e+00
4.476310585991530866e-01,-1.473010688367721244e+01,5.903400527946135234e+00,-4.644146833823812770e+00,1.162871162813751091e+01,6.217269975170964358e+00,-6.200335268378555753e+00,2.855604070804928796e+01,-2.909933665391374547e+00,8.202856920659522544e+00,-2.134316098465193079e+01,1.399782500657755513e+01,-3.681183970463953070e+00,1.882524233530491387e+01,-1.179193855350851550e+01,-1.952685354054748856e+00,2.999656479932891084e+00,2.374257308859494131e+01,-7.528816645077391456e+00,-4.912364745484574691e+00,-1.663462445256592481e+00,-4.693615152469821084e+00,2.953377170157344800e+00,9.114556321323330934e+00,1.701188049254625856e+00,3.038863590058403830e+01,-1.535846913948256898e+01,-6.969569106717509399e+00,-3.407020093943780470e+00,4.322882147252316010e+00,-1.217633373258161233e+00,6.094910866895713042e+00,-5.875963904145575789e-03,1.984720433714778798e+00,1.834324321331006313e+00,9.367049744335586681e+00,-1.091176866967904724e+00,1.493736585270178807e+01,5.472895308054097185e+00,1.723650327510573987e+01,-4.817892626349529195e+00,-2.004963367310043765e+00,6.939168141214153707e-01,-8.478874338218750140e+00,2.304289143655234628e+00,1.768460932746274494e+01,8.622170686388386684e+00,4.473245536828492241e+00,1.126206437575513064e+01,-5.136094569530939680e+00,-2.316154172248078424e+01,4.798393132581999510e+00,-2.319662889112612980e+00,1.591378328613980031e+01,-1.557348169922794234e-01,-2.064863469243981342e+00,-1.988026914458352934e+01,1.387159180754709098e+01,7.615196473683154554e-01,2.721080952684810095e-01,4.096909181490500096e-01,-1.176727647487285822e+01,2.241307898508987861e+01,4.816272672115792908e+00,-5.812476482034060865e+00,-1.395566873625896154e+00,7.648582297312392697e+00,1.511584081687548320e+01,-2.478530881414535703e+00,-2.466356239273464013e+01,-5.375642873789796106e+00,1.657022322196942454e+00,1.511001904035547483e+01,9.272905763253556088e+00,1.809841995416628535e+01,1.089400897179720751e+01,1.402002114803951827e+01,-5.815467756230341401e+00,-3.962218606515137687e-01,-3.375563407559036833e-01,1.128781340131099675e+01,2.692084762544637755e+01,8.685594334768577340e+00,-1.825574804362274506e+01,3.036338828783012200e+00,-1.462867784229128176e+01,-2.500064335836464924e+00,1.893200381116783504e+01,6.255079352765478440e+00,4.583260656903274111e-01,4.575264686296932837e+00,-1.850033384714824436e+01,-8.563735763724135808e+00,2.582115285041500563e+00,2.492581616456013283e+00,-2.437130860294263712e+01,-7.277834423421131405e+00,2.006603432503765561e+01,2.907143491354100107e+01,4.056740845343726143e+00
3.549577717735838522e+00,4.450357846971294862e+01,4.522014587372206407e+00,1.957405479570657469e-01,-1.242909952890247993e+01,2.732294113449474793e+01,4.419161117860316956e+00,-1.969497541346616742e+01,-1.737072792857242032e+00,-3.715013731482334602e+00,-7.607882480319673846e+00,-3.380036633646629696e+01,1.414228123593924025e+00,-3.720433055176943782e+01,4.150786889939931257e+01,7.759692053031268522e-01,5.462483278484406291e-02,-4.083515083846386773e+01,-2.012639469405510972e+00,-5.515078655236442806e+00,5.391053546863140866e+00,1.078020853523685041e+00,4.181559285777537660e+00,-8.056697963275958330e+00,8.357594480402035231e-01,-5.181247117550298498e+01,-7.773540399446751792e+00,2.423123643335187705e+00,1.421726416300478801e+00,3.256115641494018664e+00,9.496927509470562967e-01,5.776644502826022709e-01,3.750754153443481176e+00,-8.597901510875619602e-01,2.414825445933899140e+00,-3.554582783091138509e+01,1.972596844405810623e+00,-4.269867646005116057e+01,1.799831888829193316e+00,1.637354898457083507e+01,5.363406572417199669e+01,8.214330365234969733e+00,1.262516050369892895e+00,4.381657931830746477e+00,-2.903684279065763540e+00,-3.201689703593028469e+01,-7.386177315901230500e+00,-1.048233148142014848e+01,1.414649225967102275e+01,4.895537163728809205e-01,3.514141038057013589e+01,5.435600885203528243e+00,6.414328916673452063e+00,1.881581593701969268e+01,4.311203722587172216e+00,4.665185894929624766e+00,4.567588301984801546e+01,1.454370852334367115e+01,4.493098793344968200e+00,3.820102248810203882e+00,5.221570792846863540e+00,-5.364886676294744916e+00,-4.221009343684742277e+01,-5.563687945626248244e+00,5.290702763619544058e+00,8.583178959566097888e+00,-5.537414050449603664e+00,1.708963815379112816e+01,2.696654513382481522e+00,4.734590444320797786e+01,2.653861925738509431e+00,7.452046940867218083e+00,1.741268714234643511e+01,1.115341444770722035e+01,1.876902015711636906e+01,-3.277616467202999928e+01,1.319930050363664265e+01,1.189992704681814040e+01,1.241985170492394541e+00,-6.231034464138589524e-01,2.902033694459206359e+01,2.070052668673541163e+01,-1.246677133066151910e-01,-6.644464991134114484e+00,-1.133981796450759472e+00,7.798926941070634555e+00,1.384126030982232525e+00,-4.069648242147635386e+01,2.504880530859842125e+01,-5.322083110521562688e-01,-1.091707817140487258e+00,7.801192978660932198e+00,1.243031615955310443e+01,-1.504313743958238803e-01,9.526636879163937977e+00,-8.750448462657510973e+00,8.924842924857070869e+00,-3.497943556566679035e+01,-2.551012475622569298e+01,5.843893745764200176e+00
4.231717686685710689e+00,-1.978772775805358108e+01,-1.871906483617650885e+00,3.583668970501082018e+00,3.186018989023092995e+00,-3.200969494452560404e+00,3.150503272843149016e+00,2.082403883520882815e+01,5.516251947767560893e+00,4.918449519844709350e+00,3.049245270627564341e+00,1.722218345559471331e+01,4.140294762596088418e+00,2.129965864431317613e+01,-2.282600855922453320e+01,-1.596376242736499584e+00,1.931264326652489594e+00,3.204140196730401158e+01,-2.368867200552864816e+00,4.941209339188294081e+00,3.906601723027119721e+00,2.818538179970614621e+00,-3.375455708268649602e+00,1.109634738946745358e+01,-3.335795327488865869e+00,3.068434915957403675e+01,-2.965812996848376404e+00,1.222383799706808549e+00,2.796351789223159745e+00,4.779248796294996993e+00,1.966028009613302263e+00,5.275784866770711901e-01,4.094290581149293562e-01,-2.393934158703312498e+00,6.924125024863673206e-01,2.024689506349960766e+01,1.669394043530842420e-01,2.384394599658233460e+01,-3.395159700965309391e+00,3.015075020591504007e+00,-2.025669919130752206e+01,2.834496960868956084e+00,-9.862879173704020008e-01,3.199791654401491936e+00,6.799051613608368072e+00,2.363307754378589465e+01,8.727830519666955666e+00,1.432546162568613646e+01,5.802031554870684005e+00,-4.754993607366408970e-01,-1.697116830973865476e+01,-2.136881674160687083e+00,2.627798841833418386e+00,6.493280839188174669e-01,-3.933490341357356535e+00,3.942138833757608651e+00,-2.033350809190625696e+01,-7.210646424675056787e-01,-1.065220768001255092e+00,1.546950224309447064e+00,4.194513361589730316e+00,7.967750180213246658e-01,2.509143874138383268e+01,5.661987804908009458e+00,3.580073791008488548e+00,3.245675134199588197e-01,1.045435733436341508e+01,3.229390905600196149e+00,9.901881429865916351e-01,-2.422547727613390123e+01,-2.318063037101123491e+00,2.997537417670688598e+00,-2.369727152815907179e+00,1.039190451892951561e+00,2.001334782003725721e+00,1.706341682287055050e+01,1.607737093854249011e-01,-5.285819499405134181e+00,1.091899976515275483e+00,4.995189070763165873e+00,-3.172537707643067417e+00,2.320385079888939384e+00,7.446943035550399159e+00,2.631439295923249322e+00,7.468189170567810509e-01,-6.351470255193031100e+00,1.089016237178219715e+00,1.878694473138369858e+01,-3.238873431222985655e+00,1.731187251651916448e+00,2.431146038817266763e+00,-6.831149294489585522e+00,8.915783392039173805e-01,3.813708350998653351e+00,3.184228090995376181e+00,-2.092890723063554947e+00,3.959607364701862586e-01,2.218463982907530152e+01,2.062381244049519680e+01,6.683140290382318049e+00
-5.006216108806157195e+00,2.260954758748595950e+01,1.209818685058705601e-02,-3.236563787520608582e+00,6.841310672373515978e+00,5.035320518384856392e+00,-1.614123420583758906e+00,-4.569162851646640711e+00,-5.690460988494807637e+00,1.287603153147190760e+01,-2.413480481772671382e+01,-2.048519676126324995e+01,-3.222414703099986788e+00,-2.338622422598471573e+01,2.019500939726129474e+01,-6.039559624498510582e-01,-3.113254460212201424e-01,-1.093009680780621906e+01,-2.506270190235314388e+01,3.746409733244236984e-01,-2.945563078719489081e+00,-8.392244739981500334e-01,4.586767802635919544e+00,6.704262373104054262e+00,2.133937071675302555e+00,-1.592107010060653849e+01,-2.870297979728530535e+01,-9.053521438164322532e-01,-4.589018705924064356e+00,3.678467101216780666e+00,-2.077165276605202615e-01,-6.152999200012506664e-01,-1.535146743747582310e+00,-2.276975945238463250e+00,-1.397960293750037941e+00,-4.287639994802039212e+01,-2.796863262733467193e-01,-1.972994809699417829e+01,-5.160495446482606496e+00,2.404664424892473207e+01,4.035089948787865666e+01,-2.002881687911691078e+00,-1.243254608634226099e-01,1.238595556091494743e+00,1.183878751390191653e+01,-2.292944571629920603e+01,6.565064734189992812e+00,9.729968270224292226e+00,1.761459485018241011e+01,8.827395288888690850e-01,2.215820397062274338e+01,3.401817895910320688e-01,-1.894529367276374554e+00,1.976786008703795616e+01,-1.198017793603337322e-01,-6.177323921968504550e+00,1.906885772400491774e+01,2.188225883229032576e+01,-3.826254081715722566e-01,2.862010309536925368e-01,7.854020203043984849e-02,-2.305498629814378830e+01,-2.820840549780895756e+01,1.205438660324105804e+01,3.316920836878295420e-02,2.344659913964411146e-01,1.390743687798720707e+01,1.461220166352633676e+01,-2.945838036323175313e+00,2.581560281677711544e+01,-2.424865178910475372e+00,5.421165451624702092e-01,2.419623569446799394e+01,1.433902132930827733e+01,1.657181034348167969e+01,-1.917966090791047762e+01,1.956583293836153103e+01,-1.571097181643714968e+01,-2.248213400953446683e+00,4.597574544773809002e+00,6.865253382207515465e+00,2.108677234271613088e+01,1.042769099571894742e+01,-1.434684645202740327e+01,-4.513229695023017740e-01,-1.554251127682020872e+01,-1.809252495295445406e+00,-2.665456813923848145e+01,1.052851423531639341e+01,-2.451126460092992065e+00,-1.877939523305136138e+00,-1.293134849366894557e+01,-1.540770107579656134e+01,3.100642918541587800e+00,-9.762825183361414361e-01,-3.729329153312403378e+01,-3.080619668202261963e+00,-2.553345437647633531e+01,-4.563028575090346983e+00,-2.525570380963333861e+00
1.782468831672312071e+00,5.405483297039239687e+00,2.326964603798524323e+00,-3.353700744917825105e+00,3.888301511158211099e+00,-2.603909893341084469e+00,-6.151734783505750315e+00,-1.258846926598664062e+01,-4.218196140919683756e+00,5.711831866479081476e+00,8.335444494016833517e+00,-7.323817061353669722e+00,8.034808424022290563e-01,-3.381908957419064166e+00,8.878799534510372737e+00,-1.557491658873554119e+00,5.261361181719198532e-02,-2.812202578761676897e+00,1.446407730491935872e+01,-1.797642551330200344e+00,2.011528178377898435e+00,7.088447826248654771e+00,8.524254125061602849e+00,2.872021155864892261e+00,4.665447778322153738e+00,6.781479971029433784e-01,7.830611826575325729e+00,-5.147442194305996921e+00,-4.701143473100593440e+00,6.237877393582446750e+00,9.158204544072504616e-01,4.415895844753570110e+00,-2.287341539867424167e+00,1.712235109113826148e+00,-1.933646887918990087e+00,-9.389676443135186901e+00,-3.685886756157494837e+00,-5.682170902137562152e+00,7.420889038673969651e+00,-9.510243914889759509e+00,-6.428543724663001946e+00,-4.851833762314941012e+00,1.094020890024640646e+00,-5.176701675993563789e+00,-2.459045214677957780e+00,-2.415589895413314370e+00,2.585049118200038354e+00,1.943792751710912148e+00,-4.978118707705492696e+00,-4.400333422970304831e+00,6.558397065498764889e+00,1.075436645119465906e+00,3.007368654322487789e+00,-8.395207466635739024e-01,1.461674595211777783e+00,2.591533893958794188e+00,3.254491198978416655e+00,-2.275262452848670236e+00,2.921545493789523107e+00,7.562369767084140548e-01,2.951835300998161493e+00,1.735346602625443779e+01,-5.461710897355569472e+00,-8.715255987250402070e-01,-5.821918607250516686e+00,-3.738225168427701472e+00,1.890231438886827320e+00,-4.966031079171052909e+00,-3.523101906868881805e+00,2.903894213525306967e+00,7.712883346024448361e-01,-1.894116041749382973e+00,-7.883830933812122410e+00,-4.100668980792885776e+00,-2.590749855213659636e+00,-1.649124083620113979e+00,-1.079987740881745673e+01,3.859338736374488654e+00,1.161364565890691036e+00,1.368309402377358985e+00,-1.635655819755046370e+00,1.072394726497837514e+00,-3.475939686396877448e+00,3.552503560762941159e+00,3.231353740444010469e+00,-1.674974013669184192e+00,4.420549769257744011e+00,-2.280123820974063520e+00,-1.081915074858404680e+01,-4.808618014309434585e+00,-1.325151397559332089e-01,3.807884087086867986e-01,5.171372446411272250e+00,2.401996211315711616e+00,9.337534438424053285e-01,9.035389625646027767e+00,1.183483886443087663e+00,-1.210158883409342856e+00,-1.386710364154228081e+01,1.187753098934983376e+00
2.946149343447160618e+00,2.175733814888198481e+01,6.731820932140879066e+00,5.337846108833753433e+00,9.262804344297606463e+00,-9.545810180550708068e+00,3.146625574777700773e+00,-1.791863828042901119e+01,-4.193204288998741980e-01,6.714591592876300474e+00,6.791212506592231080e+00,-9.350068781274883278e+00,5.450218177591048985e+00,-1.450893594666018949e+01,1.799331556839030810e+01,3.802261944048301867e+00,5.913321815583038266e+00,-3.721821896138924224e+00,1.116039882734275679e+01,-7.629823177995485040e-01,3.853329373890829412e+00,4.003233127822301896e+00,3.967723621585358185e+00,1.109882712127189919e+01,2.717493022610153020e+00,-1.246945303537725280e+01,1.365453001185890436e+01,-5.568670066988297140e-01,6.406652838796455640e+00,4.367476717222787741e+00,4.072310551574445547e+00,3.836768138679660378e+00,5.019651096789865541e+00,1.459567246144515940e+00,4.372136139536628718e+00,-2.507679477776947863e+01,-1.786173353453802015e+00,-1.879529798305187427e+01,2.624330108033383624e+00,1.505365036050383409e-01,1.507462820976171614e+01,4.132782525813517793e+00,1.877189390392979051e+00,5.263586068036653742e+00,1.087916351424536643e+01,-1.479555549075682030e+01,1.289536499990375873e+01,8.943368007766446581e+00,1.430513697308075649e-01,-1.197775544366832978e+00,1.620255970589784411e+01,4.131598580692379841e+00,5.718625543558948365e-01,-8.381932952985806651e-01,2.724134105708690523e+00,4.553638108950961438e-01,1.931151061317619977e+01,8.093495903675504977e-01,4.199204328308647760e+00,7.570075666372614975e+00,3.311450414356255756e+00,8.863968384824412183e+00,-1.692711439367889881e+01,4.810082556572456092e+00,3.551140108551219754e+00,3.666948627179772657e+00,5.471317306598662000e+00,-4.351058417368713904e+00,5.399223591171905312e+00,2.376175166148833640e+01,1.884715816291566703e-01,4.840219531276590992e+00,3.241299377547548488e-01,-2.908779617044804588e+00,1.721483542905946962e+00,-1.453750311604978229e+01,-5.527957550012930099e+00,-2.755394364593073853e+00,4.661763740322989236e+00,4.273651285838838021e+00,-4.850382051564190000e+00,2.236733181082780852e+00,1.272262025580955225e+01,9.170659456224317552e+00,4.919921790803923223e+00,-2.659472985712842963e+00,3.116029908394815973e+00,-1.544783001128496736e+01,-6.056426672803567612e+00,1.108261697110907829e+00,-1.060198022613450419e+00,-7.453322410967960998e+00,-1.635282911096230585e+00,3.187239341939912318e+00,4.411270447854740873e+00,2.493532097435473549e-01,2.646761469220577201e+00,-1.327424273571625868e+01,-1.899921930757422928e+01,4.416509709457627331e+00
4.714094782429588015e+00,-1.001727291328993452e+01,-2.255767564260988234e+00,-2.625401445839369519e+00,-8.923436960885755553e+00,1.628855636819151442e+01,4.749812740486317963e+00,2.368789864058254580e+01,1.359328297579251998e-01,-3.921954500246339403e+00,-1.613358986208788437e+01,1.016292613334972295e+01,-3.497931923282817657e+00,1.199636059632825180e+01,-1.121172318690480019e+01,-2.990360655701397086e+00,1.451058456780324191e-01,8.896108876382625041e+00,-1.171241166533750899e+01,-6.238113563173226517e-01,3.787317018786809264e+00,-3.957884733257304610e+00,1.902642369494817576e+00,-3.614963654944495453e+00,-3.456600741820921030e+00,7.488874531636692033e+00,-1.644897012395760783e+01,-9.200252665835935151e-01,-2.122849545724769360e+00,-3.985848903316714598e+00,-9.433422105654203360e-01,-1.792024454656919730e-01,-8.141053779247570787e+00,-5.323544498025839289e+00,6.357096587511892327e-01,1.375542382625008031e+01,-6.213021412604227578e+00,7.404594772302484529e+00,3.813611012388413712e+00,1.179055122673500833e+01,-1.471335161568094296e+00,1.344511104990816719e+00,-2.080838304300517194e+00,3.378561137458196306e+00,-2.991306051186036541e+00,3.723920574110193726e+00,-5.972253677046730935e+00,-1.073915895122701514e+01,1.090312430918431907e+01,2.697335397326400042e+00,-1.675088175006288793e+01,-4.896831380278253043e+00,1.383033021375925653e+00,3.267432996593679917e+00,6.882780566395372279e-01,-1.206842233685301302e+00,-9.971472175845116581e+00,1.280813109644694769e+01,2.140029464301843376e+00,-1.065060412182156524e+00,3.174383736362156760e+00,-1.440764431019399971e+01,1.590206532285125718e+01,-4.303274516947373840e+00,-5.957907477594731382e+00,-3.537557521112530967e+00,-1.055224542729554216e+01,6.072119171067283716e+00,-3.716396641432484493e-01,-9.168674243820543523e+00,-3.007187446965856381e+00,-2.531283439993345930e-01,1.116112782316740315e+01,2.600862611216559372e+00,1.455882352714577799e+01,1.033589349890549514e+01,1.143405211362323293e+01,1.254317848266516044e+00,-7.025547353262888706e+00,1.362141214240082387e-01,1.789784462362058903e+01,1.330341465876120921e+01,-4.540570533776324247e+00,-1.107220523140342650e+01,-2.152124321239117677e+00,5.012373429401648650e-01,3.291661606989835676e+00,7.531146420518519236e+00,2.225380323056671372e+01,-8.077228793049499700e+00,-1.498923145075776953e+00,6.502911777047891029e+00,4.991485918776064068e+00,-1.738393231584798082e+00,2.955354378047900799e+00,-1.023548594463933981e+01,2.490202731926165924e+00,7.255322863105595488e+00,2.121289920737352475e+01,-5.347006563829122427e+00
-4.603636379180205296e+00,8.144898264118621611e+00,1.792237741625799297e+00,-8.886407944467862308e-01,4.170931524668446855e+00,-9.823677885034832968e+00,1.022079029571616449e+00,-1.350904768062908623e+01,2.601406416389195897e-02,4.853829787013280495e+00,-3.343927648439200873e+00,-1.372753955198882281e+01,-1.277648061157948822e+00,-1.559949420279421695e+01,5.157093496478751149e+00,1.975339122741035069e+00,-2.915512257185762124e+00,-1.461687270817761330e+01,-7.186638488704730321e+00,1.080892133401400113e+00,-6.989270710156447741e-01,-1.650230660198944932e+00,-4.452809007086907300e+00,6.642475015401411831e+00,3.696333977190950471e+00,-8.570052898928500085e+00,-2.658477274367294196e+00,-5.875973891727389820e+00,-5.270905472897509547e+00,8.279531316543127240e-01,6.955665344349445389e-01,-3.113107114369011441e+00,-6.833709292215106146e+00,1.830476203761085552e+00,-2.176891344050701171e+00,-1.618877965894083815e+01,-9.848918415347412969e-01,-9.906224219516003515e+00,-1.941396069162438121e+00,1.569173452014521075e+00,1.555613413611592932e+01,-4.511307418479161058e+00,-6.573292094535979402e+00,-7.336553810356923222e+00,7.635359770770559606e+00,-1.204170814687803315e+01,-2.229312351109006052e+00,1.000625875138721099e+01,1.076439265031953862e+00,5.269361444802786565e+00,1.784655957802290516e+01,-9.953264085546942308e-01,-1.947958511642780000e+00,3.523464990172522349e-01,-5.746965576349857940e+00,-4.029816499305338695e+00,6.536450561243421831e+00,6.121209778217280295e-01,-2.307271075159649243e-01,3.422255769765093270e+00,2.483330551693919030e+00,-2.526716113762876859e+00,-1.670293950721389109e+01,-1.912403380467391667e+00,-1.492567015522142215e+00,-4.136471844823996769e-02,7.808010256865234311e-01,1.392856811584827215e+00,-1.500392581958146732e+00,1.053141752849441382e+01,-7.360979357164497472e+00,-5.761997428168421642e+00,-1.345176239417440023e+00,4.035258737119929329e+00,2.164943770697192349e+00,-1.125535085938652102e+01,-2.351863869753132441e+00,-7.971412938105602919e+00,3.563547420895171403e+00,-1.026947480808451107e-01,-6.662634577984704265e+00,9.115880273382881427e-02,5.473315464983531164e+00,-2.127254770267173800e+00,5.975771674359914520e+00,-3.360542870051702380e+00,4.094243955157968462e-01,-1.385250788357068608e+01,2.638653622599451687e-02,-4.117831791624113613e+00,-1.708326230175118976e+00,-4.593525552811648538e+00,-9.171812578192559684e+00,-3.524145678705714602e-02,-1.872796775548208004e+00,3.656180787560790790e+00,2.173306823193755788e-01,-1.284618802435191753e+01,-3.303642535869766306e+00,-7.360435077905466805e+00
-2.313782576347103159e-01,1.323237831224842509e+01,-2.883674022823251804e+00,-5.901552939478029280e+00,2.678070296816241314e+00,1.959729949083904899e+01,-4.382710053944338213e+00,4.111973602387079652e+00,-5.316433399359540291e-01,-2.340218808902911007e+00,-1.467647283842886985e+01,-1.085181118387844101e+01,-5.611841391015059965e-01,-1.683911385029942664e+01,5.738543335529721290e+00,-3.564624517861952224e+00,5.338264439930353600e-01,-1.524711235552345023e+01,-1.911673565131839325e+01,-2.893829869067265914e-01,1.500304921436441230e+00,-1.919731898882473198e+00,-6.851812710621686398e-01,-3.954777134811613415e-01,-2.639167468335993139e+00,-1.550770576302001302e+01,-1.643806526478503116e+01,-1.399024906011694602e+00,-3.531108390568705957e+00,-4.116980036786630492e+00,-8.919814128826323296e-01,2.479741382504389691e+00,2.489306649370337965e+00,-9.671882719373259274e-01,-2.335954872656869519e+00,-7.910906066614211696e+00,1.840500396514010983e+00,-1.239110271552427101e+01,7.065768146270101635e-01,1.662682390545288413e+01,2.030136960905772270e+01,-3.928369411945465295e+00,-2.170723177407685611e+00,-3.720449550522065607e+00,-3.201760190091871294e+00,-1.562406668836247192e+01,-3.483623070227358731e+00,-4.447809070999984016e+00,1.664698490459304736e+01,-2.808262223047549355e+00,1.777235188269193600e+01,-2.453585388854766958e+00,8.255371349054045904e-01,1.796108414802966635e+01,7.180596894203677971e-01,1.229453906915659367e+00,4.150462993336606843e+00,1.472814183103658259e+01,-5.823486393630772362e-02,-5.623303696227629267e+00,-6.426201522360597274e+00,-2.073990043578642428e+01,-1.916371532643564635e+01,-2.686152326928393119e+00,-1.463424353308383052e+00,-4.177661730032158793e+00,-2.520899852067729707e+00,1.102787110570548634e+01,-7.295232521006377979e+00,7.890482282570776107e+00,1.038014004277916236e+00,-5.983328018820263772e+00,1.985837706498808686e+01,1.306339768244279576e+01,1.482377779678659380e+01,-1.424730808989617969e+01,2.028413941978361734e+01,-2.698112138465629251e-01,9.371484127628618710e-01,-1.420266398233562821e+00,1.561453587326274572e+01,1.362313724763760803e+01,-7.219744477843184960e+00,-1.681340762476610351e+01,-3.103823112677855711e+00,-2.125668868247197363e+00,-3.511330929786735666e+00,-1.033420706014191381e+01,1.254112540503237305e+01,1.620436285942776777e+00,4.430195936070203899e+00,1.308452353405968438e+00,-6.796417638308589027e+00,-2.885067656155034577e+00,-1.706942025438324295e+00,-1.986283255525970759e+01,5.071271264702925663e-02,-1.308944834975235061e+01,-3.931666696716019427e+00,2.610479691464700380e+00
5.499356659783613210e+00,2.248907062055083017e+01,8.260411777249903054e-01,5.951036288047368394e+00,1.135228009101179047e+00,1.585490814032900531e+01,3.971015210169222875e+00,-8.005685317705754755e+00,-1.576168703586152686e+00,2.103108353402538988e+00,1.059800228693787982e+00,-1.129980689623974754e+01,9.693462407613559151e+00,-1.314012043985838041e+01,1.978941126052446364e+01,2.786578741460816300e+00,7.172392688915094183e+00,-1.513246935130996995e+01,5.414622277539354656e+00,3.709168819998994060e+00,6.163165185175433436e+00,-1.867181950073600438e+00,6.675120061603367461e+00,-4.382463709369118554e+00,7.296140579264884352e+00,-2.225164438531694699e+01,7.148631558624603421e+00,3.462283899363905348e+00,3.191691476087413548e+00,8.279904022845775202e+00,4.556537606472478075e+00,6.698602398902496091e+00,8.050171511810535918e+00,3.162742864845184521e+00,1.784655820111268332e+00,-6.643147036161013652e+00,4.107540882987562370e+00,-1.605473731155959172e+01,4.070705842899807081e+00,9.466135617720112805e+00,2.677753150663034276e+01,9.483848206591925845e+00,5.867762736437846627e+00,6.939191518711862017e+00,-5.673779819042407802e+00,-8.713487226030800059e+00,-1.386417157651754550e+00,-4.851854047691652738e-01,1.142658099155548612e+01,3.933983771726637269e+00,2.231516218203090318e+01,5.232678236220158041e+00,3.955467089381199397e+00,8.831940398565691908e+00,5.130959455223123022e+00,5.911168271687315290e+00,2.094389147633702564e+01,4.743802371558717645e+00,8.678232439920236629e+00,7.074752547180196416e+00,5.096099753205734828e+00,-3.650680205094412933e+00,-1.794984590011664594e+01,1.040836665850990883e+00,6.354547667855807269e+00,8.579721663017812361e+00,-4.989505091590630492e+00,8.900660478812129739e+00,3.430996536227187033e+00,2.567293807521476268e+01,8.643779172898689467e+00,7.630411869039718020e+00,1.505249003214922432e+01,7.581591336785415081e+00,1.428725912163213074e+01,-1.046928746859222592e+01,5.065448326943994495e+00,1.719847661005165662e+01,1.938316688299732693e+00,3.669488267721452868e+00,1.865292756734531920e+01,6.221880941273860266e+00,1.260761101991917599e+00,3.060970603908077958e+00,3.124617366085835179e+00,1.070146190573815304e+01,3.398420024329049660e+00,-1.196360711281630707e+01,1.730084267734402204e+01,3.102974258534237695e+00,7.304414280109608804e+00,8.205718360749244766e+00,9.307826942173981877e+00,-2.495628577306385765e+00,7.666681629525639252e+00,3.274286233930664203e+00,3.519337999367174952e+00,-1.116454592841626514e+01,-1.147809880556475370e+01,6.226910423644433479e+00
3.422739671258001604e+00,8.313996176957342499e+00,5.202488890334347360e+00,1.411488670912494747e+00,1.029417200846019398e+01,-7.245151177567579204e+00,-6.864791459147434605e-01,9.260997629064403824e+00,4.939293561244819664e-01,1.174606999267411034e+01,-9.139239485894400161e+00,2.785737204848564019e-01,4.272571040023381173e+00,2.991999192737445412e+00,5.429284798417610247e+00,5.076582965366009503e+00,3.673040556988170113e+00,1.295072595032763019e+01,-7.138658365247237292e+00,-2.150937988975391679e+00,3.102028072206134635e+00,3.022167650730570032e-01,6.542636693615316190e+00,1.409517619538155841e+01,-3.871008865137314015e+00,1.361949683161044433e+01,-9.008512240312196440e+00,1.954357860306259465e+00,3.099573441584580813e+00,3.276336595360499704e+00,4.231384122775862622e+00,1.519147174763807895e+00,7.190469257453604435e-01,8.512214344179129810e-01,-1.542027288848828448e-01,-1.156715478010941567e+01,2.098706126290142748e+00,4.065913527257945859e+00,-1.112026740250804613e+00,1.103109079328454278e+01,1.246014219232593945e+01,6.345824309784985573e+00,2.214979932960936093e+00,4.051387844555691231e+00,1.425229736034687811e+01,3.676707687874944952e-01,1.461176572450317579e+01,1.266584119466343061e+01,9.565740101460248113e+00,-1.222844449721367521e-01,2.321640045092090432e-01,3.020334336738468295e+00,9.562623743550064948e-01,9.419332389991648569e+00,3.155239686554455858e+00,2.358867576233155461e+00,7.363833633690406444e+00,1.120943285304485570e+01,2.941143590378467176e-01,-5.376034355506544848e-01,6.012962894835792937e+00,-6.941085571511306895e+00,-2.642061544414579188e+00,8.793144983307589868e+00,8.435945775021863824e+00,3.676852109013356795e+00,1.427251390398019026e+01,1.379561085476630033e+01,-7.741588113400643678e-01,6.052952870775543559e+00,-7.367283635317991575e-01,7.190569812054104837e+00,9.407623285865502893e+00,1.835579051278097396e+00,1.459312451111751763e+01,-4.629019881781167634e+00,7.913783120398191429e+00,-8.107481251937212363e+00,7.560537883059081921e-01,1.288516000575238962e+00,-3.637220113549514355e+00,8.160658445756936885e+00,1.589489644808155333e+01,-8.680947972326594098e+00,-9.098074576178727391e-01,-1.478881063626836578e+01,-9.155833064263529941e-01,-5.039591326507810720e-01,-8.237271240791717020e+00,-9.050571617875993624e+00,5.016684815817917809e-01,-1.435152322791412516e+01,-1.314746478063409363e+01,-2.494262508734598871e+00,3.477506082940934995e+00,-2.484371716102836558e+01,5.049687989658935727e+00,9.451551345090978273e-01,6.799963853218062404e+00,2.173030749833253061e+00
2.228816103135869753e+00,6.255264079764247143e+00,3.060187541473245343e+00,-1.441906214798207353e+00,5.093146201091093062e+00,4.856186370296294186e+00,9.494588130715799768e-01,-5.804465066829065378e-01,3.198423120772177608e+00,-1.151794880727288861e+00,-2.100084039691900717e+00,-1.235806739097641049e+00,8.982782325662328482e-01,-2.484831776853974716e+00,7.742822942629725702e+00,6.395755449034884244e+00,2.959522169672245795e+00,-4.600263099869109418e+00,-2.128512548448619590e+00,-2.269873433332061374e+00,1.295256755209709620e+00,4.916899735135509708e+00,6.154200589392717635e-01,5.678698463769199734e+00,2.135143528846703553e+00,-2.903248438491120798e+00,-1.695014726509900260e-01,2.387988636986438262e+00,4.856211817268542674e+00,5.959950751482017139e+00,7.306808656336475138e+00,1.769568464780082007e+00,-1.002752933826695503e-01,1.570699559934529699e-01,2.890191430730608246e+00,-8.580231613145597791e+00,-5.173629145238111127e-01,-6.190491875860499427e+00,1.151914161678946158e+01,4.760125299248141317e+00,8.297965316164097160e+00,-9.663668061606439652e-01,-1.471804099733723170e+00,4.041256597620206392e-01,-1.504399778739646809e+00,-6.989964714524027123e+00,-1.821496945522329103e+00,7.114608618344417046e+00,1.285989206117016170e+00,-2.602946126801634730e+00,8.422419070086968773e+00,4.307780301771304998e+00,2.586906498066387172e+00,2.133955281392893255e+00,2.487760724537072754e+00,3.029804272943211751e-01,1.014207256884629516e+01,7.631464266629989446e+00,3.001790135188038722e+00,-2.469013961532878554e+00,1.314633407373705820e+00,2.378395094220870476e+00,-5.320397553467119955e+00,9.398097014379507286e-01,2.413767956339959664e+00,3.822332673722579788e+00,6.283203518101765361e+00,2.631053592185918610e+00,8.922572870115171861e-01,7.692265323667150767e+00,3.100368166871642739e+00,3.424550794282125832e+00,4.084407215962549742e+00,3.150713190510022077e+00,5.853779666542251903e+00,-5.414436345331150591e-01,6.669239486824852570e+00,4.842136121686459127e+00,-1.705678196052873297e+00,1.661862700144438154e+00,5.264490437494949049e+00,5.922354989430464123e+00,-1.634134113607239591e+00,-1.081180795122855809e+00,2.468423634669070221e+00,3.185459911716009618e+00,-2.763384392475254359e-03,-1.927902705377091852e+00,3.226884156049024677e-01,3.987085171712392295e+00,2.184429118957965876e+00,6.028029722363886123e+00,1.492089226702351779e+00,-2.914653583416844107e-01,8.628285923790296463e-01,-5.039301913021732027e-01,6.695288015705193274e+00,7.783383852630834099e-01,-3.233826350565746743e+00,1.804325353111098318e+00
-1.793856852576788397e+00,-1.951563892222043251e+01,2.571689407806135197e+00,2.349439781899334001e+00,-3.244475532433817477e+00,4.588065579259431814e+00,5.018449443641864960e+00,1.832696746775203422e+01,4.041921880858660443e-01,-3.576894541496134394e+00,2.324412155898248500e+01,2.512506530089223489e+01,5.637789930121347659e+00,2.844351924417042454e+01,-1.917247802506989274e+01,4.311072965850029526e+00,6.480234891615853421e+00,2.328397833574162945e+01,2.270555763302793650e+01,4.236423759481875440e-01,2.933551306793755753e+00,3.730334501874467801e+00,4.414902472952936918e+00,-1.313015489859984442e+01,2.921810693465280551e+00,2.572333857810937019e+01,1.405816514041529608e+01,3.929644733439044746e+00,4.057190730781467636e+00,3.941466033871358299e+00,2.735595665747253769e+00,2.337404156224650809e+00,5.801274672637460661e+00,3.155216200321251385e+00,6.286503285085547788e+00,4.516435625148221789e+01,6.427439570529223545e+00,3.290324431122733273e+01,-5.126842515089682362e-01,-1.001415958368825443e+01,-3.417472608762400199e+01,2.316557040197837036e+00,3.898886227528760351e+00,2.616375407011700460e+00,-8.437619828104597985e+00,2.654599035906672455e+01,-9.616381961920534849e+00,-2.246462624203116931e+00,-1.069385707807235164e+01,2.952527079914891051e+00,-2.403072795626954061e+01,5.304417342498228827e+00,5.065420268384395186e+00,-1.143219789968216382e+01,1.080609913838970870e+00,3.137399470226570397e+00,-2.131094831432201175e+01,-8.274444993834762840e+00,-5.205526749246718321e-01,2.267516963984868461e+00,8.172713322394137947e+00,1.787337638506833315e+01,2.766281060753428278e+01,-7.024481816458258976e+00,6.995782356622767928e+00,6.545983001911922727e+00,-1.062875224910387928e+01,-6.029915519409473568e+00,2.376855143163238981e+00,-2.509909872813368992e+01,7.398016589728688253e+00,3.199325289395479111e+00,-1.128623246277464887e+01,-8.970699691273225085e+00,-7.624455997997618084e+00,2.660003626955426625e+01,-1.256883351154143469e+01,1.268459936428139301e+01,4.394244580759294472e-01,7.190710151711562581e+00,-1.593960519428383460e-01,-9.189724467970247446e+00,-3.937813815942567075e+00,1.447106567729983873e+01,2.825935885150887117e+00,1.116718204255289493e+01,3.510911543881425789e+00,2.690662815279837616e+01,2.235205881192007471e+00,2.095020074254625886e+00,3.442786466982708848e+00,1.988917898434104359e+01,1.181071245528621283e+01,6.631811405486503830e+00,3.799894139502596691e+00,2.947935440801046880e+01,3.624055202347211235e+00,2.732543407075933217e+01,1.856442314695851792e+01,3.006272831034685122e+00
-5.016692371782196957e+00,-1.266135577191590933e+01,-1.123131180108937599e+01,-1.407414073033280477e+00,-3.786456737419237051e+00,-2.499864758115043628e+01,1.541909391004075314e+00,-5.897650291558358404e+00,1.084134436628733322e+00,-8.796814085562083552e-01,1.477391978368186187e+01,8.519381077650535872e+00,-1.527865801504713295e+00,6.532267008624903504e+00,-1.553215565802526399e+01,-4.126879024421329589e+00,-8.884014488583236613e+00,9.291591647457686065e+00,3.390887042056551337e+00,3.540132589790960793e+00,-6.369518201202568619e+00,-1.502200621070623354e+00,-4.872075405810496918e+00,1.872437307167638565e+00,-5.217910800680006567e+00,1.145792798630645493e+01,1.668088425100378203e+01,2.191976919050926398e-01,7.270400016082368744e+00,-1.015792050050986361e+01,-6.074680436626814561e+00,-4.026124805741177148e+00,-4.979756088406418257e+00,-5.360809847780579673e+00,-7.459435662285262225e+00,1.011083534750819979e+01,2.668749510019559512e+00,1.407390480237561725e+01,-8.377523758659449982e+00,-2.160614085811678464e+01,-2.234799673616659277e+01,4.762647522144350276e+00,3.598051799803887008e+00,1.924289807227529181e+00,2.551142056898813681e+00,6.459334244424717042e-01,-1.526252370276054648e+00,-3.630619869774218245e+00,-1.333502133199505835e+01,-5.118288672813999796e+00,-1.533354540878303673e+01,-4.829536773640063174e+00,-4.837840814761708685e+00,-1.805418793647800157e+01,-7.174805973275400817e+00,3.029128136977349950e+00,-1.229413247610353643e+01,-1.606452367958511118e+01,-1.975438785954448662e+00,-6.706264958692259803e+00,-1.061177094044043479e+01,5.705366815900780431e+00,1.267700444628908230e+01,3.832220491319204392e+00,2.127587861527819868e-01,-3.459691455290604623e+00,1.536679507566826253e+00,-1.666940708542612981e+01,-5.289232345470857410e+00,-1.396520539342689560e+01,3.062958279354980107e+00,-5.851082563617659105e+00,-1.518883395703579531e+01,-1.409702832482888191e+01,-2.257285545469811439e+01,5.891674264532330341e+00,-1.278183987393119914e+01,-4.948652734832736932e+00,-7.508197262480209133e+00,-6.106006218666014007e+00,-2.414172153136498267e+01,-2.760815026391641425e+01,2.243756978648336897e+00,9.474228604672434884e+00,-7.046315093076695568e+00,-4.064242571944277849e+00,1.727904790201990615e-01,7.173269381169289360e+00,-1.546930425111957419e+01,-1.367378000312499786e+00,1.004773943005434766e+00,-5.308134690316718363e+00,-6.366699676512944883e+00,-1.856390438490573835e+00,-4.726373965202008698e+00,4.197090674235131935e+00,-1.670647304489570883e-01,8.055019322662774428e+00,-4.060089100403900808e+00,-2.694870056687038939e+00
-8.489015140922376190e+00,-5.123955502692896680e+00,-4.515350325917152574e+00,-5.159833491051649901e+00,-4.124394667532298442e-01,-1.667563609163206806e+01,-1.322956843769415691e+00,-1.320139545239560874e+01,-1.000617665337263240e+01,-1.501507357422243061e+00,-1.593449181343013166e+00,-2.709388605505799852e+00,-7.259082853565923088e+00,-1.592513445776971404e+00,-3.524541109721440524e+00,-3.733481838149133480e+00,-5.397444829579734815e+00,1.376894761764300590e+00,-1.694699293725281164e+00,-4.856913939623766829e+00,-4.639569967379164162e+00,-9.569535519131967760e+00,-6.231786556344339090e+00,7.069826297668104331e+00,-4.475460279234864114e-01,3.650741864594494679e+00,-4.247486270248591822e+00,-7.702356460879751232e+00,-6.879307822416444118e+00,-6.639993506777230436e+00,-3.920682964881335053e+00,-7.736315778415401745e+00,-9.320492800331139804e+00,2.230903088232087939e-01,-3.313154259057253803e+00,-8.245934391106782613e+00,-8.627414721312952395e+00,-3.071902779509566805e+00,-8.391055321673537293e+00,-8.684622981994419177e+00,-8.788479755726795517e+00,-7.440892258101381884e+00,-1.196868854038733776e+00,-6.875463640747319971e+00,3.072276154540349413e+00,-3.879551523807642344e+00,-2.744550314197624630e-03,-2.110601907315782455e+00,-5.071583751518245364e+00,-5.330188784500058397e+00,-4.289921107826806690e+00,-4.271789393604255913e+00,-6.266202312722890966e+00,-1.075677749141855877e+01,-3.220294288396218452e+00,-3.915344322167237490e+00,-4.501782825034278623e+00,-4.693558514349002841e+00,-3.471493144721583324e+00,-3.426593722645989715e+00,-2.172855562639128379e+00,3.404187881867191567e+00,-1.186631241021303396e+01,8.178805652159581996e-02,-2.829375292947128084e+00,-7.006750616495863504e+00,2.546635713923974365e+00,-6.323694770881394867e+00,-5.666520394556144424e+00,-4.151719869998133916e+00,-6.746908618171979732e+00,-6.063889818167325529e+00,-8.105242762962461711e+00,-6.253257586672633650e+00,-1.091505997145540263e+01,-6.904584131968776184e+00,-7.676530151542685587e+00,-1.233197760697554557e+01,-3.858771384077237521e+00,-7.049831167889213823e+00,-1.680358296012142105e+01,-7.830305389085175705e+00,5.500797386983258264e-02,-6.281368486319205857e+00,-4.968605241101347048e+00,-8.885176512014743011e+00,-4.959678767493081786e+00,-9.533914843604943457e+00,-1.232181313700100311e+01,-9.973137273956883320e+00,-3.754089393186983870e+00,-1.148128469973340415e+01,-1.045648526568437298e+01,-1.890917352570029797e+00,-5.154828143302331966e+00,-6.022101935421133589e+00,-6.112796026857767906e+00,-6.864911847778471632e+00,-5.176366001264677941e+00,-7.639666843813472497e+00
-3.691343984018554458e+00,1.435882677864224188e-01,6.770450385908326485e-01,3.841189292812949407e+00,8.521890339764203404e+00,-2.394379305334006602e+01,-1.124304850409120204e+00,1.330234777916553535e+00,1.952423634209445868e+00,1.396198101737658526e+01,-5.703447070253844231e+00,-8.924546485775883831e-01,1.547489877890532384e+00,-6.324122902290339354e+00,2.086880225923442467e+00,-2.676925471615692498e+00,-4.252955766021469408e+00,1.177659900327486397e+01,-4.972032092487872035e+00,7.564821290097292206e+00,2.391673945142058777e+00,-8.599415873937843457e-01,-4.832747069418830144e+00,1.670610592576015208e+01,-6.768938677177881447e-01,1.292049613060509827e+01,-6.447913757396653622e+00,-1.167922349407320537e+00,-6.472526097741228668e+00,-2.785794020750939071e-01,-3.967731316372678840e+00,-9.361627890521074136e+00,-5.325782431923532734e+00,-9.938763480786911853e-01,2.854211775095240711e+00,-1.286403163403901928e+01,-3.422578463714953223e+00,9.669600225016530270e-01,-3.718701181355379415e+00,-9.568049693022320223e-01,-3.796700537799642117e+00,-6.850668403878830581e+00,-5.990752906919077247e+00,-3.953859335507397432e+00,1.401723569535104374e+01,-1.232290205891928281e+00,2.197114641710226834e+01,1.238926631039377391e+01,1.316743261643867680e+00,1.130976267045995520e-01,-3.027218086393227203e+00,4.034184415400744683e+00,-9.106904832284843376e-01,-6.212987509958172616e+00,-4.629456937169043940e+00,-2.940326224576241820e+00,-1.759845411894071621e+00,-3.100956841710029721e+00,-3.243340500260383230e+00,1.080599401195345699e-01,4.337769452510261914e+00,2.053103506375501652e+00,2.134479867442906631e+00,1.150066216590529855e+01,-7.008971170099247416e+00,-3.707416957557892800e+00,1.291920158535959118e+01,-5.086462159019976781e+00,4.029938154726989907e+00,-1.680269877940965273e+00,-5.039367018155657796e+00,4.079773576054948059e+00,-1.590149462922347823e-01,-9.443767336741633045e+00,-2.502142598164986964e+00,-9.619178775875995013e-01,-1.518481378094316048e+00,-1.351485168027607742e+01,-2.648319345387978307e-01,-2.176251656489338604e+00,-2.377143783424660128e+01,-1.820824982827873528e+00,1.557868260151799866e+01,4.228277723518368170e+00,3.268829059419892769e+00,-1.305683473306376818e+01,-3.884183891070660977e+00,-7.834739722642429349e+00,-1.120498129995024605e+01,-1.849084655674993583e+00,1.625917026080524463e+00,-1.434283681778437725e+01,-1.819490256535059558e+01,-3.142713864576743621e+00,-1.307858272170697722e+00,-1.187795889498939594e+01,-3.243385491065470916e+00,4.520819600829844020e+00,5.936443628303552877e+00,-1.161973616381446472e+00
4.726239778158225491e+00,1.040772399113501834e+01,-4.085884260920545685e+00,7.860225601236385806e-01,-2.696451806735584711e-01,-3.101746986662560879e+00,-6.055715830780434850e+00,-1.330693546936271510e+01,-2.771715571088482655e+00,4.945124789264456311e+00,5.524553268255312233e+00,-1.435760947530020104e+01,-1.007045505039126265e+00,-7.653397258075488985e+00,8.700936397537597955e+00,4.022934222095458701e+00,-8.060973621499996078e-01,-7.559920056998961968e+00,4.544448908356004679e+00,-4.263924108790964063e+00,1.766653115988014777e+00,5.170338558799699946e+00,2.393352098413059625e-01,6.177457071229206509e-01,1.638028910487710377e+00,-5.860960258611189744e+00,7.356035923825180234e+00,-3.993235166470426201e+00,-3.280465814267171432e+00,-3.187767707795083894e+00,1.643640835848725890e-01,6.140430298816497157e+00,-9.136441674962525461e-02,-5.569391711550173429e-01,3.077209784850589713e-01,-1.726363435564527293e+01,-3.738000243367512354e+00,-1.423980665964228542e+01,-4.351616637928600539e+00,-5.039373340286029901e+00,6.476423951563440085e+00,7.257461508667142347e-01,-2.386646380032254822e+00,1.503185601544733130e-01,-3.254547596557503808e-01,-7.508882376219554011e+00,-1.875311759660525102e-01,-3.098212305730741356e+00,-5.757423061946001397e+00,5.388073949589084144e+00,1.412288179145932077e+01,-4.251555663354833037e+00,-1.457367488897567620e+00,-2.323409660868863913e+00,-2.019167784141940314e-01,-9.458827433024300513e-01,9.178125637403947934e+00,-6.045511118695779729e+00,1.907903698112121127e-01,-1.774844784054525837e+00,1.322497167681973451e+00,-1.280370899592861544e+00,-1.591724721132051279e+01,9.324604964934541940e+00,-1.316884918487879919e+00,-2.537244959995984317e+00,2.429250150240475747e+00,-2.841995927091952368e+00,-3.204362394195929387e+00,1.229632284101189477e+01,2.942825278765647923e+00,-3.425091230831764477e+00,-5.929083824892298793e+00,-1.383822569673580860e+00,-3.801614300484009057e+00,-1.020246422690182087e+01,-6.282592873334110095e+00,8.709756175617708873e-01,-1.137249963823160126e+00,4.430652208714302986e+00,-8.034173679529896361e+00,-4.790996280192230117e+00,1.661599809827484897e+00,-4.051677190328391021e-01,-6.619726101027447740e-01,-3.517662746878393421e+00,-3.726154384465449887e+00,-1.098806878594942482e+01,-6.898477314994219789e+00,-1.703966901143972423e+00,-2.061825070300164153e+00,-2.341584615545285963e+00,-2.673994674063309596e+00,2.101747556665173988e+00,-3.180074186451073093e+00,-1.836626139211998021e+00,-1.749254389505948470e+00,-1.627834909350082171e+01,-1.909636100653649038e+01,2.094389925556078502e+00
5.211059114373719492e-01,-1.821557955504022885e+01,5.848853186248605951e-01,5.896935688887397831e+00,3.038013277328395212e+00,-1.457889043091892489e+01,3.768158000748363712e+00,1.496797907558226015e+01,5.474801603648696613e+00,1.076302305333484632e+01,1.386710091751603002e+01,2.580597541237851900e+01,2.950366022947629840e+00,2.463999315823812353e+01,-2.171635945339361840e+01,4.678880964577827317e-01,8.696429947361234980e-01,3.075785576709336766e+01,9.488062914461977471e+00,7.130299082043543457e+00,6.410241942193598774e+00,-4.275384821791621270e+00,-4.360045205999297124e+00,4.582501821427891642e+00,-1.532011873095071586e-01,3.422490192402216280e+01,1.124089774467890024e+01,7.155789684168397891e+00,8.330150154370441484e-01,1.008275829472327967e+00,-1.691075509202466742e+00,-4.993140722906021622e+00,-1.401409950394386206e+00,-1.751000058175202323e+00,9.562570042297329209e-01,2.161437572721374423e+01,1.690544174294715596e+00,2.456220120032291376e+01,-2.916058715580684968e+00,-9.678875427604086923e+00,-2.975731732053204937e+01,3.302551318816202119e+00,-1.429701859924089158e+00,5.001232612924510157e+00,9.464312360772805022e+00,1.830280151684204881e+01,9.365616362439148190e+00,8.363303180276524529e-01,-7.499557546843814038e+00,2.189858660342534513e+00,-2.443367199219459707e+01,-1.403829159458668041e+00,7.023615877582960465e+00,-1.059749162168814252e+01,-1.556219928942086161e+00,4.036800203642294527e+00,-2.177168541506059540e+01,-6.041555145808964689e+00,2.464524214304091299e+00,1.451919328993378500e-02,2.048871943512285299e+00,5.978124436463027713e+00,2.419456286971271197e+01,7.477418516233479195e+00,4.870200942141059697e-01,1.397910902531665833e+00,8.028860078188886362e+00,-1.350492028668323385e+01,2.441787943204063449e+00,-2.567946906792052530e+01,3.154287412919603462e+00,-1.224265809312256703e+00,-5.129628780924365472e+00,-6.722479700349724752e+00,-7.706859763490504278e+00,2.202097096904473972e+01,-8.462085345182009277e+00,-5.018841555626968542e+00,-3.913448367451585419e+00,-5.455796632119807477e+00,-1.603950903823130503e+01,-1.514933513548051280e+01,8.160118770105688313e+00,1.060653296877993057e+01,1.804843167853287689e+00,-5.671278075174390310e+00,3.601704292633673532e+00,1.939455014691349177e+01,-7.307214848157705944e+00,-3.802182977685598431e+00,4.738548737449736592e+00,-4.138065180673059729e+00,-9.794064672205234245e+00,9.034708248473810599e-02,5.160696425619228922e-01,3.534337067593809500e+00,2.514884654054543311e+00,2.259731777679714071e+01,1.831477912768434990e+01,1.180903203519765965e+00
-2.403419870886160048e+00,2.293843076227661015e+01,6.076009069125284157e+00,3.446143992619016938e+00,3.939975545718743977e+00,-1.033113354129106654e+01,-5.260048685517100253e+00,-2.075991891308508386e+01,-9.903912361013199606e-01,3.896560976027613421e+00,3.641689366366413161e+00,-1.933980116070854649e+01,-1.382106390848010236e+00,-1.467844923410366142e+01,1.555390225830129225e+01,3.464668405514948368e+00,-8.847703665936619277e-01,-1.850417978188412960e+01,2.409366753674904604e+00,1.966145434742980092e+00,-2.423230514740635222e+00,1.309741539973534319e-02,-6.057701877327585471e+00,3.005449375890010266e-01,-7.647929386541667540e-01,-2.091617347604168842e+01,9.859423294032998442e-02,-7.073927534711953236e+00,-1.528326353197954068e-01,1.655984283472427543e-01,-1.649726194646849164e-01,1.349854189354947387e+00,-5.150836536234788099e+00,-5.647254019463725960e+00,3.190725471542036118e+00,-2.786101157009773388e+01,-6.845357251452981462e-01,-2.303888094084572202e+01,-3.377896893445387239e+00,-6.878570775839175866e+00,1.427818927092057599e+01,2.493372462847839532e+00,4.302732523096794104e+00,5.706819257244353238e-01,5.542098247717479609e+00,-1.848244262301440699e+01,-1.281001423024305197e+00,6.340084542783191779e+00,-1.704605523798574662e+00,-1.078076300739484683e+00,1.847328136077990379e+01,3.747831207541298948e-01,-3.710594033444889472e+00,-2.760306063735897375e+00,3.170363367593269643e-01,5.365003915396787670e-01,1.550579449507606000e+01,-7.073669255102187137e+00,6.769466671468007402e-01,9.608727512189646491e-01,-4.104467130966168220e+00,2.239342344526201067e+00,-2.315947484460265926e+01,3.322154246465269800e-02,-6.906028992088693030e-01,1.828850416100260112e+00,8.014938668873899275e+00,-9.013203819789827875e-02,9.143734600485611264e-01,1.969525440358099644e+01,-4.089606597372497987e+00,-1.379754490124698307e-01,-5.008410071068163383e+00,1.363515720593704295e+00,-8.728960455123762063e-01,-1.825858560570348033e+01,-2.630348466124608375e+00,-5.545945015554855750e+00,-3.781486621851941177e+00,3.681232485319879677e-01,-3.319884476782099192e+00,-7.439510219481320519e+00,4.807920443501011221e+00,1.785988132686128438e+00,2.338123258435991669e+00,-3.261947149752303599e+00,3.868276475907682421e+00,-1.980883190691701401e+01,-8.332588017573463901e+00,4.995535836842893707e-01,-3.572124884532900668e-01,-4.591054373867414995e+00,-4.771252692060731881e+00,2.631547265668064739e+00,-9.041256777814423717e-01,3.041825517659455080e+00,-2.674065613175932166e-01,-1.811136694192212104e+01,-2.434221875810282398e+01,6.980990845983736648e-01
-1.497090943690792653e+00,-1.927043642934719969e+00,-1.609478298541902719e+00,1.236565416914819915e+00,-3.816426733487563450e+00,-3.955699120572359728e+00,-3.567978859325029894e+00,-1.223501885243919673e+00,-7.063623648190765714e+00,2.031932716945587636e+00,-7.394350285533672462e+00,-2.704672659445667815e+00,-1.611843285973162621e+00,-1.758350001832843734e+00,-3.103137128769966058e+00,2.577137651872082547e+00,-3.906998243419352423e+00,1.376847579854764803e+00,-6.329296703118805212e+00,-5.842531295483311737e+00,-5.054826548819218779e+00,-3.438826969517672971e+00,-1.024624031160749293e+00,1.294392750904618250e+00,-4.982345193337351041e+00,-4.299054332452634242e-01,-5.775104121117716538e+00,-2.192142646118454330e+00,-2.931725856526686158e+00,-7.140793864875945474e+00,-8.398795991529933502e+00,-2.094305250213106095e+00,-4.548332700700079556e+00,-2.427014321908645966e-01,-3.328002812725948445e+00,-8.113787953336304426e+00,-1.368910307802677195e+00,-4.978259959683142277e+00,-4.307619197018123458e+00,2.295308479066322960e+00,1.795979826127524603e+00,-5.026990019154967904e+00,-5.438954473176647930e+00,7.904922209257898569e-01,2.351851519761471110e+00,-1.047199379556653476e+01,4.936124924167434536e+00,-3.195418553858520472e+00,2.342876999793177095e+00,1.097534270701989945e+00,-7.196874556031644055e+00,-2.045580945229414027e+00,-4.699311420441494747e+00,3.452086719375832224e+00,-2.826145526699084698e+00,-2.768031486665232244e+00,-6.598679939710583753e+00,-1.926892051507584913e+00,-5.724926991942998811e+00,-4.824034919065990579e+00,-1.084946626263285641e-01,-6.851842085875675892e+00,8.317920552427801595e-02,7.092586568855430151e-01,-3.278034558384087749e+00,-6.002112126193323682e+00,-2.788616810845940819e-01,1.197108499547079319e-01,-4.785290992246205022e-02,-1.860499767906732771e+00,-2.969970200213470690e+00,-3.702329570785765078e+00,-1.287880370155438658e+00,-2.289381192874210491e+00,-4.161887290524363792e+00,-4.059732248657771159e+00,4.548957072162300719e-01,-3.921897878464469134e+00,-6.062364297883098274e+00,-6.950780433643810596e+00,-6.973826956781155051e-01,-2.209509370986765031e+00,4.392268412667812427e+00,-4.558811253046108014e+00,-8.008498430905138576e+00,-2.888005773416340460e+00,-2.525693218771401849e+00,-3.809361477878224544e+00,-2.988884249683830596e+00,-4.847470119313509684e+00,-1.797086335549452352e-01,-6.318395058776595796e+00,-4.952194962174198523e+00,2.843221842319713755e+00,6.307333568729931450e-01,-5.390192470671343550e+00,-1.870133131429464024e+00,-7.452139894741095283e+00,-3.840560340661869354e+00,-2.765850778094649076e+00
-5.409225741556308975e+00,-1.035177591910784756e+01,-7.944220741880895886e+00,-1.951151834257555784e+00,-6.392293202340848524e-02,1.017072402415697319e+01,-1.909322665224926663e+00,1.551080683565281326e+01,-5.013031448283028269e+00,1.670533528915973065e+00,-1.008469169110251151e+01,3.135182840811752580e+00,-1.968337129008235209e-01,9.624680440745395416e+00,-8.262889574949824123e+00,-7.556140491062013353e+00,-3.398706897233406909e+00,6.250478444629959718e+00,-1.845045056550060281e+01,-2.969366004711925910e+00,-3.020373958641369150e+00,-4.780377648659932532e+00,4.625552682759257905e+00,-3.837676261606937089e+00,-7.956722616984773566e+00,7.871225362648761603e+00,-1.014581403681320992e+01,9.016570962491451402e-01,4.221278158223084276e+00,-3.554431978862801600e+00,-3.563931181695343398e+00,-2.026884167301573836e+00,3.109410072320587304e+00,-2.129122883543864919e+00,-2.591879077923680441e+00,6.429233604731188656e+00,-4.404994650542622736e+00,4.626221389037450393e-01,-4.824609361480580727e-01,1.180744248995699586e+01,-4.606621338604533378e+00,3.165534964800327256e-01,-2.293498065546458520e+00,-1.247963220055076539e+00,-3.344266077050752628e-01,6.756279427520295755e+00,-2.132397619744061945e+00,-2.213130548458448477e+00,5.365866577789120129e+00,-1.643590151969804403e+00,-1.099151184231860512e+01,2.406771305478194733e+00,4.525822894135212771e+00,1.109268273205507427e+01,-3.846928058838451348e-01,1.173725194573056685e+00,-1.070054501024593208e+01,8.957292551738904152e+00,3.943089968903463749e-01,-2.755996430534422004e+00,-6.190795972212660425e-01,-1.049975246593049327e+01,4.576890745091934498e+00,1.140139555750271150e+00,-2.386741718767256160e+00,-5.887881392925537583e+00,1.275399947498055742e+00,1.284446861817687768e+01,-3.395236421652307879e-01,-9.112183031608941164e+00,4.002631260840947114e+00,-2.533527333008714244e+00,9.196045860539562966e+00,1.081442693440678937e+01,8.005270304215830635e+00,1.486208674222339710e+00,1.021690226255111611e+01,-1.457900955481529759e-01,-4.059943799512033991e+00,-5.417010888864385976e+00,6.250646355044441549e+00,9.887441813085320774e+00,9.179978483178132809e-01,-7.977920081513904194e+00,-6.255928514572514310e+00,-1.123905533269971002e+00,-1.511016496963390354e+00,4.669568373421714824e+00,6.750376633336284016e+00,-1.014944818659082593e-01,5.267627510002986568e+00,-3.747662412034436841e+00,-2.263536108233665800e-02,-4.126285037299338931e+00,-5.694787492349609792e+00,-2.043701665635698816e+01,-3.201521578384407096e+00,6.907395299982049153e+00,1.389746808798520306e+01,-1.735630392529445620e+00
-2.024577052431167701e+00,-1.728979590298954250e+01,-2.085800367947714840e+00,2.134565439656734398e+00,3.340951677360005867e+00,-1.660315355509389690e+01,-3.313734502401871396e+00,1.325421473975869802e+01,-5.371555315985213630e-01,-4.384892995141958849e+00,5.047354435417978458e+00,2.108090029220346651e+01,-8.676307858253846650e-01,1.826799958805257518e+01,-1.852801282087198587e+01,-5.241514321517112052e+00,-2.890770435875636757e+00,1.815389763228383657e+01,1.849181851779859276e+00,-1.821189551689335939e+00,-5.393472036412237713e+00,2.735287253637762372e+00,-3.101794014426395130e+00,7.144167138668535699e-01,-4.719512792254975331e+00,2.110463518396008453e+01,2.914505388929628626e+00,-6.810414608046633234e-01,-2.735221664905597372e+00,-2.230984561828597279e+00,-3.899663394520586746e+00,-2.314006061069767473e+00,-2.726787659387162943e+00,2.770549272353828307e-01,-3.612724946179040053e+00,1.780658969322353613e+01,1.406244403952344513e+00,1.554434294554250684e+01,-4.670099020657754174e+00,-8.305553838356225071e+00,-2.357123358871955432e+01,3.386021879347180352e+00,-2.917419801788217804e+00,-5.123764378385464724e-02,5.069763558592403463e+00,1.668640070640826423e+01,2.108399548396296730e+00,7.016312257148964449e-01,-4.886959456466925644e+00,-4.618542188717296604e+00,-2.436905836479074239e+01,-9.302790505529361376e-01,-7.948598637260583466e+00,-8.363056623963046832e+00,-2.065928841874667743e+00,1.366942688214767498e+00,-1.872820845723668981e+01,-3.911828217259517793e+00,1.275779490798116367e+00,-1.732606015890935547e+00,-1.507953026691348120e+00,2.207171468341623033e+00,1.706855024819228461e+01,1.401586588799033972e+00,-1.407865710640927581e+00,-2.136332029535809696e+00,-5.607611946779975653e-01,-8.371159498895124784e+00,-4.873523875274395900e-01,-2.409128671358183027e+01,-4.480652360277755264e+00,-8.682188062750105795e-01,-7.510113243698565810e+00,-9.183688903251923108e+00,-7.699299297470814984e+00,1.449272047961987120e+01,-3.989342356873175621e+00,-7.373282023328364687e+00,-1.373694000225449763e+01,-6.639031411645403224e+00,-1.341876329317005911e+01,-9.400422235212692712e+00,7.600854642316302368e+00,4.813239987639954975e+00,-5.700471441632627645e+00,-7.580101836955826400e+00,1.163267459992524677e-01,1.188237664524659110e+01,-9.967227557141377758e+00,-5.294630531079068447e+00,-4.218724318148467489e+00,-5.849894650106311822e+00,-9.930360174486185798e+00,-4.564877501147535099e+00,-1.575795845560706177e+00,-1.064300054425343228e-01,-8.303982538508652977e-01,1.217048645041083077e+01,1.192816285784435060e+01,-1.999891706844791894e+00
-2.070141061119787462e+00,8.957827583810395566e+00,4.622892534931441588e+00,2.460792671240045859e+00,-1.045770499995630232e+01,2.312995526908160215e+01,-1.371685377625981195e+00,-1.249285927208123370e+00,-4.548944635495664635e+00,-1.213255633810241285e+01,-1.682177145388980222e+01,-9.506383306598578997e+00,3.730078336413987117e+00,-1.513205223917247721e+01,1.489021784773589907e+01,6.848319655581708076e+00,3.098393173456579941e+00,-2.360861889692308324e+01,-1.536962844144917995e+01,-1.859289178749495175e+00,8.026027691455623891e-01,-1.664967653365933886e+00,-1.578851560536296050e+00,-9.428928834649312307e+00,1.771982908090999231e+00,-2.482692532805501884e+01,-1.974080884209065090e+01,-3.126459442754906171e+00,2.948673156137342932e+00,4.163714688443684864e+00,5.057115775786042988e-01,-6.379616679879795527e+00,-2.203508479329203684e+00,2.691705018789761539e+00,5.082633344058258729e+00,-3.989362077131819895e+00,-4.061662516808284273e-02,-1.379545330673482617e+01,-5.473342864887925430e+00,1.213446962072695001e+01,2.772968507966245255e+01,-1.770744689403495276e+00,2.416213122587815842e+00,-1.640733841933520676e+00,-7.071902789938143030e+00,-1.326118905574409190e+01,-1.077313071584358362e+01,-1.240160719102953912e+01,1.790320292890945808e+01,-3.825447516986056229e+00,1.611794162294503963e+01,-2.164523027254992016e+00,-4.732316208908338151e-02,1.109638176811448851e+01,4.924564892221139356e-02,3.208918279196798728e+00,1.636992474121039720e+01,8.910519371727605886e+00,-7.468453612146463971e-01,4.984628874876030347e-01,4.154786360829203495e-01,-1.523084964143690456e+01,-1.534420857944603434e+01,-1.371401383608312941e+01,-2.598065522412051909e+00,3.422237210182960121e-01,-9.405274356796871515e+00,1.093093872470669936e+01,1.130960351833190325e+00,1.283230406494509523e+01,-3.937582915395110295e+00,6.063457910351433000e-02,1.058448498483674705e+01,1.489334813524611256e+01,9.660077783350104141e+00,-1.033343146103174348e+01,1.112056035328899206e+01,7.310592148604342810e+00,5.141468137443247599e+00,1.395240590937332215e+00,2.538282425980789370e+01,1.820936204641598266e+01,-6.257589532311831348e+00,-9.158553587714042266e+00,4.537969729947111119e+00,1.417740174456254110e+01,8.609549383820137569e-01,-1.864899258222030198e+01,2.622046975816853731e+01,6.974738695791727894e-01,-9.677334607143761591e-01,1.056194703452027817e+01,1.930260168973857660e+01,-1.758808634388346892e-01,4.939684145370351054e-01,4.298429931645042501e+00,-2.680679656437280123e+00,-1.164619058789721961e+01,2.411293958619936006e+00,-2.814974397653886129e+00
2.978795480970098275e+00,3.047168387116747645e+00,4.316038682308217744e+00,-1.431375726722184494e+00,7.633474002676739367e+00,1.496769954984518591e+01,-1.272738447172691911e+00,1.223367284365462915e+01,2.323767479560272520e+00,3.220631857388797759e+00,1.843333970466169092e+00,7.415552623378850683e+00,4.994384146197541341e+00,1.068498479916936361e+01,3.429175861186303464e+00,2.743832724398820755e+00,7.319283370923434617e+00,2.684230973712039781e+00,6.037765394360452120e+00,7.113668985792541477e+00,4.493539519024256634e+00,2.337863015308795145e+00,9.792547953039573372e+00,-8.525056135558375381e-01,6.742470385163501945e+00,4.469947802165842532e+00,4.294607225032017972e+00,3.809064100892812998e+00,5.167137349992010797e+00,1.321724025535083280e+00,6.463101837943323602e+00,1.043371121628950604e+01,1.395881419309860760e+01,3.279589479826049203e+00,9.931008927132914721e+00,8.271795151842608718e+00,7.164040588390260034e+00,1.050077741250995800e+01,9.365095117978103900e+00,4.559835766401187485e+00,-2.869701203033386161e+00,2.828422605208023466e+00,4.488136403572816846e+00,-3.897095345229502072e-01,-1.810086220725551698e+00,8.074959196318943100e+00,-9.537288428088741554e-01,3.883321136639166227e-01,3.658414098526352465e+00,6.345269546020304574e-01,6.089006681919220121e+00,3.602828427014716173e+00,2.459675312934684666e+00,1.187504121539935298e+01,8.440202923722397443e+00,7.516896395658244856e+00,9.736216943384690126e-02,7.577195147258267482e+00,7.591782879097690895e+00,2.301054983784773800e+00,1.451630252692878820e+00,6.487557777653028879e+00,4.822535786950677306e+00,4.962843737377930609e+00,1.314150977683832711e+00,4.432174765192960386e+00,1.590490989125501686e+00,5.096325200711652847e+00,4.751815363005862380e-01,1.205949854644218444e+00,1.464459458836674699e+01,1.817715605155764358e+00,1.087139594933050546e+01,7.734823651702271263e+00,5.456732529304332502e+00,7.988602794620421221e+00,4.766412819923079525e+00,6.922755804497333187e+00,7.310289413700489014e+00,2.288125238023364538e+00,7.708634582766960008e+00,1.002186620406915907e+01,-4.925962011409975361e+00,3.385434484382443987e+00,1.098627764933194939e+01,7.299605343345525021e+00,1.410174112575860006e+00,1.340030117001307453e+01,5.804009475648667760e+00,7.661984748522760569e+00,6.879629256039988761e+00,8.475789259848500734e+00,6.047785688459628162e+00,2.732863945423455121e+00,2.346752229698913617e+00,1.397585240448842026e+00,1.469975619514401366e+00,9.013299440521137740e+00,4.024880158523783003e+00,8.518700668247413788e+00
-1.635036826480708250e+00,-5.617071212161656391e+00,2.915666209837495693e+00,2.845907716125815057e-01,2.239313870147748631e+00,1.010370274003586744e+01,-4.256112184790909581e+00,6.621497096649557434e+00,-5.625939065182982146e-01,1.155221355806847594e+00,-2.260829378212232399e+00,2.864442192018453959e+00,-1.934420787112738349e+00,3.564027527958952390e+00,-2.639000065390221916e+00,-2.959319536515002458e+00,2.210622648806132240e+00,-2.430839371239141400e+00,2.327035087377987921e+00,-3.242452039388448615e+00,6.788875725461350541e+00,2.151616899441186170e+00,5.438393676557842227e+00,1.073523302481631525e-01,3.272633472663001086e+00,-4.748954621441315638e+00,-4.123011377825383406e+00,-2.833080090718936184e+00,-6.617723341041084950e+00,9.901402174538659340e-01,-9.952026408404854863e-01,5.999662858345159444e-01,-1.845524572143861342e+00,2.052548712510542828e+00,-2.643258738363757576e+00,2.426263714308817931e+00,2.551550135940222619e-01,-1.669668739827296466e+00,3.930168291050821772e-01,-1.751567121340504407e+00,-5.433464669604037844e-01,-4.751168148368312139e-01,-9.594071120291898236e-01,-1.606637076539999098e+00,-3.259371579423333110e+00,-1.515022474366971128e+00,-9.017101672760841069e-01,-3.576751729091874221e+00,5.168835407861659625e+00,4.542548010909998268e+00,-2.363715734334602914e+00,2.845838159320244642e+00,-1.853565457139058070e-01,3.656011213121892922e+00,2.036277047202637913e+00,-1.089219975763235704e+00,7.949188554249263516e-01,9.637418457100228153e+00,-1.469588996929473146e-01,1.021067568654698277e-01,1.944853297067692388e+00,-2.585017881102734449e+00,2.630674825096614544e+00,-5.687611054397036625e+00,-3.350625537176438407e+00,-1.762707238505346385e+00,1.200214000738810460e+00,7.507142834402815268e+00,3.148729826822856293e+00,-5.480243316182032309e+00,1.102400850030579083e+00,1.394659345464910993e+00,1.072279824638172130e+01,7.509327558554312887e+00,4.987533793619908451e+00,7.134268982004714488e-01,4.803448108867448774e+00,-8.879465390370229194e-01,-1.985800814418841265e+00,8.696344747195812186e-01,1.084127049674240162e+01,8.498847605373152092e+00,-1.854425503892454863e+00,-4.813054568562776581e+00,3.474444668128678693e+00,1.886192119449559002e+00,-2.616394941624632153e+00,-9.768554654236956125e-01,4.952812029699539487e+00,-3.154659127728559387e+00,-2.238926708201099736e+00,-1.698111996348876218e+00,6.269498169214172911e+00,-1.652655469706190150e+00,-9.843417405045217228e-01,-6.448124542691358041e-01,-3.677608220563494790e+00,-1.124854998740835610e+00,9.903566207992490433e+00,-2.275628866584766374e+00
3.864821544028409050e+00,3.504099536750850064e+00,3.194971151026968492e+00,3.822365657180522458e+00,5.006240967244240281e+00,4.163173049579364182e+00,1.252498587550183728e-01,1.358515984144402822e+01,5.615719262324638805e-01,1.656077030190948651e+00,-2.402185902732223433e+00,1.202375675888496076e+01,4.886898492002332617e+00,7.411256954556039389e+00,-2.032771412381456422e+00,1.251667236298240393e+00,-3.673014057276055233e+00,1.360631247925831033e+01,-4.897121376875046117e+00,5.485584118888762184e+00,2.627441975192112089e+00,1.958079477077639075e+00,5.611979017300781081e+00,2.927748716798778350e+00,4.021373777138586902e+00,1.213602242149577926e+01,-2.107157704555028488e+00,7.522972030499425422e+00,-2.544800077512599401e+00,3.950877202612484984e-01,-8.725327280951766795e-01,2.040323700084909486e-01,2.130796395578913760e+00,1.340733338101733230e+00,4.467502120712535607e+00,1.195111935789836011e+01,4.861857578682574399e+00,8.247459326663026502e+00,2.193103028000927823e-01,7.461338266564345290e+00,9.951650657114075038e-01,8.177297852512726450e+00,2.787640585015298988e+00,6.823304422856965701e+00,4.269704478076930876e+00,1.260192785817844552e+01,2.404644624155476862e+00,1.805736283826667066e+00,9.642858126473679903e+00,-5.300633134541099523e-01,-5.527199640421438964e+00,1.787339017673035046e+00,1.048914054319867395e+00,7.025363329570282644e+00,1.679034928584649089e+00,3.921704458870000298e+00,2.020731974917927332e+00,9.343130481919949659e+00,9.304849923321679483e+00,8.601662679483287333e-01,2.288832683752826114e-01,-1.306599221062332283e+00,1.358175794951353765e+01,3.166528786081130420e+00,-2.627097681381225236e+00,3.644353965480581437e+00,8.898237108146798136e-01,7.784137029369213145e+00,5.630105176440265424e-01,-1.300096673742234366e+00,-1.953156204154726794e+00,8.853613605285266530e-01,2.870368512918686221e-01,8.843011907499462865e+00,1.129267921044519785e+00,1.177997637536260989e+01,7.553495154362976471e+00,2.250657509039753368e+00,3.416530966558947391e+00,2.790738450020355810e+00,7.401353022247761260e+00,1.238981165565340525e+01,7.201278318417900337e+00,6.657565713985982292e+00,-9.799662367446031475e-01,-1.539725960475134103e+00,3.389421257499267703e+00,7.592851144342501968e+00,9.304060967265991522e+00,2.540509464826134156e+00,2.623014371952047341e+00,2.987020240201707644e+00,4.784487348689825836e+00,2.137147405408728051e+00,5.129512285363304613e+00,1.503207524772459891e+00,-2.093433628503537314e+00,7.650960953439567724e+00,1.728723351486500448e+01,5.578294434314314820e-01
1.513605576970358690e+00,-1.796932819056595676e+01,2.584682831271750914e+00,-8.662055305790707038e+00,-3.200443006171965532e+00,-9.333505835600735878e+00,-3.239065353154229499e+00,1.249176396385361087e+01,-2.937685768459936675e+00,-1.606231435602736290e-01,-2.642682002172938027e+00,1.076327107278168782e+01,-6.740743733236246094e+00,2.392561661970522735e+01,-1.842297029112864593e+01,5.389799097561902563e-01,6.412998904912872167e-01,1.474532663539577726e+01,6.413395884804623748e+00,-1.201330557552616796e+01,-3.089878469582508558e+00,-2.109549393130845996e+00,1.690161344682348243e-01,-3.413922486615673879e+00,-5.236925705403812081e-01,1.571187836397919213e+01,3.414625835369355045e+00,-1.053545821965430918e+01,-7.804164168824971881e+00,-1.891408271746284342e-01,-4.703182131956775258e+00,-4.738100916321285716e+00,-6.101195642656138673e+00,-5.076980223144872184e+00,-1.581165231579444441e-01,1.826859821153350083e+01,-6.895834871306218972e+00,1.560048639398462633e+01,2.311062311358638599e+00,-5.348380445591034871e+00,-3.300791956404965788e+01,-3.557662364069278382e+00,-6.667075458808476185e+00,-5.114170798659435135e+00,-4.870018519650833433e+00,1.667089823145164118e+01,-5.758806085832480548e+00,-4.230500822555326224e+00,-9.877214249887787290e+00,-5.521054195337475434e+00,-2.543121456636480460e+01,-5.661057902277564224e+00,-1.370486918058973380e+00,-7.848588871777342213e+00,4.824867993289103651e-01,-4.940484213174123340e+00,-1.783826827386475600e+01,-1.510779939820744744e+01,8.367489479442669076e-01,-6.248885442970832038e+00,-1.174136458216263890e+00,8.630743387637647146e+00,2.075410137120957188e+01,-7.323178378775091701e+00,-4.431396678982620685e+00,-6.511386911806077427e-02,-9.863843812386628995e-01,-2.974487537940842419e+00,-2.348447924669944342e+00,-2.024138945868466521e+01,-7.631303422134768866e+00,-1.733850896244618855e+00,-1.046176976773241307e+01,-8.176718269832772279e+00,-3.012769911512410026e+00,1.764062731667813821e+01,-1.894615643693843055e+01,-8.269008795258757649e-01,-5.334340291833179037e+00,-3.572050511451982491e+00,-7.084399899633968545e+00,-3.998595486165062773e+00,-3.237166181434112389e+00,-3.610668099039315848e-02,1.749522633296966223e+00,-3.978497318168385366e+00,-8.701505185971599943e+00,1.391388771035803273e+01,-1.363687805641469453e+01,-2.215567682851498965e+00,-6.764100101138508236e+00,-8.449211562718351942e+00,6.103831310213095662e+00,-3.301568758023102568e+00,-2.939815049922686718e+00,1.069530988965951224e+00,-4.128524273706452696e+00,1.532094041195629330e+01,9.597578522265244771e+00,-3.628266982574535504e+00
-1.819265917966622403e+00,-2.481065962624234089e+01,-8.729305313711611447e+00,-7.781912107302533244e+00,-2.783806397246186393e+00,-6.559426293992954626e+00,-4.749831707128557845e+00,2.847426996803986654e+01,-7.925656623345270546e+00,-3.057510286119832443e+00,2.385756746490805824e-01,2.051622686535788276e+01,-1.080564717945843745e+00,3.616034435339182096e+01,-2.765285342657205447e+01,-7.636676359364820144e+00,-7.828217991006826415e-02,3.178974052807429374e+01,9.158846678332285052e+00,-8.432173104269805819e+00,-1.252952155487418340e+00,-3.852990621947698813e+00,-1.091866837340496055e-01,-3.764264478837183514e+00,-2.314439510549556989e+00,2.823314028118580055e+01,9.530466472344301110e-01,-4.543208299160236052e+00,-3.905042190816280900e+00,-9.130502322086893052e-01,-8.501564174061053691e+00,1.061391610252630624e+00,-1.162446645564038539e+00,-4.718574418298080886e+00,-6.065037778780413280e-01,3.282334823017608016e+01,-8.373578736982024040e+00,2.813981012123092995e+01,2.231148640305917752e+00,-8.806326471788503696e+00,-3.666695360763608846e+01,-8.904880868683564543e-01,2.216144013601580864e-01,-2.947642360038058573e-01,-1.482478227443175811e+00,2.929124496094809516e+01,-2.617025867953653329e+00,-5.183633037323122750e+00,-3.823768607369768091e+00,-4.299471205367694004e+00,-3.790655851732185511e+01,-9.278415923590095371e-01,-9.214816865966374282e-01,-1.293525034764105364e+01,1.496637661335127767e+00,-3.744173621982484601e+00,-2.670332674915051285e+01,-7.325127731076583437e+00,-3.561665315834820600e+00,-1.559546017822731612e+00,2.731772544179941420e+00,4.519068054917109833e+00,2.900801903723953146e+01,-1.330195450168250915e+00,-1.504043839214060263e+00,8.992979946431488569e-01,-2.200537373655836237e+00,-5.289303133994171624e+00,9.146435487478135062e-01,-3.107785706196741415e+01,-7.078435779363825731e+00,5.721768639843681115e+00,-9.443885751461143840e+00,-9.465478440177435004e+00,-3.768503054180634582e+00,2.109014937258739408e+01,-9.126569741899652755e+00,-7.493035025940528726e-01,-5.642787770482774690e+00,-3.165483724442166746e+00,-5.253663458021787136e+00,-6.890225234587871839e+00,-9.841349223190283269e-01,7.447227348836852556e+00,-5.309512290587152350e+00,-4.985211323869823019e+00,-5.708524361898541066e+00,2.744618773943273737e+01,-7.682897734602063267e+00,-4.490838853758648774e+00,-4.810475714015950643e+00,-4.218881343011092966e+00,-1.547567248610032253e+00,-4.635353635871299005e+00,-5.059105113926051445e+00,1.924279811911376203e+00,1.728815457290538538e+00,2.690823798237759235e+01,2.144080987873191191e+01,-1.440978900912539107e+00
3.547512421986266595e+00,1.604595451298516906e+01,8.420762841215614358e+00,9.371369810717418147e-01,9.614904991792860400e+00,-3.289068604973423682e+00,1.629288253178254653e+00,-1.601516802021575714e+01,1.891055586868982896e+00,9.054660929705212524e+00,3.324435666346262641e-01,-8.354307866976542485e+00,2.360263699209612653e+00,-5.509109343236844758e+00,1.880297248257807752e+01,2.602973225702894577e+00,3.387023446131331550e+00,-1.474543945270363565e+01,8.081062659352777899e+00,-1.252755134585465058e+00,1.426289133699714107e+00,-4.423221339359750814e+00,1.659922960367757661e+00,2.381935274234091016e-01,7.739555958272963387e+00,-1.025260438996909329e+01,5.223937443821306204e+00,8.249721180520981356e-01,2.676264438629319287e+00,4.900394260386088163e+00,7.344051613355442321e+00,4.981012721075979144e+00,1.335689329174561069e+00,5.814880710996849444e+00,3.972378246762439336e+00,-1.347431822747351582e+01,4.852154625793106746e+00,-1.802397352237125361e+01,4.341692898484470042e+00,3.815352471973937121e+00,1.097992535765961541e+01,-2.125277098360447425e-01,-1.006412380440676158e+00,1.952806260477960354e+00,-1.185553365157327121e+00,-1.109363671817229147e+01,1.972551296372810348e-01,6.374916116607906247e+00,1.086727926816996259e+00,5.454478065439143375e-01,1.345294554451478852e+01,3.230245269686883969e+00,5.029485920661239007e+00,2.610175512986303126e+00,3.815934898565377598e+00,1.706416346327849665e+00,1.224731393739449459e+01,-1.636359798896926065e+00,8.014935343474446916e-02,4.614936836342049098e+00,3.789641406309793403e+00,3.911890276703105851e+00,-1.636265665846529771e+01,4.419750590312541583e+00,6.325505404593829706e-01,-4.149509945496529184e+00,7.402282158103424825e-01,8.243856992359228641e+00,2.347199539438697080e+00,1.376741634071658460e+01,5.175221572213223986e+00,3.339050108392528582e+00,3.486406046492885658e+00,-8.355451059323126817e-02,7.551911831210019521e+00,-1.100886437311487498e+01,-1.472011239277278616e+00,6.795614617418679337e-01,3.470426061914913873e+00,2.626672977654820329e+00,8.876717580194645407e+00,3.742635038297914996e+00,5.210949220210752131e+00,4.962444625312545377e+00,2.390647141915718699e+00,-1.317273065500385698e+00,9.474394374773495997e-01,-7.686971250823899204e+00,1.916520376387831348e-01,4.835190051071173833e+00,4.789137950348385075e+00,-1.900601448795342208e+00,3.246262765316981547e+00,6.726075346755312268e+00,-2.265046352417687370e+00,1.808760897333870021e+00,2.916172840663167509e+00,-8.122137690241835628e+00,-1.454873200729253568e+01,-7.740058731742617271e-01
-5.224291438270587840e+00,1.049320279003530487e+01,1.384694122310519138e+00,-5.545528198246920226e+00,-5.145844089168198465e+00,-1.180059852069359216e+01,-7.535504006363792584e+00,-2.347720112724893227e+01,-1.088281219063788186e+01,-5.035282792404545127e-01,7.263284247314443220e-01,-1.834281227856149954e+01,-3.827049537482368979e+00,-1.197443342343418493e+01,9.484380554364374660e+00,-1.065709338711856136e+00,-1.571521116301017873e+00,-1.698384160962713452e+01,-1.432386495509158308e+00,-1.331936684360630530e+01,-4.083275420577733961e+00,-4.177359681073867570e+00,5.380849829931846351e-01,-6.306841770299124406e+00,-6.882816181221345087e-01,-1.387196013865687583e+01,3.916089150281865994e+00,-1.016998971742958346e+01,-9.995972212447073346e+00,-2.416076345970513906e+00,-7.433343443328153555e+00,-4.824007086016879775e+00,-9.334688104040475665e+00,-7.345280699460505769e-01,-7.086071477658885343e+00,-2.386586084687272802e+01,-9.927616536916998413e+00,-1.948151294203037054e+01,4.740074628757775521e-01,-3.319406523359056393e+00,1.252292396551125009e+00,2.098578820523290478e+00,-1.962922810639152527e+00,-6.366919238872722708e+00,-5.918548017034838793e+00,-1.612151684642138605e+01,-2.250277033481025146e+00,4.762143590520763470e-02,-1.233142265375446733e+01,-5.681616493916248345e+00,5.038484154248130231e+00,-2.504498018263435100e+00,-3.264244524667004210e+00,-6.948982945117519350e+00,-4.069948741298170525e+00,-5.318733820958703618e+00,8.546976459942184690e+00,-1.142170738430149513e+01,-1.227981235933059523e+00,-5.916328662495339508e+00,9.393717162927948117e-01,9.635908154132275527e-01,-2.163253230589160836e+01,3.158949278425671192e+00,-9.065895893814266415e+00,-4.251210964658021396e+00,-5.377981972368802488e+00,-8.757910866130439231e+00,-1.822745187890428387e+00,8.775331307810663617e+00,-8.894869861582224146e+00,7.510452208231308546e-01,-1.022009512592443414e+01,-1.274815206933465817e+01,-5.598950618058771589e+00,-2.170440605298728798e+01,-1.067916209167407615e+01,-4.617836693862145125e+00,-2.121780671283102659e+00,-2.322279738071341360e+00,-7.906962768400849662e+00,-6.182216882845375849e+00,-9.236685875410310942e-01,-5.485753004083155027e+00,-4.400341178871171266e+00,-7.082263277228728171e+00,-2.986705964808531455e-01,-2.266624611945438517e+01,-1.343301702538898112e+01,-4.774961223690635137e+00,-6.400071128075177640e+00,-6.597746019036186738e+00,-2.449571528158524636e+00,-5.462791740844480159e+00,-5.171608480556725951e+00,-5.733574447257877793e+00,-8.804602081837704652e-01,-1.816571649277960532e+01,-2.485028364550686319e+01,-6.644722092795602997e+00
-3.511360053111025614e+00,-6.664207637288798836e+00,1.516141438292867516e+00,-7.277459339549023909e-01,-2.536786165168549712e+00,1.093054663294263484e+01,1.221127210606546498e+00,2.612548689331075735e+01,9.652848421418370961e+00,-4.562122024572861534e+00,-1.605779757627816906e+01,9.281356304742931940e+00,1.026426984289592337e+00,1.119405997971165334e+01,-1.464103886300629043e+00,4.986692588280481786e+00,1.084192381690787466e+00,1.608584604349155001e+01,-7.740847431712258420e+00,-4.894106668815780270e-01,1.461556612025336266e+00,-6.167506153298585314e-02,-2.116331686788120336e+00,-9.642242317609293067e-01,-2.030108301002848670e+00,1.556561839491848787e+01,-1.345219128761420180e+01,6.810741694639679267e+00,3.272228729364051070e+00,2.755873541081271583e+00,-3.537551744278237820e-01,-3.474445975215219917e+00,-1.108278708170403526e+00,4.561313273280844793e-01,-1.575989522462647674e+00,1.141574703255662726e+01,-1.687621294491797319e-01,1.111605508997908665e+01,-2.269633101904681372e+00,1.823268831757746256e+01,1.170465945368733784e+01,2.323926177259084902e+00,4.402062252033402956e+00,3.416833006890538371e+00,6.524497777290813261e+00,1.029084280006875751e+01,5.041615818124469683e+00,3.082237078822267051e+00,1.397144528114729312e+01,3.514908537486928441e+00,-1.355123221144662971e+01,-1.678986358222492203e+00,-7.801493345910811561e-01,1.079498381050302491e+01,2.595590559397462638e+00,-5.144562402453027872e+00,-4.299021905313664682e+00,1.471460192056272831e+01,3.781294091741588481e+00,1.122137205453249020e+00,7.413567853215166537e+00,-1.096560256423972213e+01,1.097543476924403905e+01,2.872424627899655469e+00,-2.713022045240786051e-01,1.422475836515986636e+00,-1.366538531646719123e+00,1.730299995639798993e+01,-1.272138814508428695e+00,-6.889474278019915410e+00,1.255374904306222117e+00,-9.105330339009300999e-01,1.793156749929732285e+01,7.899948839315388938e+00,1.185320614400095707e+01,1.161069416962928713e+01,1.896787122196387188e+01,1.027196790856197861e+00,1.337882443717630654e+00,3.789312982199105839e+00,8.355749659219565473e+00,1.559370599071462848e+01,6.344493191082894334e+00,-4.415768256169692485e+00,1.906038027201241603e+00,-5.181092353274991957e+00,-1.447223839191912553e+00,4.870255563071633986e+00,1.541947428957616317e+01,4.120896018572956621e+00,-2.846263735139040740e+00,-2.873913907832196912e+00,-1.333385240080771084e+00,2.790804105986587347e-01,-4.225502042031203942e+00,-1.049382827647115590e+01,9.227867012092177967e-01,9.044312681317423497e+00,2.623046599792040823e+01,3.778724061279852275e+00
-1.866512988553505004e+00,-2.910449486046313439e+01,-8.971413320585945428e+00,-2.271808941983278096e+00,-7.956901830847716184e+00,-3.177916069512739305e+00,-3.509364992355471280e+00,1.879128606922104439e+01,-1.960210528602776225e+00,-1.062429727422473036e+01,8.193392153301370939e+00,2.255177708458256802e+01,-3.791254221312051698e+00,1.952725706448315179e+01,-2.553572777270562000e+01,-1.163904781692468049e+01,-5.176423113248703523e+00,1.785061387812849176e+01,-7.867145377975117704e-01,-1.203748947498863409e+00,-5.967154670055546895e+00,-7.264052863928648129e+00,-5.356142771126588542e+00,-5.491871450186087245e+00,-3.363005265177698710e+00,2.193832678789517843e+01,1.688537413177586100e+00,2.619627413545537742e-01,-1.739841756333138090e+00,-2.920445223953371805e+00,-9.576806374072956984e+00,-3.701440378064795755e+00,-3.245355231555426379e+00,9.464612314703518825e-01,9.250909743726041246e-01,3.329373530004122017e+01,1.803791184788869018e+00,2.587672506862887900e+01,-4.769259288657709206e+00,-5.093726283401801780e+00,-3.385837144851526403e+01,-4.069606238821433131e+00,-1.695128513838422002e-01,-5.019186454616404447e+00,-8.515460524999330261e+00,2.442849347047783226e+01,-8.383678267521299077e+00,-8.295709483336343837e+00,-9.210706624501348472e+00,-2.480967920145504824e+00,-2.973126591714364864e+01,-1.136447869176200243e+01,-1.097208753381809343e+00,-5.187953726882331473e+00,-5.372383220094685718e+00,-3.867284115628254249e+00,-3.598207030361835734e+01,-6.990518480185762940e+00,-2.766784610356352481e+00,-5.328812085118238784e+00,-1.227334268339631684e+01,-3.032786361066787784e+00,2.650928139082585133e+01,-6.062062190555398189e+00,-5.500667083090317711e+00,-6.798718652811043484e+00,-8.203752912923443219e+00,-4.174162509338460225e+00,-7.281136135975557089e+00,-3.142063272546081265e+01,-8.895094390888012015e-01,-9.486199657821151376e+00,-5.073197861966622924e-01,-2.736100560607230836e+00,-9.118890868983886122e+00,2.299831150781623990e+01,-6.540721725361468231e+00,6.852798851617523113e-01,-3.204650144414938673e+00,-5.439236816826356957e+00,-5.926604514616773400e+00,-7.995785881200938583e+00,-7.139144235660150883e+00,-2.997326354947427163e-01,-3.463633878086708862e+00,-9.033229245202054614e-01,-2.405908408927422748e+00,2.612891673267546722e+01,-5.487760246299933087e+00,4.271103208756743541e+00,-2.517641831192741098e+00,-2.236381734479945038e+00,-4.883681873451942046e+00,-5.946113657343737202e+00,-1.414204759498990382e+00,3.183004514487931758e+00,-6.380908846653214894e+00,1.636198786897548985e+01,2.189425966942150126e+01,-7.919504102377181276e+00
1.048356276044497104e+00,-7.869681453786632197e+00,-4.297416044140171643e+00,-2.809611109956897224e+00,-6.557830080179556376e+00,5.075823272411215115e-01,-5.240825417407552145e+00,-1.167011545677584028e+00,-2.810770222014157049e+00,-1.287023879442795149e+01,1.310364199092190596e+00,5.926506262344632958e+00,-1.653569805039012852e+00,7.488884980502088951e+00,-1.113722761790903526e+01,-2.304242048124740982e+00,6.457595245208209711e-01,-4.282706889742617928e-01,-2.642488286968831090e+00,-2.872873258958377196e-01,-3.334395403454609941e+00,-3.373741057097500828e+00,-5.475729196304709667e+00,-1.099566075752371574e+01,-1.109465111863761067e+00,9.898654827594079997e-01,5.835287558388675855e+00,-7.911004459066410810e+00,-7.143422918014544543e+00,-3.532064457635826771e-01,-5.404138195459013083e+00,-4.512574494361754063e-01,3.342019421429488268e+00,-2.909127330012629020e+00,3.780572756331085138e+00,1.581122999889732128e+01,-2.143580188961291988e+00,4.617972680796725626e+00,-7.358284648208650580e-01,-8.604870230506277196e+00,-1.785515471010574373e+01,-1.592655688363613598e+00,-1.470918691725750183e+00,7.532414066111339235e-01,-1.056299373218911519e+01,5.733538201144368074e+00,-5.870985520323199758e+00,-6.340428033794873741e+00,-9.772192556779575767e+00,-5.130305329716863483e+00,-1.129958860122765074e+01,-6.292569108507857223e+00,-4.836683508531077536e+00,-6.197240382814770854e+00,-5.999163339297310493e+00,3.570242199453571796e+00,-1.237212781611855306e+01,-9.265959993387976823e+00,-7.249261271620683900e-01,-9.439151802642362643e-01,-4.663547508588470336e+00,-3.034247057741650266e-01,1.062882365929183948e+01,-3.899590150679342671e+00,-2.276870810696559388e+00,-4.948701872485662179e+00,-7.036084133667102947e+00,-1.048220208061393421e+01,1.017172321717962902e-02,-8.269481180938136333e+00,1.025637110024111287e+00,-5.984886959503847415e+00,-3.674268076197651389e+00,-4.950700592092315944e+00,-7.697459208773022254e+00,6.570794763687810125e+00,-9.315765625888277057e+00,4.302419994672892933e+00,-9.526439632447438743e-01,-2.993130832837654243e+00,-5.273201583607010079e+00,-9.052157130653590400e+00,-6.901334349120201495e+00,5.604383899747298337e-01,6.054703420227874666e+00,7.893546084328380452e+00,-2.837337813559638100e+00,9.668422463550088608e+00,5.067129074672800826e+00,-1.317865085820982607e+00,-2.251661591804666074e+00,3.965063022965175765e+00,4.256097434811744407e+00,-3.721394317808947250e+00,-3.840494350951880520e+00,1.283855825796245931e+01,-2.543516299478482789e+00,4.449046831523476797e+00,1.634929213868800302e+00,-9.939823682263698723e-01
-4.017614398135085807e+00,9.477801831283283462e-02,-2.501713101954293528e+00,-3.435100512300037767e+00,5.143912073361208925e+00,4.503379012832158246e+00,-7.620630611518956599e+00,-5.774826444346691900e+00,-3.389506790102936762e+00,-8.265210311217424888e+00,-7.649353368659399521e+00,-1.376670634109407132e+01,-1.101337030928062122e+00,-1.366886245186487869e+01,4.743781437718721961e+00,-2.113965778853791555e+00,-2.481689902709442563e+00,-1.690075222365829077e+01,-1.034054076866794070e+01,-5.394227133252757156e+00,-4.584694945172607561e+00,-5.715590601215635225e+00,1.379737872011978617e+00,-5.839601338270676401e+00,-5.510197751075662786e+00,-1.277428298374403148e+01,-1.280946314690621435e+01,-6.137401899497318070e+00,-2.920967313594087678e+00,-5.218157734268981329e+00,-2.302821598111817192e+00,3.043818864920505796e+00,-4.768139699096847650e+00,2.622421231370461570e+00,5.646135693048710547e-01,-1.277134107570042332e+01,2.771947626025855094e+00,-1.420690253729864061e+01,1.502401885714190755e+00,3.882415030840736136e+00,1.318395134657391132e+01,-4.919380137030669786e+00,-4.541262791998960324e+00,-6.678471206700715257e+00,-8.850733866944832329e+00,-9.468010933855699918e+00,-7.156099372891274513e+00,-5.227460256368141600e+00,-1.567691517463769557e-01,-4.813547633799341696e+00,9.037815142112703981e+00,-1.889009797105605681e+00,-2.463901083151506022e+00,7.968828466837665658e+00,-3.397557886284613193e+00,-3.102943326113218436e+00,2.144114043846584217e+00,3.581750312882692633e+00,7.503269708751967304e-01,-2.924299228687198493e+00,-8.498861290079302577e+00,-1.034194649093638851e+01,-1.380078691872235552e+01,-4.331484097167090042e+00,-5.709687552570094304e+00,-3.684615119103513248e+00,-2.054362646928973302e+00,4.059467417395029365e+00,-6.026885325416980521e+00,3.296951087268285008e+00,-1.457990264210567322e+00,-4.742362290559822391e+00,1.392053694465395175e+00,1.216893047228982283e+01,-3.268636433267735342e-01,-1.276405830117653295e+01,1.382687947456844313e+00,-1.923438801452662883e+00,-1.428053949683015578e+00,-8.394552811480175958e-01,7.044610698184611941e+00,3.805592782503556926e+00,-1.130209299356281072e+01,-1.231613897552833592e+01,-3.311036383766611912e+00,-2.175324283252709989e+00,-8.119110306949503197e+00,-6.009814491509185785e+00,-4.292524797153662419e+00,6.455755226781239031e-01,-3.105494840789281952e+00,4.825559010232104429e-01,-1.042626595396688671e+00,-8.960224715135982620e-01,-5.132581179184677822e+00,-9.472192271643004702e+00,-6.767555139169779466e+00,-7.364786483628294356e+00,-9.577369450879988477e+00,-3.444907979076404558e+00
-6.511876982718829421e-01,-9.032691672346118139e+00,-9.384634198360122248e-01,-4.410980302054598567e+00,4.563434003468223032e-01,-8.495540336429908024e+00,-1.178391504348831331e+00,4.910309233758091807e+00,-4.371299172634850905e+00,5.870609745855575490e+00,-1.476624046172751292e+01,-1.356660039843152532e+00,-2.369767433661901457e+00,-7.245233852396801844e-01,-9.888721752322874536e+00,-4.292415056091368086e+00,1.140962627096592685e+00,5.806913755403542154e+00,-8.274893864787120634e+00,-1.472464977207869508e+00,-2.018077898387085511e+00,-9.755650915017053393e+00,-5.729818666374002056e+00,7.701365364552793302e+00,-5.338812027968790730e+00,3.232302774934938228e+00,-1.406897459422480878e+01,-1.109234701658956102e+00,-5.762710083799971628e+00,-5.175188415933083874e+00,-6.435519625002944721e+00,-9.334176038678656084e+00,-9.569629056501727238e-01,-7.385234333190468625e+00,-2.380873353592726005e+00,-6.956969608797247240e+00,-4.993736163984618948e-01,9.192374507547198537e-01,-5.076130156176837716e+00,8.138297295185672908e+00,2.940975818172536727e+00,-2.299375044460310935e+00,-4.933488935301699740e+00,-2.951177502737980962e+00,6.814113101786525739e+00,-5.806936860243561149e+00,8.565445482839278313e+00,3.937113425987494253e+00,9.928062643004945897e+00,-1.624637431606349214e+00,-7.639346686242522999e+00,-3.091927864542827753e-01,-5.168082738621921912e-01,3.848303090985272235e-02,-3.533672902015885686e+00,-1.785302249262133545e+00,-4.889413716583832503e+00,1.273015877069711976e+00,-7.532422530923418513e+00,3.542492334355397787e+00,1.073830525842702999e+00,-7.894512682886277943e+00,-5.024358666192105360e+00,-3.027430391079259486e+00,1.877892610742491475e-01,-6.124020911373225573e+00,5.508430539727503295e+00,3.953175290099547823e+00,2.907854038765951277e-01,-5.686396956811440084e+00,-2.878782152717121345e+00,-1.687879372978315473e+00,3.407434076004397738e+00,1.036184014181435131e+00,1.787028488313975316e-01,-1.707647186533933326e+00,7.416453578835955796e+00,-7.782231102036962334e+00,-5.606576589684191703e+00,-5.359659161099064484e+00,-6.994626074675243110e+00,2.497805921539407947e+00,2.894992178680465322e+00,-1.027155942922770215e+01,-3.335951352446457907e+00,-3.754520664879748004e+00,-2.793868326683817571e+00,-5.200639427352937716e-02,-5.524447684101039258e-01,-4.499922533621163900e+00,-4.171563538013083772e+00,-9.681575935071254690e+00,-1.306306539201734296e+01,-3.840921321058237137e+00,-2.108779338012302329e+00,-1.565334576762621310e+01,-1.809268133881540397e+00,-2.856725047514635296e+00,6.244617534271913684e+00,-2.402050277564958147e+00
3.551469511527320932e-01,8.312244236067037662e+00,6.585586626500252727e+00,7.295854113128436680e+00,1.123909319949903818e+01,1.623693069879652029e+01,6.638432918675269079e+00,1.790174946795168509e+01,4.356471681306324228e+00,7.473601778473064172e+00,-2.672679800335469480e+00,7.672545471048777266e+00,4.250679476220698305e+00,3.526736896796747178e+00,7.023701447369948170e+00,3.075780096749449743e+00,5.328887811940195895e+00,4.829036758123647743e+00,-1.135370741319410470e+01,3.535532419857927877e+00,8.292117715146607893e+00,6.717005252843250673e+00,9.535263435364969009e-01,7.030710611152494849e+00,9.587884321103121721e+00,8.678546225811592407e+00,-4.676224812535632935e+00,3.404023229031371223e+00,4.086592438449121012e+00,5.664664979954070034e+00,9.146715946841769806e+00,6.557306001260222672e+00,6.022114492469617275e+00,8.277906228866566352e+00,6.287094090651557110e+00,-1.772793381925347189e+00,6.878094964513638665e+00,7.316587581395220141e+00,5.553127320213699036e+00,2.064857059251785643e+01,1.646907357427058116e+01,4.024416432910670416e+00,7.247226094063321078e+00,4.262583625082270622e+00,3.290785011007376859e+00,4.291089456178337258e+00,7.990896760696398538e+00,4.055681961604283181e+00,1.444461239265564245e+01,5.231062390585463184e+00,9.751734838933288074e+00,3.711540273531920064e+00,5.615479871779919918e+00,2.579155101168436914e+01,2.988554901706512279e+00,5.183422369096654769e+00,2.644856413125597605e+00,2.287018906174432331e+01,3.672767952359965449e+00,4.106324423781841482e+00,3.609215512658119351e+00,-7.645202088131651585e+00,3.827001749318543311e+00,7.412332974942355435e+00,6.845217519764512204e+00,1.571656054192793972e+00,8.044443421548290729e+00,1.825806777977496509e+01,2.682927545857394236e+00,1.045116310091619916e+01,6.553469961678597855e+00,6.974573718116930721e+00,2.279351458220290283e+01,1.823382221391867830e+01,1.895144644661771238e+01,4.821033734386398706e+00,1.919500006753111521e+01,3.890949519502589382e+00,1.091865312609418837e+01,5.905300751993102892e+00,1.842021299550251001e+01,2.427653469050171964e+01,5.447368377871161016e+00,-6.970717932763236924e+00,7.017278570540836036e+00,7.792426425574126903e+00,3.250329661818351035e+00,8.886916750354687977e+00,1.651166227593035885e+01,6.387848663570300012e+00,4.950092922630739523e+00,6.030780042206862035e+00,3.160784575883270442e+00,9.058752236165091176e+00,2.016368714722645006e+00,-9.568073393559668460e+00,6.527133676611814650e+00,6.671351935211700557e+00,1.176092130591516494e+01,2.486608707134868812e+00
-3.022784971512129992e+00,-8.039163446917630296e+00,-1.437525892399578176e-01,-3.269801051844202888e+00,4.313111760025602592e+00,-5.137026514671354960e+00,3.600534621458981732e+00,1.678060401985261407e+01,-3.718858852917161339e+00,3.968079643735020756e+00,3.160799588921451075e+00,1.539449056787886327e+01,3.517894730813021509e-01,1.701970619485356195e+01,-1.326919298410115111e+01,1.715730752881690968e+00,-3.457221200687527141e+00,1.972652046517619695e+01,-9.985750064727811903e-01,-3.886959342311550714e+00,-2.151593290503844180e+00,1.117331008127336212e+00,-8.038799688697109147e-01,6.287499686216333927e+00,-1.481289759336198886e+00,1.475907227717821790e+01,-1.430384102891657294e+00,-1.916806312743466467e+00,-3.430305238791844680e+00,1.266945617401912472e+00,-4.255609954428385855e+00,-2.720235057851134730e+00,-4.054261549810954435e+00,-3.026307940041526923e+00,-4.027517675867426483e+00,1.333004648209377407e+01,1.001308455629559502e+00,1.264688460119675462e+01,-1.612221451276931727e+00,-3.924661809169438520e+00,-2.035687631939867970e+01,3.036422947027934249e+00,-2.198195215559314075e+00,4.914858301274427355e+00,3.207786851583604992e+00,1.454582674169802203e+01,6.965733326224889943e-01,-3.530256675487616569e+00,8.617643865354832622e-01,-1.302245355645561542e+00,-2.285783704011283746e+01,1.178445788934318506e+00,-2.632353128670983811e+00,-3.561270124509898771e-01,9.765635843367399538e-01,-2.298053334732985675e+00,-9.982407814953326408e+00,4.435000759276422344e-01,-4.370643411578326365e+00,1.751694895308111732e+00,7.165727067993822530e+00,-6.066944339384194862e-02,1.522351734717300253e+01,2.316250727000735754e+00,-3.660951588674659085e-01,-1.588476536469221490e+00,-5.397772047163504894e-01,-2.469804487036695306e+00,8.494910642206721096e-02,-9.635048142440201246e+00,-2.875028712631931160e+00,3.551199381242722275e+00,-7.224121398251034387e-01,-3.281750032019618679e+00,1.129566806717416272e+00,1.733199726055658019e+01,-3.452587602462042771e-01,2.818152324302547473e-01,-2.013756708633267500e+00,-5.730629981361440528e+00,-3.052525577793510969e+00,2.091218719466655940e-01,4.366743285154022658e+00,-2.420355377251822038e+00,-2.862444844813599509e+00,-4.827087805333026616e+00,-4.166921299039501037e+00,8.851538783377131736e+00,-4.039279498161981508e+00,-2.493256254589681031e+00,2.300080812719473844e+00,-4.045034052153347659e+00,-6.869941271930043669e+00,-3.634234411422839539e+00,1.250568428914129449e-01,-9.304529719050329106e+00,1.519319289970275877e+00,1.047118033031341611e+01,1.263688881746989523e+01,3.426448309946946935e+00
3.245143191258686444e-01,-2.954905284643182029e+01,1.741686961931752098e+00,2.447268199975738412e-02,2.421065517025128067e+00,-2.076134736684353221e+00,1.901876693646453287e+00,3.676658841251617815e+01,-2.367308150231652419e+00,-1.699708335260794900e+00,-6.289020091952053804e+00,2.462326543607514751e+01,-2.577474623110082241e+00,2.833263984833461180e+01,-2.562487446977814898e+01,8.631397568772172235e+00,-3.536917418686947867e-01,3.274218570518370797e+01,-1.101462021471358099e+01,8.211981807999246818e-01,-2.879163189928336308e+00,-1.534909735023504140e+00,-3.896312280143689133e+00,2.610084875161324813e+00,-1.715347713498659443e+00,3.675504761507442453e+01,-1.178221764671402738e+01,-6.546948534228536509e+00,-4.463037380752571615e+00,-6.714576460486787468e-02,-3.741070812449685423e+00,-1.639921152028049223e+00,-9.270715678818388650e-01,1.910089839586436522e+00,5.704413246159799611e-01,3.031749766608170660e+01,-3.069009945411918405e+00,2.789426847197094617e+01,6.670912808965523411e-02,9.690755651550814420e+00,-2.893262664914012561e+01,-4.311664720210800716e+00,-2.726429313972362767e+00,1.788783860379992374e+00,6.933101091559433549e+00,2.703540418502663556e+01,2.986962862743719249e+00,3.668324633968786941e+00,6.698922183790989138e+00,-6.049734468766370110e-01,-3.238941220237198593e+01,4.668882041413763062e+00,-1.923623085883007899e+00,6.406237505800175036e+00,-9.084331644095404723e-01,7.561083758173714475e-02,-3.157385734580454795e+01,8.318132715725566229e+00,-3.483603593972103507e+00,1.433032660268740877e+00,2.417712043648710285e+00,-7.893086139586717564e+00,3.505310342648822086e+01,2.892394846825526944e+00,-1.416368130347550380e+00,5.105953789756131345e-01,1.274553979439328799e+01,2.559988055184809319e+00,-5.496836525842935472e+00,-3.058649482332201330e+01,-4.869370980686965389e+00,9.386271490338988777e-01,1.662996634610418134e+00,1.154621612727065738e+01,6.586063472098548033e+00,3.036047547578890260e+01,2.155258922763960250e+00,-9.789470190093677360e+00,5.220616302904193873e+00,-5.396657269237396193e+00,1.101849005448422458e+00,7.275543297414674093e+00,1.045208744331990847e+00,-7.554815674785432478e+00,5.934618762593569130e+00,-4.724785438812777016e+00,2.190000489113046456e+00,3.304462997982069083e+01,5.194948506632450780e+00,8.181462180117787808e-01,1.378566089385806936e+00,-5.467736373164484576e+00,-2.418603459478077866e+00,-4.825583406122764263e-01,-1.311100045054076069e-01,-3.611516631252242426e+00,-4.433850683045406638e-01,2.419307066263525385e+01,4.406438673169037656e+01,-2.307142077820160342e+00
-1.905812618097895150e+00,-2.780622995125088792e+01,-2.733320347029588593e+00,5.562053729644720335e-01,6.496261715718107510e+00,-7.236206642603365324e+00,-9.471288826757231050e+00,2.562499768177142556e+01,-1.453045553467392281e+00,9.444542135518226189e+00,-7.584384267260423584e+00,2.360474417001763925e+01,-5.607812172845377141e+00,2.029472123998068867e+01,-2.289238616087614986e+01,5.855390864882914492e-01,-6.177924753128309021e+00,3.430858652832951350e+01,-9.453772696700148970e+00,-3.625930038778685027e+00,-2.395806380463050278e+00,1.371071827956738876e+00,-9.112040222302836057e+00,1.040457269169242061e+01,1.101062647579737375e+00,3.338708286243105050e+01,-8.535014350338105515e+00,-2.860553067047588716e-01,-1.440497445532939125e+00,1.805370431857329372e+00,-2.903656321071256485e+00,-2.949139756815704949e+00,-8.315723213329314634e-01,3.087475735312863456e+00,4.426741106818756322e+00,1.778338705188555835e+01,5.945784119996715411e+00,2.363293992289592182e+01,-2.530989087925071268e-01,5.109390480173368942e+00,-2.527151352399571493e+01,-1.030942497111182021e+00,-1.168979127841640597e+00,2.089129549535628794e+00,1.461058556691114063e+00,2.023758301562627437e+01,7.802246649135114787e+00,8.353631739174975479e+00,8.705141797755356237e+00,7.401139677317297716e-01,-2.453056986398318529e+01,-2.369424212015806219e+00,-5.168261315850526394e+00,-1.453751715518540877e-01,1.646117387702894508e+00,2.742269926112617995e+00,-2.555520259080350698e+01,-3.306883990857017785e+00,-1.380998459136063783e+00,-5.718527254569103491e+00,-7.034554822260069562e-01,-1.549364570765212834e+00,2.669353177989013659e+01,8.579697450138603187e+00,-5.755480851500504258e+00,-5.887484655383588894e+00,6.593023228034049055e+00,5.372766712470160577e-01,-1.433291184788793471e+00,-2.384709891341299581e+01,-3.639771428527987851e+00,-7.496778945534984473e+00,1.643238046948199749e+00,3.104511120372038135e+00,7.552922314914032320e-01,2.203630302979586375e+01,1.832010141607406828e+00,-1.002231284121898724e+01,2.951109456807987641e-02,-3.078580199478363255e+00,-5.963292755759704633e+00,2.298556482637479803e+00,3.884906992508156964e+00,-8.873728684608447992e+00,8.090243340391099380e+00,-5.296325730111950847e+00,-7.077005073907989274e-01,2.346997868940752952e+01,3.725620913649763111e-02,-2.253970927846183692e+00,-2.802689882573480284e-01,-9.651180051512989522e+00,-9.897584840110596360e+00,-2.382687422349711426e+00,-1.722433444630000254e+00,-1.088893379311754117e+01,-9.166736112274977089e+00,2.112144261037687087e+01,2.607257725658295300e+01,1.148688207814070994e+00
2.079098739768016735e+00,-4.827993771125548506e+00,7.339442861211431968e+00,6.564377004361327650e+00,1.688405034496316404e-01,8.155765143213233870e-02,3.234016016540499638e+00,1.325016996292105986e+01,5.062028779917598698e+00,3.711837919938986374e+00,-7.079187687113996041e+00,1.127562240836359742e+01,7.137680711250897758e-01,1.563928093869806091e+01,-5.055458322514532199e-01,5.356738397204399149e+00,6.490726639280227417e+00,1.698306149464426085e+01,-6.920902085248417990e+00,5.274788335196947564e+00,4.496478941860286294e-01,-6.792585941498370250e-01,-2.532765961863922222e+00,7.229668997997855229e+00,8.025923403928505451e+00,1.742998796874977430e+01,-5.621957626139266750e+00,2.899459992935486063e+00,-3.303995804658196089e+00,6.870384058481986855e+00,-3.851952829571183123e+00,-3.701366370905181835e+00,-3.658657591099493178e+00,7.355944735601536166e+00,7.587414845014214038e+00,1.377440432975551410e+01,1.226704846518007486e-01,1.241883449859955668e+01,-8.535976344328159993e-01,9.580778108300183504e+00,3.603572965808696793e-01,-2.177638392970421055e+00,4.965316284174643435e-01,-1.431423642188082379e+00,9.210065567971851053e+00,9.409331176670249874e+00,5.380609088809372942e+00,1.076033237410898025e+01,8.033087041349405766e+00,3.307374863027127354e+00,-2.038248846733209163e+00,5.618247724907334373e+00,5.549101679729954384e+00,3.585525504840089361e+00,3.759893118882812857e+00,-1.391643776897222295e-02,-4.652806416646926735e+00,1.258638268756724798e+00,2.455644111603182189e+00,3.519016205943557463e+00,1.073888822151112699e+01,4.301186048086024449e+00,1.015522803116726003e+01,1.283181697330078030e+00,-2.641569495494607178e+00,7.818858760148985620e-01,5.111780556180119284e+00,1.766186130048040148e+00,2.685906095586277686e+00,-6.804776294751155419e+00,-6.913028189027706105e+00,2.355198354606105049e+00,5.040492867509945185e+00,2.619909766323820222e+00,1.753602363188452751e+00,1.050970752851619316e+01,2.050186076548233149e+00,4.167812650459818968e-01,4.679962601744914963e+00,2.189800615137648787e+00,-1.727776691688950317e-01,4.941901867274101079e+00,3.011719292950962412e+00,2.209488735531430770e+00,9.008956940490675080e+00,7.581424386925306180e+00,3.476341720474895425e+00,1.058627981700300680e+01,7.670652295876594806e+00,2.914708989235896386e+00,-7.615226504236077831e-02,3.882828781617561731e+00,7.188068378573699846e-01,5.065674672107227217e+00,5.155546371403614270e-01,1.197439710645337385e+01,1.819671015950019344e+00,1.267005936742077132e+01,2.122085241437701342e+01,-1.156632124756032276e+00
-4.975245205331439990e+00,5.528887905075606568e+00,-3.319329857101623649e+00,3.621255337313636691e+00,2.928604910575042908e+00,6.853340625577907907e+00,-1.963787117032022689e+00,1.456517041942945401e+00,1.474673519821277257e+00,-2.138254456516619495e-01,-8.585143430398236575e+00,-3.271974237356882753e+00,-2.753333353717389187e+00,-7.497978886086737127e+00,1.495671490493578393e+00,2.489101572705925136e+00,7.080574611198247048e+00,-3.982185833867331493e+00,-1.026853003403107323e+01,4.508616994140770551e-01,-4.254411726258306992e+00,-3.414237195299392180e+00,-4.168745659875169096e+00,4.048809469382449677e+00,2.866341436335376525e+00,-2.657572769757689635e+00,-1.385093413058218559e+01,-1.999445615340811777e+00,1.342322789412753181e+00,3.423321178743700344e+00,1.102902864148881834e+00,7.349432264696642569e-01,3.362612930710038750e+00,3.085308312271502373e+00,5.156897244253705104e+00,-7.506713154363152896e+00,-1.756594962040583852e+00,-1.859465277517399429e+00,-6.194421137567938107e-01,1.085298507491361519e+01,1.997493229678261883e+01,-1.367187937111771667e+00,-3.976506448201768240e+00,-2.012805241368186060e+00,-8.915190429910850867e-01,-8.308549254581116372e+00,1.217760574092976000e+00,1.431018020345260489e+00,1.187680824374151456e+01,4.687530048372925862e+00,4.438821712983696877e+00,-3.865595297832951527e+00,9.015073349505432487e-01,5.623458053917645749e+00,-9.871726689966844326e-01,-1.283637451634262572e+00,3.367991549831995890e+00,8.794788485460946603e+00,-9.605723164111820145e-01,1.250489208047791179e+00,-3.627179450899898683e+00,-1.626374116208218368e+01,-4.137712906818677538e+00,2.215156277509799931e+00,-1.781138956062978895e+00,-2.369284102183250695e+00,1.281099134954185814e+00,1.102256059011764044e+01,5.287611797129889268e+00,4.487787043253985253e+00,-2.899589342221162713e-01,2.599874366567073380e+00,9.357184001783492633e+00,7.090960501157188567e+00,1.118523441673676189e+01,-4.328325831561129711e+00,6.021850428327022442e+00,-2.454891936276528686e+00,-1.882813151800208251e+00,6.807670400777088293e-02,7.995753154050917466e+00,1.044815212939653293e+01,1.612679384054815479e+00,-1.065677495658982465e+01,1.866041666847581437e+00,-1.155828729601235283e+00,-1.456352422512254829e+00,-7.406984449029568651e+00,8.363905128570722880e+00,-3.245533283493303500e+00,3.107926701223828747e+00,-4.267459477152597103e+00,1.451181847005724723e+00,-1.923894824260329761e+00,-3.852955930096251258e-01,-9.984225877800991356e+00,6.608919160622996891e-01,-4.110843273061486336e+00,5.186734759692601671e+00,-2.400731465869143655e+00
-1.598483144328089800e+00,1.895728172755926977e+00,-4.249663940902588699e+00,-2.984732708702984905e+00,1.297738249373384001e+00,-1.456438375314860867e+00,-1.202479107600605612e+00,-2.448090492368374171e+00,1.858242772759517880e+00,6.532351498417114044e+00,-4.748945958543288270e+00,-6.907659819108105559e+00,-1.766165898830447833e+00,-7.602865819606241971e+00,1.020649198027623328e-02,-3.159455148505189714e-01,-5.083436732849597739e+00,-3.752954650622800870e+00,-1.106692498294133209e+01,-8.341137254629771292e+00,-3.075388017683601927e+00,-3.713165944254810391e+00,2.363470969890153484e+00,5.855035785147979510e+00,-6.138689625789254256e-01,-1.295754032236926534e+00,-6.705293863694622658e+00,-3.074310070542682460e+00,-2.919391345461245013e+00,-2.012584029342650016e+00,3.321210019727828477e+00,-3.375660056969194578e+00,-2.674078099676432396e-01,-1.145846118718357065e+00,-5.051180839637265052e+00,-1.292057096241449798e+01,-4.412967411887056102e+00,-5.390821605778868708e+00,-2.156743368538860839e+00,9.276177899539391092e+00,9.501131076279584420e+00,-2.155231662831250894e+00,-3.061066743257526035e+00,-9.407665309966727341e-01,3.850589316385243599e+00,-7.149300221741587080e+00,2.412439041754716129e+00,5.988048435835878536e+00,8.117737287051891570e-01,-8.128124851033873277e-01,2.466261213252755269e+00,-8.937130255974264914e-01,1.272502789419260871e+00,5.546536964818035820e+00,-3.059385756529886091e+00,-3.993016183750429882e+00,5.543530968365477207e+00,7.425551590707041072e+00,1.718075535397978193e+00,5.234460526152285853e-01,-7.459172047444803111e-01,-9.383938104410534109e+00,-2.304141267060456411e+00,3.274849507587987318e+00,5.112536483193895975e+00,-1.737662085073253815e+00,5.959807789183314775e+00,4.660146044268243415e+00,-5.355538050137137240e+00,5.765394875889554349e+00,-1.353990153037205602e+00,-4.237562029024543042e-01,5.011400945617918268e+00,5.790794257413643287e+00,3.605364097543254154e+00,-4.621083718541500573e+00,9.571597236117041163e+00,-4.057260318390244258e+00,-4.022161362338141366e+00,-2.827580706802013122e+00,3.493333867597876008e+00,5.068032684302089308e+00,3.809428140964706611e+00,-9.025511563522755409e+00,-4.078544821122489950e+00,-4.921337696871476375e+00,-1.890498282414874165e+00,-6.224259417338864786e+00,4.210788780855083679e-01,1.182790183079838742e-01,-3.485563220863028722e+00,-1.547596970857390630e+01,-9.141442940341994117e+00,-3.909067370015485654e+00,-7.910415074175645156e-01,-1.298752384681116290e+01,-6.061934896154883567e+00,-7.117347338284632841e+00,-2.165154789571104743e+00,5.167260933322121552e+00
-6.737178502058407403e+00,-1.747435627597872099e+01,-1.240875599556134468e+00,-5.165742113343978481e+00,2.789864677249327407e+00,3.196673815230181681e+00,-6.883520908316815401e+00,1.702490852435476754e+01,-5.289853733470602393e+00,-8.424657875690026998e-01,-5.536939892176348188e+00,1.004441329029078744e+01,-1.305332936109320774e-01,2.144204237344500186e+01,-1.733947672115551342e+01,-1.846475182473551024e+00,-1.728844490871124018e+00,1.653878941632020982e+01,-2.302374991788020075e+00,-6.757848388483941093e+00,-1.016635379188185695e+00,-1.682217377393190105e+00,3.021018809458516419e+00,-3.447770808122551323e+00,-5.535520270643659035e-01,1.911615978913873093e+01,-1.425406963509118219e+00,-4.537363183473472006e+00,1.529925517280045888e+00,-2.655302438629565387e+00,-1.205547103991926772e+00,-4.881751954869587351e+00,1.484208193824023247e+00,-7.585167444447133978e-01,7.667379576340245251e-01,1.056675958559609363e+01,-3.416466653949385979e+00,1.663937369768332530e+01,2.020504204831411688e+00,5.373985778058557372e+00,-1.868162723810019088e+01,-2.121812133698361524e+00,-1.310774059606929276e+00,-5.040795688805863151e+00,-4.048941688499495761e+00,1.681027253325660098e+01,-1.485938459182411187e+00,1.108586139418561878e+00,1.233676851380450579e+00,-4.410067899049822771e+00,-1.708159029531775275e+01,-4.244748074361464951e+00,-1.515887467057115634e+00,4.893581903529421240e+00,1.408749496541868984e-01,-7.708790916432205265e+00,-1.835918757765865905e+01,1.217532837496075881e+00,-7.305656318305248087e-01,-7.386379178567917592e+00,1.014931973411987487e+00,-5.724779059831703876e+00,1.357278760623619185e+01,-1.701246434733089785e+00,-9.495392185786466488e-01,-1.357244317722435145e+00,-7.344426502359517883e-01,-6.490361115646701151e-01,-4.303972116696209937e+00,-2.054720150103540277e+01,-3.031796997983752240e-01,-6.343116234103284512e+00,3.945321203773294982e+00,4.036629712329891539e+00,1.439327353574810786e-01,7.072609359516313532e+00,2.191650186231822062e+00,2.997383852902589574e+00,-1.551995744013578760e+00,-1.101927944709745866e+00,4.279148660029096440e+00,2.050956567906484729e+00,-1.437562957420441823e+00,-5.307430560783616080e+00,-7.151511225431105956e+00,-5.212233180163357460e+00,2.512688032975662455e+00,1.460884377894221586e+01,-3.087217947450700883e+00,-1.269876057580482609e+00,-1.585160567301185708e+00,-6.092674868666582810e+00,-1.242683398727930211e+00,-6.266195735967272640e+00,2.824107026067730786e+00,-1.394420320396130464e+01,-2.328163368702735436e+00,8.462058938591878743e+00,1.750671408034910215e+01,-9.095577569538787488e-01
-5.641017105191000525e+00,1.183089864737747909e+01,-2.283027588264847640e-01,-5.088862791924302797e+00,2.448111833936518877e+00,1.332207749937540875e+01,-3.155130123251816965e-01,-7.550435917861589852e-01,-2.697942243482201796e+00,-6.938756970841801763e-01,-9.366748286915896671e+00,-1.354781962338251233e+01,-4.656507251013923820e-01,-1.435554098784785815e+01,7.003432927263387953e+00,-4.063778305431945626e+00,-1.515759041505171156e+00,-1.444006229972850619e+01,-1.290653188425466524e+01,-4.960947783406477463e-01,-1.190769403774980084e+00,-2.848305146627280848e+00,3.887217978839334620e-01,2.241193036111988057e+00,2.120210880345542837e+00,-1.521361086853247002e+01,-9.484618006444160088e+00,-5.848582433036321859e+00,5.576504801698275449e-01,-6.617663904383838114e-01,-3.469689562444605357e+00,2.736712564073548570e+00,1.519042359342265280e+00,-1.282264039872083039e+00,-5.727306497112865102e+00,-1.137918233452046657e+01,-9.352380033283959060e-01,-1.745122676077476243e+01,2.279874255243929948e+00,9.949504273370111562e+00,2.135947683664661056e+01,-1.100016323418438358e+00,6.192110189825672517e-02,2.134099342537349120e+00,-4.702665780854722755e+00,-9.845146207764937429e+00,-2.065545157921051977e+00,-2.012041232034345484e+00,7.854300570734077169e+00,-2.976044414985238085e+00,1.336887899944390767e+01,-4.480913406293287160e+00,-4.772935207560756510e+00,9.629657511981426055e+00,1.951578210684473458e+00,-3.108647741394172215e+00,8.690874099784718254e+00,6.608316414278425199e+00,-2.762701816562572965e+00,-5.234817831789975173e-01,-1.818156796260532726e+00,-9.312958800971033568e+00,-1.244044144881346270e+01,-4.612269583519410077e+00,-1.549024387370738109e+00,-3.450069937436214484e+00,-4.168300300195079799e+00,7.058341264377599344e+00,1.120520003147672528e+00,1.362521286718359903e+01,1.474108471503849938e+00,-2.332111627194564996e+00,1.233219926231097752e+01,8.049297577960400574e+00,5.735799552360818510e+00,-1.603686847458795484e+01,4.449729231909650196e+00,1.215384599477919991e-02,-2.317054998706421287e+00,-3.469537914244584353e+00,1.222720441967729244e+01,8.932070427427120762e+00,-3.361738040271129879e+00,-1.026710605935439879e+01,1.601206138126042511e+00,5.777684672400447141e-01,-1.890279477538825859e+00,-1.031202450814448035e+01,1.083640886460544905e+01,-3.000492465024225286e+00,-8.200266454547572303e-01,4.161452006870671738e-01,-1.157095710382764153e+00,-1.892830167652480577e-01,-2.534442198354767140e+00,-1.468173934738943487e+01,3.634185073407741884e-01,-1.081505290054784929e+01,-2.784858198301168208e+00,-4.645969327371616941e+00
-6.222708591320973426e-01,-6.871412468033335941e+00,-6.162151762710768033e+00,1.347185545406507590e+00,-9.524313727472845770e+00,1.497414918410926354e+01,5.492503362461301109e+00,1.943772678751101424e+01,-1.500733097968536267e-01,-5.345626249684984010e+00,-2.792704364933671357e+00,1.532906864161488514e+01,3.560852513654566565e-03,1.263909734451889655e+01,-1.117172309774074179e+01,-1.598167486783789837e+00,-2.468313880730360621e-01,1.025538026054671903e+01,-2.736628571256771725e+00,9.192858834172841220e-01,6.205703367800707859e+00,4.209933367092002499e+00,3.136216637099070059e+00,-6.394184378979051786e+00,1.017242173115196380e+00,1.337971018738556239e+01,-4.004899585152299935e+00,4.700226562643955219e+00,3.691269323799498459e+00,-4.075084357106401711e+00,2.708088970157607189e-01,-8.060390287275313037e-01,5.959152025557308718e+00,3.249634469850776863e+00,2.781264545977250258e+00,2.395558543138514196e+01,1.211386975677892996e+00,1.789928357689808536e+01,-2.675059731111956385e+00,6.751791520453073403e+00,-8.289575089653451911e+00,6.470994502852191133e+00,7.619164740096973532e+00,1.688414325069617750e+00,-1.599271270832575809e+00,1.267788310875668856e+01,-1.136800672405405699e+01,-4.989869895637316866e+00,3.588494538051425486e+00,1.326172811306800536e+00,-1.652380295007133171e+01,1.884508345560629961e+00,6.694121374998442953e+00,4.706081856434092714e+00,4.455306085397539029e+00,6.905975900031481318e-01,-1.187770307262354130e+01,2.542927520266974550e+00,4.118249338913779312e+00,1.418052191907524406e+00,-9.423950939119045689e-01,-4.606969407914427883e+00,1.813852007231771069e+01,-5.956404033723334379e+00,7.726138855179385700e+00,-1.006973809162983624e+00,-5.507613674531759429e+00,1.857356750026963876e+00,1.438614820180764475e+00,-1.565456274037670781e+01,3.044374794214410151e+00,1.445648304023896991e+00,9.319015030272741029e+00,1.718443181016753307e+00,5.849101330864373338e+00,1.629894924801355671e+01,2.866116597041409975e+00,8.774305426919909223e+00,-3.237281913678973222e+00,9.163599056714804014e-01,8.317325400165158200e+00,4.195899772137658523e+00,-1.045442978031640990e-01,-1.873967783100095597e+00,-8.275274178186298180e-01,3.308611287373998344e+00,7.293154887471307024e-01,1.231346212758007752e+01,7.216491418436799421e+00,3.241738540977741057e+00,-2.171204602667070827e+00,1.882371625642131896e+00,2.778298050237845374e+00,-3.249775285655505108e+00,7.926649614398307842e-01,-5.914529363544632545e+00,2.995122073092690407e+00,1.960225901783719138e+01,1.995488709732605770e+01,4.871334291781064252e+00
-2.771973494192539800e+00,6.279864032019584208e-01,-1.513055432483728646e-02,3.433129295800908753e+00,5.996042232358710145e+00,9.180611417061468771e+00,4.688302472271685950e-01,-3.269259528688226446e+00,-1.961992754841801023e+00,-1.385953906297657356e+00,-4.071946256690693211e+00,2.595698718047727116e+00,-5.716790715802257949e-01,-1.650361614365637886e+00,1.011202911775866520e+00,5.078300596696939451e+00,-2.021301998965306268e+00,-5.711489963692660154e+00,-3.950329436426234686e+00,-2.685779712496287885e+00,2.880870660509451398e+00,1.908814929650944681e+00,-4.277690091974680975e+00,-2.402080014544691444e+00,1.822924558010928564e+00,-1.486903356402438980e+00,-6.441813306705384434e+00,-1.488822816311935915e+00,-1.933637965629574351e+00,-2.408978331451908872e+00,-2.739546617650700178e+00,-5.230463784144085970e-01,1.663737428031690113e+00,-2.893917482420501397e+00,-5.190683174573107461e-02,-4.588048853287118867e-01,1.323614771239847387e+00,-3.424038541662399737e-01,3.113672816465081761e-01,7.495620557262259176e+00,1.361270579439262107e+00,-6.145186617492271353e+00,-2.073946194069165472e+00,-5.002100134379295682e+00,-4.604057113041687188e+00,-1.939427375010007726e+00,-1.205630797377851948e+00,-3.641159913276077464e+00,4.842176184959307683e+00,-9.957468814158807469e-01,2.060306588746796841e+00,-2.576681801827964691e+00,3.410826484701391159e+00,9.253522019739909510e+00,5.711276476411465408e-01,-1.623609324555229882e+00,1.874024273486529113e+00,6.487493713210702673e+00,-3.559165634161831182e+00,-3.422845114364590380e+00,-2.677685927690502954e-01,-5.460392095080488950e+00,-2.010292741203091538e+00,-1.754710376864820676e+00,-2.053168624400324715e-01,-1.392204348088032173e+00,-2.337450883148085801e+00,4.350509889051893175e+00,2.006081842157558803e+00,2.057156701523055187e+00,-4.943325769823587734e-01,-3.181941220213880817e-01,6.481393239153995012e+00,-9.620000655166993653e-02,6.792027142526944061e+00,-3.883129199613910121e+00,7.749348739230238259e+00,2.012634526003218571e-01,8.788151288665903005e-01,2.921331244499930091e-01,5.067344144039153342e+00,7.072916371349149856e+00,6.050937796101599764e-01,-7.457105928378497950e-01,-2.882710631176085059e+00,-1.161877533500168092e+00,-6.058385750038140394e+00,-4.605985953124819510e+00,-1.923545254886205313e-01,2.626027044459833260e-01,-2.676575741635064620e+00,-3.538245343478838567e-01,-4.519492679380871181e+00,-3.379587427815599288e+00,-2.311983350465761422e+00,-5.407298848423273796e+00,1.518394554619114434e+00,-2.052198210142679002e+00,1.981802543248607051e+00,-1.039951611029284129e+00
5.737991465347249687e-01,-4.201947227070094826e+00,6.618621868239918271e+00,5.960888345880765549e+00,1.129826918968185723e+01,4.337493493535929723e+00,5.991836204163992541e+00,2.046443605665474053e+01,1.274379729969679076e+00,1.166658620870176399e+01,-2.645789670478567501e+00,9.917592686044301331e+00,1.832595974905245173e+00,1.052717147407845921e+01,-2.561763069082789279e+00,6.080052298788404030e+00,2.914137399537505502e+00,2.120636801683706452e+01,3.108024805289351100e-01,1.216232879285188417e+00,1.120637169605081773e+01,5.842683492606845164e+00,2.862169359514318279e-01,1.235299682995745130e+01,3.149522282464592760e+00,1.601600131772222113e+01,-3.185964231210518527e+00,4.815523981030994882e+00,5.224541092581363344e+00,7.518898780480538946e+00,2.145142711191050378e+00,1.956462976839693280e+00,3.647549819169923158e+00,4.137438845567227297e+00,9.053737797613781169e-02,6.375923880455220960e+00,1.425802934370945074e+00,1.290694389161945921e+01,-1.154011570748805449e+00,8.876747525614177903e+00,3.785713264040300174e+00,4.435742599831902666e+00,4.581236485236068745e+00,7.802073708954035958e+00,1.615360474716563033e+01,1.046015411859211142e+01,1.111792742498777464e+01,1.091973462555167451e+01,1.027614068187392959e+01,6.285599842913854651e+00,-1.240150466931689976e+01,5.525112938985877520e+00,8.427333293464256414e-01,7.089802754736052037e+00,2.395241422125655717e+00,1.231497527781567181e+00,-4.944008034308942534e+00,2.881587470848356869e+00,5.722527793310239197e+00,8.530694467487842658e+00,9.048265773859526462e+00,-1.620853867411237381e+00,1.558890918829396277e+01,6.442534256066515752e+00,4.314201614595308598e+00,3.370797169387812264e+00,1.353052246600920050e+01,1.177068966172598508e+01,1.052192904625659153e+01,-5.611443106016728244e+00,1.421273412790388768e+00,8.254163512693100557e+00,9.815164771062311999e+00,7.977008631073769784e+00,8.150985888453112338e+00,1.203230194530988229e+01,8.935786386610825360e+00,-7.276766379507679794e+00,6.075151480559994877e-01,6.198631291664117526e+00,6.055783753840537464e+00,8.676299402582886344e+00,1.221715918052068695e+01,-4.922807218646977567e+00,6.038227660852563794e+00,9.900981264272061821e-01,3.124680440706968820e+00,1.250942490385120109e+01,4.958514112414755814e+00,1.374633191614738958e+00,5.325140829741519255e+00,-3.559729341903017819e+00,2.549832263924619369e+00,6.399562694142510999e+00,4.700918839055256981e+00,-7.623248669043388936e+00,3.258472944348979716e+00,1.472661563118164096e+01,1.910451019063853195e+01,3.576613898901553235e+00
-4.061017404742472081e+00,-9.509589136976376977e+00,-4.114089062144384634e+00,-2.673754797705712449e-01,8.570361413185937138e+00,-1.108342997260498919e+01,1.285126883540862686e+00,1.235989417006039837e+01,1.040440906698430368e+00,1.255727440631183356e+01,4.154251319997639413e+00,1.082001171733970146e+01,-7.584356819914651382e+00,1.601769070270142237e+01,-8.617057057129258624e+00,-8.030899375602074119e-01,2.577975549076974016e+00,2.528186247246514995e+01,-9.742612962230210449e-01,-2.380056955757151593e-01,1.514360678951919281e+00,-2.952338649857692232e+00,9.511069915204982683e-01,1.031814311530979822e+01,-1.136930235046350601e+00,3.051293613323854004e+01,6.893089159966446999e+00,2.256754301812540220e+00,4.606389741483297939e+00,-1.410239753116975248e-01,-1.502826395480942656e+00,1.429199456902879861e+00,2.135510859394949890e+00,1.001461466526752053e+00,8.270075669233745153e-01,1.118544673267829026e+01,1.547642719283315316e-02,1.778183387042813024e+01,2.112999006598749840e+00,-1.541092154361889399e-02,-1.668783809650225436e+01,3.888516801515893739e+00,1.473871537269690890e+00,2.944178050857571449e+00,1.317398825780164628e+01,1.431853064540563203e+01,1.319860484241207388e+01,9.553512463377357378e+00,-7.112622371600740845e-01,-1.215022030228197769e+00,-1.469227708527582443e+01,1.406948401971886531e+00,2.462229263015654368e+00,-2.535982713738743843e+00,-1.405565418124619659e-01,8.267003026301029678e+00,-1.217536737875677666e+01,-5.344269652392646286e+00,1.348103936929153424e+00,-5.475137697884673749e+00,6.064456742050884586e+00,3.501754666764687052e+00,1.605629444796578653e+01,1.195394287502957731e+01,2.663576337852649800e+00,3.457354059754367714e+00,1.219326190598999204e+01,-2.176579477657539119e+00,8.114856229492556139e+00,-1.306000984987545621e+01,7.390958215247621643e-01,3.127643945933300529e+00,5.274124333729461878e-01,-5.532156218299294714e+00,-1.095152337558999767e+00,1.304549371294296911e+01,3.332025316633349998e+00,-4.311456275024360352e+00,8.569559418735055445e-01,8.524788584319598073e-02,-1.399880112705180046e+01,-5.561236750855996114e+00,1.256205442310494647e+01,-2.008793354847165702e+00,-1.161877042435759622e+00,-6.808368336567909296e+00,3.332894094301480425e+00,1.743260814758983557e+01,-1.044387210986259973e+01,-3.954783343946339236e-01,3.802020673872914536e+00,-6.616190544177568356e+00,-5.917919454792727407e+00,-2.649088664714835062e+00,3.556992651827890484e+00,-6.960723730998683578e+00,2.614525538133275262e+00,1.852857919867766512e+01,1.678969150988804060e+01,-4.565730559156191859e+00
5.743619828859010124e-01,-1.622242647916034386e+01,-3.349089656589322672e+00,-1.412015634678230880e+00,4.588725822179588576e+00,-7.110071986500233976e+00,-1.272866226262091338e+00,1.657261420945506458e+01,-8.098239175148787439e+00,2.771198688113535979e+00,-6.340564310530666603e+00,4.236108112111949708e+00,-1.860980132906736584e+00,1.260858979741364116e+01,-1.226692930429654638e+01,-3.163284665907566406e-01,-1.408104079287220367e+00,2.027676135652461298e+01,2.066590801318460180e+00,-5.912131849533053263e+00,-2.503979628891309428e+00,-2.912240010153278824e+00,-5.686845307118533199e+00,5.186366539603016079e+00,-3.722862618895728559e+00,1.875417427562516082e+01,-3.635107540478147214e+00,-9.723834547677295825e-02,-3.892178993222466410e+00,1.140426720753372258e+00,-2.021177873648617673e+00,-1.783501587742625016e+00,-1.568183786919234546e+00,-2.285900309790884766e+00,-4.542373856113506747e+00,6.718629047811491617e+00,2.697565334889847399e+00,1.462654730007810855e+01,-1.275298316853408442e+00,1.728892844821955155e+00,-1.513329478162228980e+01,-4.132180585530309536e-02,-5.700576170035163592e+00,-2.922034256996361989e+00,1.529971176397144195e+00,9.342847260849266533e+00,1.931063482107565177e+00,-3.462044832660073013e+00,-1.480573485800970701e+00,-2.310445025088274651e+00,-1.736677135805910055e+01,-6.319829658445685894e-02,-3.276026922504438055e+00,-7.010564215238660246e+00,-8.693253123872169974e-01,-1.980646231902152277e+00,-1.153976670815126759e+01,1.804957960546747620e+00,-1.627782456288759727e+00,8.247341043815150652e-01,4.858458897417246014e-01,-2.656332719950449395e+00,1.093777671938227769e+01,5.446889956445977177e-01,-1.297677086920438816e+00,-9.607155189065125223e-01,3.521018061169990609e+00,2.174789199957228192e+00,3.344174527690353393e+00,-1.585168580517273185e+01,-3.667943806569033072e+00,2.297915055992854505e+00,-1.807873139456559475e+00,3.690564287942228461e-01,-5.885269112208870723e+00,1.382305708796434729e+01,-2.885877156110514097e+00,-5.086835837861899634e+00,-4.717379640401975216e+00,-3.972596325300301601e-01,-4.771023362497384568e+00,4.962592293630271989e+00,3.824850806497936961e+00,-3.056570901487497327e+00,-1.392982271570836206e-02,-3.743902786751291956e+00,-2.698860602141104348e+00,1.145800231748780718e+01,-1.478939174492699626e+00,-1.421131012784547343e+00,-5.846701633400347653e+00,-6.431181616167258142e+00,-5.351041892134265510e+00,8.321648867612765899e-02,1.349071493882743500e+00,-4.741246713626495080e+00,-2.027481312195087870e+00,7.272073795995684264e+00,1.277857334049717153e+01,1.783037395106664924e+00
4.001876472610956803e+00,4.437894826282800409e+00,-8.402984367866414672e+00,4.959056134280115380e-02,-6.209277716470804620e+00,3.849309928562105299e+00,4.124029603980538639e+00,6.101227737393227102e+00,-1.581096954307616986e+00,-7.921091540836234124e+00,-5.490006560341447184e+00,2.630150178298464425e+00,7.533599620691966425e-01,-1.660495706364949253e+00,-8.134228611460255109e+00,-4.196348129708007413e+00,-6.207065367962486313e+00,-6.137785931704378584e+00,-7.809965437734344817e+00,-8.499934365370365175e-01,3.077262799016798223e+00,4.870917072848971685e+00,1.336150277167330813e+00,-3.609401634728221619e+00,-9.837945369226391179e+00,-8.054821790046117869e+00,-5.579387269567284591e+00,1.106427336856557986e+01,3.703144013463854911e+00,-4.709222465718853279e+00,-3.220141576713597686e+00,-1.131466826817693061e-01,4.150642697060581199e+00,-3.037011364398058078e+00,-7.152719648028172728e+00,1.720480723637913378e+00,5.623353737086296711e+00,4.394644614598265164e+00,-7.105446804645393577e+00,6.032629175089743612e+00,1.014855037178322128e+01,3.866032790536095387e+00,3.713445851230315675e+00,5.252472904523396657e+00,-1.462633977578840394e+00,-8.978287109251570364e-01,-7.642364887834585119e-02,-4.946996800186949095e+00,5.918997657758048092e+00,5.982908258304744376e-01,5.887894739941651467e-01,-4.824950550108630942e+00,-2.035240360111719049e+00,9.112434789291688375e+00,-2.844830242671081422e-01,-5.155673691920772406e-01,3.243339694554653319e-01,7.269724314902008544e+00,2.119942594834284932e+00,-3.246968490088453230e+00,-6.163278485768701742e+00,-1.274109166060051024e+01,-3.206007213568796033e+00,2.359527417691452023e+00,9.590920655329817635e+00,8.957855996246630870e-01,-1.089875176750122598e+01,-2.164732070553938570e-01,-7.245445992889153253e+00,8.243968675430377147e+00,4.922659262536146052e+00,-1.702264132827197685e+00,9.701549908900217289e+00,2.447615627111985770e+00,8.643455342627284210e+00,-6.822654258024123397e-01,1.122624925897881809e+01,3.684078103413066074e+00,-2.834760978176216195e+00,-4.917472565364223946e+00,6.606103999454001396e+00,4.454863307491965685e+00,-1.723802551822774198e+00,-9.055650649197872326e+00,-4.254487463343783027e+00,1.053623976833776066e+00,5.847518351302355200e+00,-9.526936855446909158e-01,8.436025502101184514e+00,-6.986383918971468265e-01,1.693644235223310535e+00,5.558709837699094436e+00,-1.452040953776934096e-01,-4.386716421553034095e+00,2.515223153176967319e+00,-9.478652837862064473e+00,4.002930961241448315e+00,-2.825298673988655196e+00,8.324015530704453880e+00,2.242692230673807963e+00
7.281897155270830035e-01,7.038732223592229609e+00,3.174867689293976447e-01,-3.091971734804229488e+00,9.249346614176939596e+00,1.941145282503915936e+00,1.945435399874524185e+00,6.017659863165363276e+00,-3.981259133466283351e-01,7.067952011576863924e+00,-8.722772535021766416e+00,-5.835125759159417669e+00,5.930476245498448762e+00,-2.802411131494365826e+00,3.912287988341835554e+00,-1.089275719763247441e+00,5.140484699896926912e+00,6.017213823234491166e+00,-1.031950317714538556e+01,2.045522095419025188e+00,3.405674834120232752e+00,2.295510694139732966e+00,3.088560538800987132e+00,9.737579535663352104e+00,-3.412134243219984153e-01,4.409737275561874448e+00,-6.730411996323411472e+00,5.561244531088575194e+00,3.565100586417530693e+00,-3.966906463842206243e+00,-3.562474160046462224e+00,4.309366519592863654e+00,6.562176053232827710e-01,6.144644380148622353e+00,3.971370475017168111e+00,-1.543415826219229103e+01,-9.848949597323167771e-01,-3.218378261034101406e+00,1.231825667874000274e+00,1.026282920958438361e+01,1.253625505877416835e+01,2.602793690629352508e+00,1.749793436800344271e+00,3.094122162813644827e+00,9.515232648115206970e+00,4.635101330262238584e+00,1.025852208591371628e+01,9.225248998129730538e+00,1.362303694720562319e+01,4.446896933443456490e+00,1.368809265282578203e+01,5.746267882980429675e+00,4.379379552897527894e+00,9.448951007270096625e+00,-3.915781881725437508e+00,1.741350685158097322e+00,4.432460120136118675e+00,9.731448272571384450e+00,2.669230556882849381e+00,2.912964365947203205e-01,4.258893905431007654e-01,-9.595130010317499014e+00,-7.012961582561986873e+00,1.047538022826355153e+01,5.842773390097589115e+00,2.110799618075457129e+00,9.688513118963877346e+00,7.268966943300865680e+00,1.323520048037971408e+00,8.031075643403832842e+00,3.339867462353480754e+00,-1.625789548916502625e+00,9.491285798458022782e+00,1.155596964198574383e+01,7.200394870969830663e+00,-6.343580534885299826e+00,9.471979375035054716e+00,-9.560142750792435251e+00,1.359394703385141678e-01,1.207131756815072121e+00,1.739038836663390208e+00,8.793470975016814961e+00,8.563906708114753741e+00,-1.041306370151302474e+01,-2.169561339336143924e+00,-1.110879296307432540e+01,2.559255536516681362e-01,-1.344340093385692825e+00,6.908880459273357033e+00,-1.081980343938391265e+00,2.371450009760161404e+00,-1.091045284178932739e+01,-8.628872574457290057e+00,-9.691749068436943393e-01,4.581950057070998117e-01,-1.530716797791061978e+01,2.815892152786774627e+00,-2.471708715404552059e+00,8.190108189237138347e+00,-6.703299464841248057e-01
1.056188451900137437e+00,1.652201049506762587e+01,5.645438862728458851e+00,2.758209446210103444e+00,9.775089320229383816e+00,-1.223795087058371500e+01,-2.608040561193581741e+00,-3.622256211472910792e+01,3.048873881212315062e+00,9.765961085718597445e-01,1.441750922027581261e+01,-1.751331847619011484e+01,4.363268537896727750e+00,-1.919107623787699168e+01,1.838523132601500620e+01,6.489730364698579557e+00,5.235814645844313331e-01,-2.329705802218044042e+01,1.360784344105172750e+01,1.679000193288143095e+00,2.943404012480614007e+00,1.980703130489697816e+00,3.640511485453775453e+00,-2.233431599647984545e+00,1.215230969508344083e+00,-2.069006339201342826e+01,2.346082769817921587e+01,-2.054168129187337044e+00,5.337416095626671408e-01,-9.398417011157058631e-01,5.182183200996878014e+00,3.803417602871988379e+00,4.668810329184546859e+00,3.986272229582574766e+00,1.520998418264883467e+00,-2.137630443851736928e+01,-3.233883038621104600e+00,-1.750394813737989352e+01,4.549840584597655280e-01,-1.149264612328077106e+01,4.387828999354786319e+00,-1.070979789395450243e+00,-2.843770073808316479e+00,-2.214340466246262018e+00,-4.367117225617755061e+00,-1.779753548552757181e+01,1.939182504658490291e+00,-1.113732345287268277e-01,-1.528904234749382240e+01,-3.628452913109748934e+00,2.586916752020368193e+01,1.960892347011583770e+00,2.866804032616395936e+00,-9.056983218804028013e+00,4.080158022318078004e+00,8.907797493122849852e-01,1.601257091005040323e+01,-1.499425078143173629e+01,5.545156700397884109e+00,7.082585762237765259e-01,-1.652250713251115499e-01,1.978861926235243018e+01,-1.703445531570669047e+01,2.141057826115899232e+00,1.201785937042104013e+00,-1.286385548479182850e+00,6.045705899099834468e+00,-9.055305324504288933e+00,8.098675920722886445e-03,2.276329667680825963e+01,1.829780807158680078e+00,-3.238587552761188704e+00,-1.909663747587998017e+01,-7.793713151440421427e+00,-1.303868141143972181e+01,-1.667417531870538383e+01,-1.754534882730692757e+01,2.110912742743127346e+00,5.349858595564405128e+00,2.369877574697003553e+00,-1.343452814773171689e+01,-1.551068066720626071e+01,1.245950542647856096e+00,1.665621213166795300e+01,4.472721979851773000e+00,6.747960360344110953e+00,1.779832702556575885e+00,-1.137623213514050668e+01,-1.980696992679114743e+01,3.280234746492359577e+00,6.071561479140740403e+00,2.151716898040602288e+00,2.544203364587500182e+00,4.199108456741331707e+00,-3.317267826227126015e+00,1.403427231372259243e+01,8.463689827593765536e-01,-1.322436953867033615e+01,-4.023555411072532451e+01,3.727469241694871815e+00
3.588026064775250212e+00,-6.615500705776812040e+00,-3.904243820377641505e+00,3.213829280887012363e+00,2.123900631343186074e+00,-2.990880033632646651e+00,2.326449214893128392e+00,2.681284100797599823e+00,-3.733447902642245353e+00,-1.255529766134369618e+00,1.122551263817988243e+01,5.491031064110003967e+00,3.304944900021720144e+00,6.303415463683286646e+00,-3.517247714283703974e+00,5.864583531029494701e-01,3.637655834499489593e+00,7.039023313475434307e+00,4.962325782469460655e+00,5.909382142388637682e+00,3.120239628823635147e+00,2.533782370453653954e+00,2.307990484102692363e+00,-5.006299957539940060e+00,2.446468523896461633e+00,6.779746085501280106e+00,7.325837147285726658e+00,4.769530289449106508e-01,5.258452977737235301e+00,-3.360740391724744036e+00,3.623533835897430611e-01,1.039651427815518669e+00,4.262900170509765552e+00,7.195196544799929983e-01,1.523361802106376839e+00,1.630989304116109295e+01,1.218848511345472563e+00,1.041878585579889993e+01,1.114769425191433960e+00,-6.025010415940812436e+00,-1.267788849348756663e+01,3.936921749652569247e+00,1.406842019216107964e-01,2.381025607793778143e+00,-2.777006988487795702e-01,5.418444501503730137e+00,-3.905367662785390159e+00,-1.139199956611983033e+00,-4.606431598648219605e+00,3.291862821828160701e+00,-7.801066471305694527e+00,-2.189442435231207185e+00,-1.552026061169137217e+00,-3.983518154094958241e-01,3.938978852826651611e+00,4.560827682115584203e+00,-8.433910376675408216e+00,-4.090227382132595402e+00,3.929171434131454088e+00,1.278818209051575172e+00,-5.092720259454557308e+00,3.913172618840113692e+00,1.068590944998254955e+01,6.790721898517710908e-01,4.032627864081864466e+00,4.481299415087500293e+00,-2.715914480354804095e+00,-3.251604157348979562e-01,-1.775548860445881783e+00,-3.902946927262591625e+00,7.306038739855090114e+00,-2.488798138023691209e+00,-3.434457278514087442e+00,-2.225289562054664216e+00,-6.988103807083664520e+00,7.450770381814416865e+00,-4.615971117410846425e-01,6.748255502800944328e+00,-2.028735081194755097e+00,-9.962188150807955722e-01,-1.552483831418852933e+00,-4.796058907333446086e+00,-5.350325585914359472e-01,8.499079208873054014e+00,-4.541702799439715221e+00,5.204418386140140740e+00,2.957573015977947417e+00,1.088707752895752456e+01,-4.681757282597094338e-01,3.842339862057390754e+00,5.536536762229536279e+00,4.357749178139178170e+00,5.291209901829212470e+00,-1.898555929198507686e+00,2.201545644283760428e+00,9.990960336530783081e-01,2.185588353832162767e+00,7.783713494467713545e+00,-2.315965359885104213e+00,-1.876916754575525870e+00
-5.803389995660122480e+00,-2.732862849016930440e-01,-7.310442230118848528e+00,-2.288951813127320545e+00,4.010144608639615527e+00,-1.106446155373198792e+01,2.520598953643784057e+00,-4.402998988943610748e+00,1.638921026716707585e+00,3.899171707517442798e+00,-3.409074297728730496e+00,-3.186160126184048202e+00,-2.116340987435544552e+00,-1.158516188083744858e+01,1.886036687282296009e+00,-5.051995659250282600e+00,-5.917023434342317145e+00,7.052581922531862446e+00,-7.257232407238098482e+00,-3.385313444521717230e+00,-7.254717921316847118e+00,-3.845618146698091433e+00,-5.025733172330301812e+00,6.487820697529231850e+00,-8.794771381498179608e+00,-4.902374646558135041e+00,-7.697245254108017853e+00,-1.414823986158009195e+00,-3.804458511248075325e+00,-1.913285090693155555e+00,-1.716603374836391804e+00,-4.260300031640814389e+00,-1.938811980728459172e+00,-6.205031748545732917e+00,-7.151196809081910466e+00,-1.823662077566742568e+01,4.800962761609379736e-01,-6.090810322076259276e+00,-4.684339476873820018e+00,-1.177602758074310252e+00,8.959307214866241154e+00,-6.684253164051523477e-01,4.724273002952178224e+00,1.567319866143362717e+00,7.546717099457699085e+00,-5.751404380034515817e+00,7.031421328606555221e+00,8.315992628405524556e+00,-5.314021678477001132e-01,-3.961009790803386998e-01,2.085984300731903662e+00,-6.582430738704583284e+00,-6.349778935692826920e+00,9.510848596679721823e-02,-3.321646518390107161e+00,-3.501671359460378774e+00,-4.882063108101332816e+00,-4.233691894628989871e+00,-3.470519081379792148e+00,-5.309821736304513706e+00,-8.522644131166078552e+00,-1.078211016309080428e+01,-3.235014116143789753e+00,7.523215541308858612e+00,-2.406277361383964308e+00,-5.802084733924401050e+00,5.407531756990724858e+00,-2.407119160847671413e+00,-2.627999111586634129e-01,1.258880028868821999e+00,-2.507887906900798658e+00,-1.012199627411014724e+01,-1.883843613136142459e+00,2.105350477122531316e+00,-1.581839451276318087e+00,-9.430149614812890491e+00,4.773300758875489436e+00,-1.247979535052379418e+01,-5.832280758221186190e+00,-1.218209879249320693e+01,-1.109396859794837198e+01,-5.058140187341654936e+00,2.050913994314083943e+00,-5.459969321723862734e+00,-4.510289134502510677e+00,-1.053331415455242848e+01,-4.637664555572706071e+00,-3.636735004688298467e+00,-5.731672641938697410e+00,1.309133791930358282e+00,-1.887095951592235421e+00,-1.099268405418911065e+01,-1.563986247437932775e+01,-2.625494902308032952e+00,-4.799025469132550015e+00,-1.342941857761750413e+01,-3.953902203185235553e+00,-4.551015424507985685e+00,-2.380626350277893266e+00,-3.075571951619088917e+00
-7.952421540293892477e-01,1.946961602956686832e+01,-3.623103297428100333e+00,-9.177817155923919668e-01,-4.484978236516859340e+00,-1.181033229646056171e+01,-2.207571226768733297e+00,-2.600035197933725684e+01,-1.899425377580137964e+00,-4.978022832977845091e+00,6.255801934553357313e+00,-1.917943330582102845e+01,-1.626052946406903787e+00,-1.671103471749279379e+01,1.466743577873093862e+01,-1.041282011470119562e+00,-3.791735183235501072e+00,-1.400078841320815748e+01,1.327769738719096004e+01,-4.021903316815730989e+00,-1.505727535929825889e+00,-6.671729840124497324e-01,4.436559890422555164e+00,-2.918945684643493355e+00,-3.632346440088287665e+00,-2.203755162054721950e+01,6.244950042809151114e+00,4.321889586675204953e-01,-1.399760673015915113e-02,-4.360265776177907782e+00,-1.498320040594962377e+00,-5.841318075975244106e+00,-2.358855538593936707e+00,-1.737792672478517320e+00,-1.011538698079016640e+00,-1.764673025066566225e+01,-2.177470857404408822e+00,-2.173095338873299553e+01,-4.495919929549899052e+00,-8.641588974980276561e+00,9.396535940397779285e+00,2.084624737613158807e-01,-7.442126510940654249e-01,4.487099924377915272e+00,3.586979545345931886e-01,-1.644956451369301575e+01,9.055847994461672101e-01,-4.624127645136583808e+00,-1.095960176105503336e+01,2.705755551328995701e+00,1.135570685959293158e+01,-2.459639818294447888e+00,-8.093007938542388091e-01,-1.406590281346830551e+01,1.810346882875688568e+00,-2.728541168594614152e+00,1.875841882422755091e+01,-1.053943090941193717e+01,-9.721890307426364064e-01,3.046948161217533535e+00,2.384364879730765718e+00,5.201423452668755942e+00,-2.305951138889545859e+01,-1.308865306096439696e+00,1.266667870547824259e+00,-1.647968067934546310e+00,-8.402976984821910023e+00,-7.037121499333638397e+00,-1.977575037817160153e+00,2.047936925025688737e+01,1.292916538977914476e+00,-4.972141477394651510e-01,-1.238162899329108768e+01,-1.088421112767409937e+01,-7.212424389523396151e+00,-1.335164042447529198e+01,-1.243978142393689623e+01,3.289726929836515268e+00,-1.446342605543740945e+00,-2.847300505515482083e-01,-9.820536274374203956e+00,-1.242305968828534013e+01,-2.624702446058547078e+00,1.119443372407190829e+01,-5.777162106062657898e+00,2.254932992146729376e+00,4.712000414918282587e-02,-2.137379825666327804e+01,-7.891482882304803326e+00,-3.333696242270665522e+00,-4.388627848297259604e+00,-4.536685473535770008e+00,3.645344867683077972e-01,-2.064866223388373889e+00,-4.940649916848169898e-01,1.253238413524862871e+01,3.414394803811473089e+00,-1.553101557709037372e+01,-2.966153427406202425e+01,9.218176768561323620e-01
2.514556062192278230e+00,1.506431986661486455e+01,1.049543414870049318e+01,-4.173384254910196489e+00,-1.215807775005552704e+00,1.416121767647678276e+01,-3.313885727213503607e+00,-1.587369585886215262e+01,-6.528551214811431080e-01,7.105796248813600613e-01,-1.015282551833541191e+01,-1.154879490475878967e+01,-1.993834196884054277e+00,-1.359755819891161366e+01,1.973294406444124505e+01,5.251857406566038833e+00,1.476642887122233461e+00,-2.182673367313525503e+01,-5.079642908836111914e+00,-7.636362262030238490e-01,7.048038167366463824e-01,3.290576731699496715e+00,-9.824577913655576644e-01,-3.500389397115573509e+00,3.797489831070299804e+00,-1.860491100677473497e+01,-6.275772645313175246e+00,-3.164958791367413760e-01,-5.601297368369795748e+00,4.433635227510981380e-01,5.570891850653970856e+00,3.318664214113780098e-01,-2.747321010921119910e-01,3.239253739636303031e+00,2.906680535743436433e+00,-1.158693197617871817e+01,-4.977527420925538237e+00,-1.314935220728905918e+01,-1.659405801880853515e+00,9.342806228302455551e+00,2.318317602210857586e+01,-7.904128177774351727e+00,-6.341387460607177395e-01,-2.138969536269738736e+00,-3.286971625803899233e+00,-1.762343472288521440e+01,-3.277194094333925278e+00,-2.382632394289605049e+00,4.735301500629198301e+00,1.421716759545711639e+00,1.646275516227320779e+01,-2.914543528911006653e-01,2.583826339318274101e+00,5.799078074706727648e+00,2.978482640641747281e+00,4.468427711164490113e+00,1.327249430224371451e+01,4.779675301406584254e+00,1.530267158224096313e+00,-7.816977298438647637e-01,6.289440842237110640e-01,-1.437030814414407498e+00,-1.345026982851871367e+01,-4.670314994960976129e+00,2.061412043900957336e+00,-1.901085249696211399e+00,-2.434257737021424006e+00,1.469499032361791180e+01,4.967596500994064801e-01,1.715286967249538463e+01,-2.278791633181003640e+00,5.387900659766908795e+00,1.031774711795614330e+01,8.476822528150561809e+00,7.506396244219587288e+00,-1.253314545588134976e+01,6.571429468463422907e+00,7.296036860211442487e+00,5.976975604571339140e+00,7.679905958156677315e+00,1.462917330792878445e+01,9.335168555221153852e+00,-6.210440997723150502e+00,-6.142249166032156538e+00,1.930271270863168187e+00,4.583732463838880555e+00,-2.779177861156261198e+00,-1.375874456692496572e+01,9.668529405211234717e+00,7.299156888345360583e-01,3.263554187266797246e-01,-1.416847475237562826e+00,4.714593194082000949e+00,4.815674771503874574e+00,1.332488907801125055e+00,-2.637945136474629582e+00,2.025220559014142108e+00,-1.485903971032909077e+01,-1.343424779203646224e+01,1.529962959306869541e+00
-2.194446485604459873e+00,-1.168398716102479185e+01,-4.987502264932633267e+00,-4.675811563626525391e+00,-1.547282911830027086e+00,-4.819258371298639432e+00,-4.846078344179233888e+00,6.354142982094144187e+00,-6.301536489269192742e+00,-4.325206235004399602e+00,-1.478904305803871111e+00,-1.530928279285998173e+00,-2.882946131710708570e-01,8.669638815125589204e+00,-1.138806643682363173e+01,-2.079134279047332612e+00,-6.759091036072186753e+00,7.083514859670327901e+00,1.362999582762337347e+00,-7.267330600606964452e+00,-5.767319499207545164e+00,1.592119595516104935e+00,6.686502262301319277e-02,-2.755139874614494833e+00,-3.763866339562417007e+00,9.520488458619542627e+00,4.955286127968328458e+00,-2.944977820415609848e+00,-4.887316107663538745e+00,-1.732122589046063421e-01,-3.923964356278496268e+00,-9.720776555535595165e-01,1.771287197311292250e+00,-7.431177098604131004e+00,-5.348159007958841471e-02,6.441007681570085630e+00,-7.363414430115257370e-02,8.398401533412618747e+00,3.932604906820642121e+00,-7.773968353777044982e+00,-1.653737409156515525e+01,-3.023331533164416385e+00,-2.733036579047771752e-01,-6.443194403374493895e+00,-3.662276245148740728e+00,7.703852899680724065e+00,-6.703284413185375712e+00,-6.584438362931718913e+00,-8.765493311427032808e+00,-3.668633338166663371e+00,-1.208408149394240105e+01,-5.320717040527268793e+00,-7.839322719388211347e+00,-5.822150275022742960e+00,-3.392760008722391696e+00,4.744925224228735416e-02,-1.114716562746482964e+01,-3.485398640776179668e+00,-2.700033670691939225e+00,-1.070497119072940928e-01,-4.864135412807962133e+00,3.492715793380272160e-01,4.466979743066412212e+00,-4.524311811442614406e+00,-7.640834402083387822e+00,-6.661690181897533591e+00,-6.731929112927200975e+00,-3.904573012784497532e+00,-3.498680129147595963e+00,-1.435726789788823332e+01,2.840632861096722195e+00,-3.016192843486761310e-01,-2.245009565631256976e+00,-6.599377112214060759e+00,-7.500780636136702206e+00,3.393307597190114322e+00,-1.356978284721685490e+01,9.477065362539738302e-02,-4.614751884221802491e+00,-1.864937118249040848e+00,-2.760226954567303714e+00,-3.172306750844088974e+00,-2.917924527754161446e+00,3.989505852561848087e+00,-2.808032159259064464e+00,-8.982180156718289510e+00,-4.420134636375256498e+00,7.859684925841004421e+00,-8.200049956696169318e+00,-5.202918386989388466e+00,-2.847498340234546621e-01,-5.327790087167254107e+00,-3.602630193525009794e+00,-4.482135557677783488e+00,-3.720375625397577046e+00,-2.712447702078453649e+00,2.027075291267525614e+00,3.757012622728215234e+00,-3.914545899095398518e-01,-3.806019074568244509e+00
4.052951739529854436e+00,7.667852772914574011e+00,3.346364683053061118e+00,-3.758050521833751212e-01,-5.482466133673329800e+00,1.528307507829079270e+01,2.441473925920274901e+00,1.008994089900362390e+01,-2.136209236027599712e+00,-8.116161549688321042e-01,-1.120273236881477885e+01,-5.305959767946450967e-01,4.320202158460514141e+00,6.788304617130880736e+00,1.748931479310594783e+00,2.132081327985658525e+00,4.640528201175692091e-02,2.045824366815194750e+00,-1.562375370465113766e+00,-7.575058774756304736e+00,5.714508488489304483e+00,3.611080390546190344e+00,1.145750426858318249e+01,-4.765777267294987851e+00,1.737862944408618660e+00,4.047118361934979980e+00,-7.403924492939376378e+00,-2.375556208120384483e+00,-3.317455766410689844e+00,-5.833600043056963447e-01,-1.271291903910967136e-01,2.374070735662180631e+00,1.856340340000670608e+00,-1.217180132613714605e+00,-3.600284430354447451e+00,1.542249496477168025e+00,1.988825752625134724e+00,6.442059616825455137e-01,2.421540570480592791e+00,1.364415509248777170e+01,1.264355563230419932e+01,1.301865423851382708e+00,3.551251430151742383e+00,4.391230459922425666e+00,5.138027318863361614e+00,8.165508555824689818e-01,3.053795739977257284e+00,-2.714320211545889094e+00,8.363219984022807196e+00,2.452590864286730010e+00,-4.696937619868577052e+00,-1.142301788878993807e-01,-1.674277023293908595e-01,8.688019091564198604e+00,2.553264063278406493e-01,-1.638538825501633101e+00,5.859106886450247131e+00,1.445357074440787137e+01,7.552014150620964372e+00,7.629432578939375986e+00,5.912850498438177560e+00,-3.354422828041258242e+00,-9.746114071783297250e-01,-4.615289376331138449e+00,-6.312242841886150924e-01,5.128354493891308152e+00,1.597514020561166426e+00,1.410377983702371196e+01,4.167410070477719941e+00,3.896700340305923493e+00,-1.401181416296785276e+00,3.735964276070514956e+00,1.002904209010286429e+01,8.612890956279445120e+00,1.318735650982390517e+01,1.373462257512068296e+00,1.517293676427523863e+01,4.054590476043336444e+00,-1.861390819976435740e+00,2.354239702040104021e+00,1.749095876556142315e+01,1.615150855931302942e+01,1.052033856221271213e+00,-4.528744847844645705e+00,-1.478376891482345190e+00,2.909734361715414774e+00,6.897977839703548497e-01,-1.687083213369783063e+00,9.008228837824338697e+00,-7.213946014181847666e+00,-3.895023408317869862e+00,1.344150756035285887e+00,7.580806393465678639e+00,3.675145996478865307e+00,3.354068481755300368e+00,-1.123064634267174711e+01,2.534729598586256127e+00,-2.746338127372161431e+00,5.280108722657967490e+00,1.289176973296739082e+00
1.506879729731040340e+00,8.896874810422204405e+00,-1.315630030341998324e+00,-2.364184872749071076e-01,-9.138680229259598775e+00,1.250316484923736660e+01,-3.064565256298651397e-02,-9.486925652986551327e+00,-5.057125247734964191e+00,-1.310963370798976158e+01,-1.974370096541336217e+00,-7.055656753727076236e+00,1.481506270635250200e+00,-7.946791307040122376e+00,6.359482768158915000e+00,-3.152859145904316485e+00,8.408873567107858493e-01,-2.099092584402330175e+01,3.597254311623754308e+00,-1.009579494829056845e+00,-2.254263482029011390e-01,-3.185801313141768620e+00,1.112725461690231121e+00,-1.225127884318128935e+01,2.271572123652773723e+00,-2.097110262637290390e+01,4.197984954499980326e+00,-1.719181261300102959e+00,-4.912412584763858447e+00,-2.477839309414136881e+00,1.087898437537193175e+00,-5.846098188864727874e-01,9.858710549547160529e-01,-9.040438880995961268e-01,8.124080156318622681e-01,3.628046786371780241e-01,-3.888555521173865603e+00,-1.384882915120675762e+01,2.596467976305758985e+00,-4.369138226773454647e+00,6.132446721394040345e+00,9.380791359315876488e-01,3.873327467010766689e+00,1.698155601121632330e+00,-1.003080213918187624e+01,-1.219742890210804731e+01,-1.424780804868765038e+01,-1.421657127885953820e+01,-3.883454571042850301e+00,-1.915164896339952794e+00,9.414554271101220451e+00,-6.494571496485264106e-01,3.037019188010924520e+00,1.003588229200433668e+00,-1.125628426957171913e+00,5.792255900446999783e-01,3.853794567342192501e+00,-2.163853809130989347e+00,5.267993232604645470e+00,1.153777586433853752e+00,-4.311789756202093926e+00,5.284640154057646200e+00,-1.315800365966511265e+01,-8.844028341743722876e+00,5.014333377992465479e+00,-1.439276190243395703e+00,-1.868055402760880668e+01,1.109125818824835630e+00,-7.260889246759419713e+00,6.836062326571200387e+00,1.396906801125560982e+00,-2.026386171552874593e+00,-2.995377508915789910e+00,-5.666341962444722213e+00,-1.078731015809304417e+00,-6.040281383470556875e+00,1.901022417873019288e+00,1.152117235568558939e+01,-1.953364763410436966e+00,-4.614133551090669805e+00,1.277707766623397845e+01,4.729694122921407340e-01,-1.016314175684692600e+01,-1.747086203699840246e+00,-4.660608658967264617e+00,9.379133382494330817e+00,1.417591206089038325e-01,-6.062371320820378884e+00,1.097962405580481082e+01,-4.092443288774513910e+00,-6.953853432799547152e-01,1.212590977751129095e+01,1.040439377684329436e+01,2.397351119835095190e+00,7.852233181455636757e-01,6.465231962626782902e+00,-1.740263256272184700e+00,-3.558859588280797404e+00,-1.255724230905695826e+01,-1.389756769145150450e+00
-3.003634052302790902e+00,-5.310358421724132860e+00,-3.210910549464593977e+00,-5.812798990988428116e+00,3.292313389885209496e+00,-1.012565424923972390e+00,-6.561248334135028948e+00,5.684989285904279654e+00,-4.598962469174279200e+00,-1.773497907505398707e+00,-1.195669254135329496e+01,1.676382210365257919e+00,-1.634486953821794319e+00,-4.833238797908455453e+00,-5.168670772746372322e+00,-8.826581228032658544e+00,-1.278619068543803472e+01,-3.856071992332299025e+00,-1.763030600206646170e+01,-5.804794837211218805e+00,-4.880754076428936550e+00,-4.050206928127175310e+00,-6.757884371755803699e+00,2.218563136899787125e+00,-4.830803999036538343e+00,-3.854220147555414755e+00,-1.969697425471625962e+01,-9.283957106872235965e-01,2.549307907730598011e-01,-8.159785663462017169e+00,-1.909387694497809651e+00,3.046007489262327894e+00,3.560619408241024075e+00,-3.352490815161786042e-01,-3.157094207517204154e+00,-1.190057811798168430e+01,-3.945079265910399702e+00,-5.460542090255087189e+00,-4.927550472172836038e+00,1.704380408462226271e+00,-3.028464948283877689e+00,-3.964406307580801592e+00,-7.390978135142567851e+00,-9.966369726067375368e+00,-4.268938196898885096e+00,-4.949181744365104052e+00,2.499510526096707874e+00,2.257540761212162739e+00,6.936034184284984860e+00,-2.914413587578856379e+00,1.569484844100284437e+00,-1.010406863214031858e+01,-9.110982371291699522e+00,8.032652815665441537e+00,-4.245047676775827838e+00,-4.219937652009249973e+00,-1.231498913283966345e+01,5.901020931952174919e+00,-6.958757838445550625e+00,-8.226365597678713115e+00,-1.109111186522530446e+01,-1.528620540891714263e+01,5.039147186657363386e-01,5.201459986162308979e+00,-4.574879287244943527e+00,-3.896816910109618615e+00,4.105195017165108595e+00,8.200287567162272140e-01,-4.295947926525920835e+00,-9.078724226621671889e+00,3.241996660161565735e-01,-5.678610633317564549e+00,8.389799781266834344e+00,1.079589028574789999e+01,2.464247268149486025e+00,-2.881556782292995056e+00,8.339876281004395153e+00,-1.122709788047149893e+01,-9.120432851201283331e-01,-2.141995237908318028e+00,-4.542988619412907880e+00,-1.130862044935427413e+00,9.726265034084611294e-01,-8.920801868492761244e+00,-4.563883185727383385e+00,-1.284450876547831832e+01,-2.452926563210427791e+00,-1.460809227537264832e+00,9.511232175897492702e-01,5.868233402506429996e+00,1.903464231197289358e+00,-5.595384798082895017e+00,-1.123058875141640911e+01,-3.463576365911128718e+00,-6.556484786747039273e+00,-2.025384270362567207e+01,-3.476250413578487741e+00,-4.457942184716654488e+00,4.477634925577559599e+00,-6.017631186614639915e+00
5.202191381617912391e+00,-8.515237867020214679e+00,1.703108521335158221e+00,5.201475288525184482e+00,8.719218489121939086e+00,4.231270433728528957e-01,6.274840144631935956e+00,1.579745503812771545e+01,6.857862554269151367e+00,1.083742105923400167e+01,-8.862715732399681912e-01,1.742068269808616066e+01,4.740689400774158457e-01,1.504590799807739288e+01,-8.465945104317341929e+00,5.691042028251748874e+00,6.578168868705926542e+00,2.191622205012105695e+01,-1.111191307503305303e+00,7.626923202577397198e+00,9.256756834160206893e-01,-7.911229164135380465e-02,9.511879137669079221e-01,9.355491433657313394e+00,2.791422079724362515e+00,2.599383016951020409e+01,3.782504990002868439e-01,-1.002615635492262625e+00,4.409681358961180742e+00,1.568737958683859013e+00,4.756101603654166787e+00,1.353409223333392752e+00,1.522719145658403939e+00,3.432931141961784505e+00,6.125210610509899123e-01,1.491633743402999812e+01,3.696907696227432538e+00,1.556155974528787489e+01,-3.845998446302598239e+00,1.057938056482237421e+01,-1.296906171795540352e+00,1.115430193817965154e+00,5.354308661044358431e+00,3.892018458947684501e+00,1.342677709317017332e+01,1.623768922681195903e+01,1.484631292246950451e+01,1.342160681063356620e+01,1.448490915830674020e+01,3.382474775240333020e+00,-8.191207803158768286e+00,4.791105019187229530e+00,8.266760711638376780e-02,3.397241863957711328e+00,2.148894176611144680e+00,6.818120355474785121e+00,-1.236841232399264179e+01,4.863240027224147610e+00,5.266041639535774976e+00,4.919335268372144299e+00,6.620843524182195239e+00,4.471767696836497663e+00,2.077364496777497394e+01,1.515344083002162634e+01,4.134564037498915212e+00,5.123891624114784271e+00,1.596400342906638770e+01,5.097417700806474272e+00,1.050259388881268663e+01,-1.055861464587207621e+01,3.125390949430775667e+00,5.128660973381976795e+00,9.990108124807138168e+00,2.273000323489602792e+00,3.007536851925165955e+00,1.571012474644369661e+01,5.705272163586172063e+00,-5.254766109172089195e+00,2.165059003554927752e+00,-1.879391771399704092e-01,-5.587238153292831910e+00,6.184933234255820977e+00,1.480268550114698556e+01,-2.489593088210101612e+00,7.998302214816138900e+00,2.334045807536504924e+00,3.238757331401057815e+00,1.670916559157306835e+01,-1.522487262827973531e+00,7.576308396333458539e+00,2.795288253733163586e+00,2.351675761758098560e-02,-8.903187122144339938e+00,1.055649313171165460e+01,4.601383962588266208e+00,6.477504550389312499e-01,5.674774772825520230e+00,1.463154308114520141e+01,1.994231330512607059e+01,5.266876918623708548e+00
1.388539494127074558e+00,-1.828596683857168514e+01,5.615881139726515592e+00,3.076087306111363162e+00,7.395744012266384004e+00,-1.234536523490443471e+01,1.187203645308673838e+00,2.925391872555044070e+00,2.056165550795489239e+00,1.159338359707436261e+01,1.719919096043767937e+01,1.730547472871281656e+01,-8.590464458375072221e-01,1.915437484092243281e+01,-1.256566080805829344e+01,6.715104081009409143e+00,-5.090658647921062485e-01,1.828552727481617168e+01,2.028344782107955524e+01,-2.419982974637560957e+00,1.480318350429175700e+00,4.482846030572070539e+00,2.195003760561782258e+00,4.174665305793920922e+00,2.783672505234471739e+00,2.704031465037271786e+01,2.301355698313982501e+01,-2.402131055484404420e+00,2.275779369684231668e+00,6.516142257781167402e+00,5.274502829416523930e+00,6.892670638175876441e+00,6.100838203001163862e+00,4.750544830086765202e+00,3.750559374778813293e+00,2.273060950314784989e+01,-3.711527593879102582e-01,2.542411855194294645e+01,3.105624585934021464e+00,-1.393570133678039369e+01,-3.597411960756958393e+01,1.656826149429395212e+00,3.363547265832393940e-01,2.523491806031693763e+00,-2.883012141634013759e-01,1.764679696496618888e+01,9.180437741411795471e-01,5.381656158185156080e+00,-1.286255697940509179e+01,1.475332951359964229e+00,-1.757550907574251653e+01,5.497179467797245422e+00,-1.538011028198433827e+00,-1.319768480530543542e+01,6.058802654079948447e+00,5.892861202743554294e+00,-1.801326298437711415e+01,-1.598210433618325510e+01,4.222159323293842803e+00,5.751209336060266075e+00,-4.702954964594172615e-01,2.079024834582236636e+01,2.344189559306476411e+01,1.472592192553749291e+00,-9.138921529333443594e-02,1.644005707241616765e+00,1.177430916459414334e+00,-1.193052150029361691e+01,-3.864286765146585978e+00,-1.524560355749635576e+01,1.928523151316870354e+00,3.797069206400482066e+00,-1.187611204758142058e+01,-1.335955355547161361e+01,-1.304011734616977058e+01,1.710097149070844225e+01,-1.808101866696483384e+01,2.005257770617312474e+00,4.064894190247744454e+00,5.943188695250569253e+00,-1.406390726645377143e+01,-1.307064399090423379e+01,-2.080913586207003174e+00,2.389063561353873766e+01,3.430004024205153712e+00,5.641552879662429909e+00,4.653155506134227792e-01,2.536058862878376630e+01,-1.481633010508093129e+01,1.482430282021247603e+00,2.976737928664791699e+00,4.798432602522794355e+00,4.517512522583006174e+00,3.951076076487447519e+00,2.430115385554343810e+00,2.254944100492809866e+01,1.017649435698583460e+00,2.309886714458924573e+01,2.192450207323661360e+00,2.072126569502725779e+00
-1.240862304278127048e+00,-1.356487818401271417e+00,-8.878026162607877136e-02,-1.597805483758570011e+00,9.032841860053489214e+00,-7.875152961359050963e-01,1.875179377413920268e+00,-6.668463351987007570e+00,9.505005987904689979e-01,3.116496173562878447e+00,3.649104635676943875e+00,-7.340887181265668637e+00,-3.648924261966417504e-01,-3.584305186001967236e+00,8.606625150993901130e+00,-2.612361135373069132e+00,5.845598563106504386e+00,-5.680031543275243067e+00,6.099129318129927313e+00,-3.550671246629705458e+00,4.187956654351968844e+00,7.691574687293545320e-02,-3.202235531289034043e+00,5.043412194540713323e+00,-4.348251590761160301e+00,-1.390685432455358583e-01,4.843413766973228007e+00,1.539336993591065461e+00,3.290351050965298896e+00,-3.880426178697869433e-01,3.857917849464215898e+00,3.081368263396392582e+00,1.461587065052896595e+00,-2.099713867261076228e+00,-3.742086501428485423e+00,-9.325599935434711441e+00,2.495143531342691290e+00,-3.119010732823931153e+00,2.788358147688955846e+00,-2.308646764954784381e+00,-2.976836801269735489e+00,-4.159252763892220095e+00,-1.301384940727641659e+00,-2.681198672741932576e+00,1.914652989923512960e+00,1.345493517207555279e+00,-1.637131265754297793e+00,5.309302145338826051e+00,-7.716511008201331734e+00,-3.026770382213186839e+00,6.348096057188884700e+00,-3.857105367442997590e+00,2.812416543765487109e+00,3.474342302558730111e+00,4.542802308596121996e+00,-4.142069949864821132e-01,3.039212844628239374e+00,-1.675743519983252661e+00,2.243652847105281900e+00,1.349897559956681148e+00,-3.665986865748750656e+00,6.025362183818764983e+00,-1.088469777454980525e+00,-2.107029648700280422e-01,3.115119918682718758e+00,-1.946572485749033410e+00,3.534923002990359109e+00,-5.906087377225157198e+00,-6.152166502827152161e-01,7.733249795257250980e-01,3.425911889853695325e+00,-3.532247698623616650e+00,-4.541676120011622686e+00,-4.868461516561107594e+00,-1.654567145906270298e+00,-5.636488873207984973e+00,-7.170635007371618741e+00,-1.479717828104558652e+00,2.346835318753761168e+00,7.429609270016888090e-01,-4.639978829911736824e+00,-5.246495968528568810e+00,-3.053587583313499110e+00,9.632031803022599092e+00,-1.017390051061607181e+00,-3.111187974663193856e+00,-1.736432643479536297e-01,5.481499947893107461e+00,-1.107724719061671870e+01,2.715765165787467961e+00,2.024523796486230154e+00,-4.799334538895916324e+00,-4.448841757537930874e+00,-2.643688393629404221e-01,-1.801233427887729999e+00,7.540227261119770041e+00,-4.212155800193400523e+00,-1.819860689733659997e+00,-9.576692670496882442e+00,-2.010787615063402090e+00
9.615952930548238298e-01,6.436064734802453557e+00,2.668040875914047483e+00,2.782585611574673656e+00,3.538567015142765726e+00,5.968005208355152469e+00,4.662585376672277460e-01,4.211403294425196009e+00,-7.942820589767565664e+00,8.810202346267525186e+00,-7.697528255428466082e+00,-7.079639607127998779e-01,2.374342572203507640e+00,6.231842425931291451e+00,5.049005204690899973e+00,4.647238643532642932e+00,-1.729242331116894960e+00,5.815212652720502362e+00,-3.623326833135748881e+00,-4.772720445824878865e+00,2.475679740783319982e+00,-2.459262271887888485e+00,8.498075116844853838e+00,9.407053047068391294e+00,4.586766653774978053e+00,2.644605720332435350e+00,-2.911942496590246066e+00,-6.952145031125692043e+00,-1.437767020550832386e+00,4.518157985977511615e+00,2.189991105619106371e+00,1.582693351005445281e+00,-1.905979400948534241e-01,-1.384643910585511728e+00,3.734646812475790334e+00,-6.161947969684112181e+00,-1.851637774828356342e+00,-2.866762200796444837e+00,5.197494773060471474e+00,1.258846156240583980e+01,1.664084354510586650e+01,9.591510574590438321e-01,-2.667423766117818507e-02,4.315045649823402441e-01,1.009539786342608281e+01,1.617990515289274622e+00,3.489876575893842592e+00,8.583466018340189407e+00,4.289058648644306970e+00,-1.017508092941548536e+00,-5.690632657161927010e-01,-6.055184244650752001e-01,7.800105883187411493e+00,5.807497613986955187e+00,4.914317647315852966e+00,-6.695436587636072190e-01,6.560007765477186226e+00,7.723473594046097013e+00,8.777282876260865674e-01,4.674620476217040022e+00,8.397764988294159849e+00,-4.847571495215235338e+00,1.163229816645413806e+00,5.722911163212209829e+00,2.649727296141216382e+00,1.102211969657961310e-01,9.490681834301154751e+00,1.499109930654729084e+01,1.239605157388702361e+00,4.903010814768954617e+00,-1.683105320835802665e-01,6.064829846032328220e+00,1.116020745835952965e+01,6.126279305453989465e+00,1.517980372776368547e+01,-1.477964113280232805e+00,6.757744492878872578e+00,-1.024361908510767805e+00,-2.254585677237631813e+00,-2.399599833200071197e-01,6.904918372450089770e+00,1.530496060064792196e+01,6.183141528720828006e+00,-4.940342942343075805e+00,2.056416419925746197e-01,-3.338430675496379507e+00,1.680198771628709453e+00,-6.700331544284189533e+00,8.464099758977223331e+00,-1.204460357906022683e+00,3.088281942829561810e+00,-2.474186628458131754e+00,2.445581312463465107e+00,3.588839075882404472e+00,3.697612380975145996e+00,-1.355974382292156832e+01,1.699457976005784410e+00,-2.832172150492981544e+00,8.526842176571280518e+00,1.364606654120771978e+00
3.965378396480884415e+00,1.506891921672944790e+01,7.651270629174232951e+00,4.608492207740271240e+00,-9.608340032686596643e+00,1.618090902961316857e+01,6.547136156180151545e+00,-6.853862702521342776e+00,3.810949710431635218e+00,-5.099411227869304675e+00,6.606563742408219753e+00,-9.602738310927620091e+00,6.701559416012267789e+00,-9.324829815145847078e+00,1.259686014532473841e+01,4.289401740327189572e+00,3.217907353168158124e+00,-1.882797346221933665e+01,6.307567727367747956e+00,3.334865081013718147e+00,6.685010732609678819e+00,3.482511452281574993e+00,5.765282582710772097e+00,-1.028106481092569524e+00,5.225602268957866059e+00,-2.012249125989693965e+01,6.518478553775968187e+00,4.716621445882156038e+00,3.073266394801782209e+00,-1.239809488780569069e+00,4.298207748583621424e+00,8.536763793594918326e+00,7.627598616590668179e+00,7.354931162827526236e+00,-6.513798602570058938e-01,-3.747748493570096429e+00,2.774830333249979297e+00,-1.146206179568379646e+01,1.512374873049092017e+00,1.726360970430739439e+00,1.994330550880615149e+01,6.245736947977059472e+00,6.370475801022184470e+00,-2.920044667920405068e-01,-2.413868267387352162e+00,-7.920982634678967571e+00,-4.128907327163148899e+00,-6.459140809875165701e+00,4.576302761278968845e+00,2.996166672362560845e+00,1.073527479328007317e+01,5.480657582748819756e+00,1.864260980926378819e+00,1.890773402614371435e+00,6.324910984204521469e+00,5.609197204766813272e+00,1.959027836916842347e+01,2.123397862144937420e+00,-3.486043594275127333e+00,7.731215079352343089e+00,1.958016998801173747e+00,2.182858555060152916e+00,-8.432174866631353183e+00,-3.422347895878320223e+00,3.719012314237751138e+00,1.462406878727605941e-01,-2.170193852826402647e+00,2.340136509795027298e+00,2.609228964187042532e+00,1.619784109828587049e+01,6.629217573808985797e+00,4.113660959433140363e+00,3.392890443657840649e+00,8.746688752744973261e-01,5.292635154019183830e+00,-7.688499243729328469e+00,8.395750395102007602e+00,1.321296574981372984e+01,7.103815619641699719e+00,3.106908379101368745e+00,1.010145618076460217e+01,-2.639330576532043615e+00,-6.051318769354050886e+00,3.176507249625707630e+00,4.211915367903721119e+00,1.465814827244610896e+01,4.456396861443797874e+00,-1.031186941208917851e+01,1.354660014549743607e+01,1.420335276052130169e+00,-2.228821873604511783e+00,6.937010963721412793e+00,1.525212188698203164e+01,6.915786421969701614e+00,7.050968850776952124e+00,2.129883422083553413e+01,5.832056519895835400e+00,-6.034489473928684511e+00,-1.031392245948014441e+01,5.150466685595761263e+00
-4.528061351779902211e+00,-4.021841902718175099e+00,-4.066230352132139458e+00,3.729764763494850754e+00,-5.504429124025357112e+00,5.680365958380908076e+00,-6.113773207659509712e-01,-9.677915166559547089e+00,-4.470802094729620535e+00,-9.617577381298772821e+00,-4.027357282914865166e-01,-2.037127586091187492e+00,-3.403778247648770794e+00,-4.777619731930657920e+00,-2.733508546813429696e+00,-1.864680864187187481e+00,-2.465889368376350088e+00,-1.317453795011508433e+01,3.372136536751639824e-01,1.636728956358912690e+00,-2.997979061927175115e-01,-2.787614065112963946e+00,-7.385502883268403096e+00,-1.017635485391364369e+01,-3.159598483993568241e+00,-1.190726433742275248e+01,6.520762641170096074e+00,-1.942163376406558006e+00,-5.263846628219248203e+00,-4.340173796094697778e+00,-2.320428609907685402e+00,-5.193142718166489757e+00,-4.327478044410735691e+00,-5.186188400939620635e+00,-6.954219638925986047e+00,7.833358503674587858e+00,-2.738996846328625168e+00,7.107921082614556685e-01,-5.882654633047372350e+00,-9.175386664569725070e+00,-8.454298535115702506e+00,-4.948872166279225659e+00,-4.629050493377670605e+00,-3.743427463763230545e+00,-1.216673531649334805e+01,-5.027076075652997744e+00,-8.360456746362924463e+00,-8.832952412047880841e+00,-1.051262334967593048e+01,3.269009054648507551e+00,1.280965323719771565e+00,-7.052172429905037010e-01,-3.594115329385465962e+00,-8.511892222004769692e+00,-4.736671758732489690e-01,9.438936216793017975e-01,-3.797060191819304542e+00,-2.682781271517934663e+00,-6.211619577735735476e+00,-5.191952404986770908e+00,-3.846949305185212609e+00,1.534640465582796320e+00,-2.151176833845163117e+00,-8.343456118031731705e+00,-2.370642735872833029e+00,-3.641036415139982552e+00,-1.317105282184835957e+01,-7.449584340327049858e+00,-1.584440441972969404e+00,-6.122351561870799763e+00,-3.789656393807291135e+00,-7.563514712904096271e+00,-6.867700817269064117e+00,-3.421524706574228247e+00,-1.154114938216294206e+01,-4.211964839386558523e+00,-7.216200689702290560e+00,1.605791051893353583e+00,-2.626271875007430978e+00,-1.233142458746071091e+00,-3.784219752403785719e-01,-7.964455621584969336e+00,-1.277496653747279609e+01,1.224162288362116602e+00,3.051941206393276929e+00,7.762606243952300034e+00,-1.134691624664760035e+00,3.092207855298818586e-01,2.260484915648834914e-01,-3.063139972969967761e+00,-1.376833461243877732e+00,6.248237299043781334e+00,5.176116085963045066e+00,-2.962375691720740001e+00,-2.615571615778401693e+00,1.431897641166853674e+01,-7.775782099141167691e+00,1.869834086916606797e+00,-3.322397589534200613e+00,-8.662931501605585227e-01
-4.046186593068727078e+00,-7.320241178200063814e+00,-1.794404324874009804e+00,3.838506308783715681e+00,1.358257053874807108e+00,6.000429029555981231e+00,-2.402577268832014390e+00,1.275416936463144246e+01,7.500151357104621219e+00,-1.580013539878579953e+00,-7.427978448641781029e+00,9.079610580780059337e+00,-2.033659843037081139e+00,8.808412373940223361e+00,-7.800601815342543155e+00,-1.901101398842738766e+00,2.345471954257078107e+00,6.796049304397815405e+00,-1.220661302985931762e+01,3.250463347460100128e+00,-1.511058418360836431e+00,1.023588553255426969e+00,-3.132653519267989850e+00,-4.577182576905999056e+00,-1.725217838906013768e+00,5.836061241992216431e+00,-1.385629560436397867e+01,3.716616207168256913e+00,-1.315717869375450988e+00,-1.644355327483421503e+00,-2.179608836306432984e+00,-5.722624934334297198e-01,1.690976240586090196e+00,2.860764944971582846e+00,-1.207800832572996308e+00,8.306445952283283418e+00,3.569951683811392051e-01,1.314723114254126202e+01,4.728626544550472488e+00,4.478820791064138440e+00,-3.536531664943650899e+00,-5.537765906569149799e-01,-4.468959399207077965e+00,-6.114333515848370482e+00,-1.367751801005118395e+00,5.895765642091781444e+00,1.885365439328557935e+00,-2.296312057200687207e+00,6.603151565345091178e+00,-7.725860435839613238e-01,-3.771530991493865503e+00,-6.065398001152647600e-01,5.299236202897451564e-01,1.133118375785189613e+01,-1.122318090631427179e+00,-3.817935189828203235e-02,-1.558342011567566132e+01,8.278736550737521682e+00,-2.459063261117780730e+00,-2.745092210333484051e+00,-5.487853558516708752e-01,-1.496098254844081232e+01,6.690745273476666810e+00,2.813319416119934413e+00,8.908597802222906203e-02,-6.070699826736714044e+00,3.971647721704039680e-01,4.978371498670073336e+00,-1.622897768590880752e+00,-1.512509147991877789e+01,2.471694483388189756e+00,-1.022706777866397854e+00,1.127350671396963122e+01,1.081074464310814420e+01,2.410680844255345789e+00,8.330164450091915640e+00,7.917308887252344718e+00,-1.749538992177589236e+00,1.190954088062006644e+00,-2.546283474255810031e+00,2.736976477494678761e+00,4.575274642763713651e+00,-8.070895919828926068e+00,-6.305319790389347645e+00,-1.621404558755401348e+00,-2.042597075189352740e+00,4.905031886366540972e-01,1.228470635315184012e+01,1.049180078239559855e+01,9.002944168679278825e-01,-7.797967047657017314e-01,-7.623369706663611911e-01,-1.812789673503567567e+00,-3.965577151166070013e+00,-2.314233310224196760e+00,-1.047845931081641346e+01,1.962035203957048779e+00,6.360834326666281235e+00,1.467411467425598026e+01,-1.837931194825570547e+00
-1.184453971497038349e+00,3.467566022645915780e+01,3.277444546797253278e+00,1.157907826860244960e+00,6.666902143275965642e+00,-1.440270267103561608e+01,3.152542883298241616e+00,-4.087022055536249354e+01,-4.043954988972914499e+00,6.268233398265405931e+00,1.074993673998123356e+01,-3.783780620505920922e+01,2.200122490663174890e+00,-3.097242642678176949e+01,3.288792674497506141e+01,2.528751974643044687e+00,1.555943818038315385e+00,-3.285918465488889240e+01,1.039217093414369764e+01,-1.910466394331735041e+00,4.682528950665892253e+00,3.347456139694295008e+00,3.561650622570958546e+00,2.874158940177582444e+00,1.182363499921928573e+00,-4.003637922479379796e+01,1.099019907229935100e+01,-2.571545933911554727e+00,-4.091777887690008164e+00,-1.008845469442765097e+00,5.034780826611024551e+00,-6.876305190794436140e-01,1.539003179769298901e+00,-5.705118921246715713e-01,8.922184179416732253e-01,-4.330498753738828555e+01,-1.982542271208042273e+00,-3.324460274132183457e+01,-4.431436211262202995e-01,-9.062546517114769884e+00,3.185078406158033815e+01,-4.201507060175104780e-01,2.448347208302998346e-01,2.420214111035937421e+00,7.195636213289868799e-01,-3.576519541652422163e+01,6.399264283381173257e+00,8.886870446162435044e+00,-1.080843198910721625e+01,6.795527796939927256e+00,4.119371319170048196e+01,1.220998454052542481e+00,2.225288312868371143e+00,-6.899432702007475271e+00,-3.611782315485295047e+00,-4.550212103390354201e-01,3.459589143469406736e+01,-6.221395029978587843e+00,2.681852947583151625e+00,7.365858370381038744e-01,1.405789407731239837e+00,9.553808312285632098e+00,-4.006455615727177388e+01,3.841358300961373651e+00,7.263549253856672827e+00,3.161924435473925765e+00,9.111095991685992601e+00,-7.082063838362419261e+00,2.529959014286102370e+00,4.225577428255460433e+01,2.277367607684129602e+00,6.475297594061935946e+00,-8.333206552685082258e+00,-6.806998299950619113e+00,-7.128773692547967222e+00,-3.070699043341284096e+01,-8.003113581778492858e+00,2.441957360549915634e+00,2.388008918953925530e+00,-5.770217270257302911e-01,-1.179317043456758007e+01,-4.904303745389309910e+00,5.348839396861865936e+00,8.138227758357800212e+00,-2.839804139216943746e+00,-2.098005065894551269e+00,-1.875755539815092687e+00,-4.361779546514144812e+01,-9.630474673513880646e+00,-4.977316940263428746e-01,4.016319393235491475e+00,-2.266320489155910778e+00,-4.825496476088573239e+00,-2.190178809576671881e+00,4.518408986839900443e+00,3.042615237340831946e+00,6.728239114161349566e-01,-3.254554317627587778e+01,-4.205302016560553824e+01,-1.069951014377122256e+00
-6.636849331272366648e+00,-8.762045094486072827e+00,-7.772876582401472056e+00,2.618434798346230830e-01,-1.079516144510986742e+01,7.618479003428284102e+00,-3.368580652141312193e+00,9.263675208250340631e+00,-3.002562568555330991e+00,-1.236990607519895136e+01,-3.943081709627747067e+00,8.677460074787752831e+00,-3.568603106736367714e+00,3.351633715227924526e+00,-7.156137414172514255e+00,-5.069581170026968842e+00,-1.436909631566391177e+00,2.979622244448982826e-01,-1.054755975077739194e+01,1.322561089149008051e-01,-4.104384670365761600e+00,-5.629470456298788505e+00,-3.220538416502425783e+00,-1.197243445186665589e+01,-6.538223652284882448e+00,-3.464636274131542848e-01,-6.319140925772339656e+00,-5.289529586739169176e+00,-8.417613885004593399e-02,-7.343610668427237087e+00,-6.215070095257050120e+00,-3.359525477687801853e+00,-8.771703398299736110e-01,-2.852556559593819152e+00,-1.014913942755047493e+01,1.299436426014631785e+01,5.273351527429497310e-01,7.450048472032801961e+00,-2.355945235755911416e+00,-1.306657198217958893e+00,-8.001443724783969813e+00,7.106380855264915475e-01,-1.456835528254701195e+00,1.961434505296986153e-01,-7.559002186455694883e+00,-4.426225907432623785e-02,-1.060843486763466181e+01,-9.428362563148791509e+00,2.490681497581345383e+00,-3.137883388011777797e+00,-1.313406013734525679e+01,-3.377741947981030002e+00,-6.342522799260705391e+00,1.336021111917389703e+00,-5.905314248552958389e+00,-1.395334703916958574e+00,-7.030626570627636518e+00,-1.993673154203807307e+00,-3.351659132738463942e+00,-8.901213157702091650e+00,-6.507158087641208510e+00,-7.712950441026951154e+00,7.134753207254464158e+00,-4.354450372202563813e+00,-7.308768246674754998e-01,-2.527481050773643823e+00,-1.298844121865005619e+01,-1.943582985661088891e+00,-5.529742068866236870e+00,-1.542920803539348285e+01,-9.968294846503029660e-01,-5.288101990529965768e+00,1.838198935643255982e+00,-2.680292044196979084e+00,-9.945507537605120518e-01,6.241749935199258914e-01,5.145227095070715961e+00,-2.891565590705718058e+00,-7.090065946901358274e+00,-4.819225597569052333e+00,3.304958484039320687e+00,-7.733465674768666531e+00,-1.076532202111669534e+01,-1.082611868031635005e+01,-4.967410061376994257e+00,-4.059827895800695252e+00,-3.692255651963124663e+00,8.085974932000160820e+00,5.319754240265291756e+00,-2.813753597045493215e+00,-5.792932600919584729e+00,1.263083663269421564e+00,-2.666031485358259623e+00,6.038452058347977269e-01,-5.918807515980143430e-01,-2.245253642478719502e-01,-4.016040246597272656e+00,-1.440401727577763857e+00,7.592725768715279600e+00,1.830344621103557223e+00
-3.092342937317161589e+00,-2.335842928469374691e+00,-2.077454470973969514e-01,3.797801044906580881e+00,1.568669434451617439e+00,8.770019478471342111e+00,-3.245246582562336890e+00,7.208686658907536682e+00,3.986863367817638171e+00,3.454202673141149482e+00,-6.628356981611582377e+00,-1.056246101307048990e+00,-3.911967043307374325e+00,-7.080499864219603090e+00,7.294012285427781128e-01,3.108193302642983546e+00,4.653741331514949842e+00,-1.482292121696197951e+00,-1.109967069622850566e+01,-5.153705020571006656e-01,3.476162004220584301e-01,-3.280439155421523534e+00,-2.987827550434960955e+00,3.134251569735531540e+00,5.953188181498920706e-01,7.361333896841872892e-01,-1.548288460998043803e+01,-1.730614129991020489e+00,-2.383087065510335112e+00,-1.318500493651488803e+00,5.398365303749406152e+00,4.199862053182523702e-01,1.265523456845800254e+00,1.524276036774892429e+00,7.303942981829170122e+00,1.291268236486963428e+00,4.338504755970717941e-02,-1.594163294183668089e-01,-2.936650958509930298e+00,8.056571616863665852e+00,5.350129279989196185e+00,-6.981279789323631135e+00,-1.802574967113903526e-01,-5.036676672099911656e+00,4.868453483866073128e-01,-3.029370169298376325e+00,2.952881702560339772e+00,4.020289868063717797e+00,9.752378512589624293e+00,1.593396574285822709e+00,6.182762620883767823e+00,-2.854382803629739396e+00,-1.357913202970228328e+00,2.910765478239027537e+00,-5.095981682838934823e-02,1.316498216625606732e+00,-3.119423083013671771e+00,6.734775282544672947e+00,-4.090196118824078297e+00,9.954043404718984078e-01,1.183151413496483340e+00,-8.144426194731089197e+00,-1.731707668704240533e+00,3.016449352131596040e-01,-1.211576344788132920e+00,-4.743018445906438174e+00,1.395423098799328798e+00,9.999524990473879882e+00,-9.064526301831138388e-02,-2.406579021365074844e+00,-7.953967570099868212e+00,-1.613022076379927450e+00,7.799644410006085771e+00,9.621729142923495459e+00,1.687392051304219764e+00,-6.508282857426109125e+00,8.970354426645277712e+00,-6.241426707522842676e+00,3.869020651497105945e+00,1.464267317050065298e-01,6.213431144775921844e+00,3.380639177839415144e+00,8.388152284126123570e-01,-9.668004721668596702e+00,3.546726157132931601e+00,-9.422768002188997016e-03,-4.970748111430216554e-01,-5.560620095789330364e-01,8.473650728022024126e+00,5.329879709117042452e+00,1.555050561317821156e+00,-2.308159750088537354e+00,-4.027794381069430552e-01,7.014879375164410291e+00,-4.200335190835733368e-01,-2.872447967915531919e+00,-2.782997247389952022e+00,3.638648498274730692e+00,9.962514935731727306e+00,-3.135027681928807652e+00
1.254018997211233888e+00,2.137076322616099366e-01,-2.561185289865672843e+00,9.337828901280672556e-01,-1.277310198658559237e+01,2.642951592015500495e+01,1.309714977815477077e+00,1.514044615793447335e+01,5.529131106953567354e+00,-1.309570889556534645e+01,7.849340046261099602e-01,3.176822895308791583e+00,-6.098484751227202239e-01,-7.098424213185416942e-01,-3.508040353972330827e+00,-4.994082264579825292e+00,-2.683378118124744471e+00,-6.230463194658067749e+00,-1.323734672128780154e+01,5.222096375843325866e+00,-6.984329869458323348e-01,4.289464571328619691e+00,1.574596252054720313e+00,-1.118263353800898230e+01,-1.877738545453197405e+00,-7.410468786908299244e+00,-6.161595182480684940e+00,-9.348616508688052384e-01,4.244220913349757041e+00,-5.467927593631031868e+00,1.481309971223524702e+00,3.913976889728099984e+00,5.118855297428816620e+00,-3.447537232291693954e+00,1.702986088330912473e+00,1.907397904374708375e+01,6.595754698602041444e+00,5.919590934849616737e+00,-1.875538092571679361e+00,9.696379074047634106e+00,4.496354383664575849e+00,7.669921527947236584e-01,4.044201044072861961e+00,2.999354416172638427e+00,-1.274498853378161911e+01,6.349192136025713751e+00,-1.606301321757432987e+01,-7.516611779632744295e+00,1.406701851636237954e+01,2.737500673314519073e+00,-7.270913803567628619e+00,-5.164366120134392446e+00,6.666270259674346832e+00,1.801680136674799826e+01,8.464423642354307331e-01,2.305458401094738097e+00,-6.210444345530831356e+00,8.276818140922463485e+00,1.307807162556404057e+00,6.877343783723266490e-01,-7.806148061176232389e+00,-1.044117650328825242e+01,3.454614662907536271e+00,-1.123527151140084968e+01,2.648976504642408081e+00,-1.420586040161067709e+00,-1.744609762259572605e+01,7.998026154995427461e+00,3.414540849333578265e-01,-8.254606577782324095e-01,6.137409177192800769e+00,-4.047431678090015694e+00,1.906488844357526347e+01,7.106882440654417543e+00,1.133362783541736185e+01,6.965626182048795911e+00,1.922845405516914497e+01,1.805460297237221923e+01,2.425707500989426890e-02,-2.836875343521190196e+00,2.181853033381639762e+01,9.262863532431538260e+00,-1.471787659071725507e+01,-1.086141346189161894e+01,-1.290852512198222612e+00,1.478899859846769616e+01,-1.601365110516973500e+00,4.263595337227530813e+00,2.458480389823503032e+01,3.720499599845823901e+00,4.160432924546952904e+00,1.762707064159094017e+01,8.562072106837486984e+00,-2.134878170211423232e+00,2.173305812708082652e+00,-3.432639664288799075e+00,-9.710833942423622300e-01,5.159446236417924325e+00,1.339816218888655897e+01,2.550848296765964918e+00
-6.330482929522441848e-01,-6.465391387887589048e+00,-1.243337923416001356e+00,-1.127850454232951938e+00,2.290070120796236175e+00,-9.156247326156737643e+00,5.258189159183368488e+00,2.006091208596231468e+01,8.429139682869248862e-01,9.429321510509980797e+00,5.011062932989342578e+00,1.518189964704535200e+01,2.370698803314457592e+00,1.538138182696450684e+01,-1.031248872750306944e+01,-1.389492359320839032e+00,8.244018518024212039e-01,2.386921358833835072e+01,6.603136975965027133e+00,-7.970973772213729713e-01,6.622926715194076275e-01,5.479949824692818439e+00,5.973879577295640786e+00,7.983664764651244639e+00,2.812346471680142734e-01,1.562036541986562099e+01,7.575680559718996676e+00,6.049664042164199174e+00,3.607712242935626534e+00,-3.972593354348917138e+00,-1.042637480161293428e+00,4.837246376469731546e-01,1.619247975705950138e+00,-7.316956022822322936e-01,-4.591407710648636176e-01,1.093420089140853690e+01,6.154628987328709222e+00,1.520169576580163628e+01,-3.980262732818975024e+00,2.795110925869024321e+00,-1.459097445544679772e+01,5.780182953480733410e+00,3.899790211574918786e+00,8.123534932479515192e+00,1.232774446160586024e+01,1.456775033321053137e+01,4.778351568200143618e+00,5.074972731515618563e+00,-3.354049470871101946e+00,2.829840290897152943e+00,-1.350900859701243029e+01,6.810731374421676865e-01,-4.000050591410480472e+00,-6.310904735934006471e-01,9.524691680664132409e-01,3.430547942697553143e+00,-8.744189103004682551e+00,1.592113060956662496e+00,5.714306466723270361e+00,1.253063428788149469e+00,2.932931475844218649e+00,3.898003818270310283e-01,1.609504051627610366e+01,9.124574982686636915e+00,3.302743652574736455e+00,1.430841571822032421e+00,5.740216200104956812e+00,3.353824659865994873e-01,4.586261421687054529e+00,-1.034035273422354351e+01,6.024815344002815820e+00,1.570103974605539188e+00,1.882523242778525896e+00,-7.364826463216346264e-01,3.282960587580739720e+00,1.551787163348097209e+01,1.163234817714104530e+00,-5.729632962509390026e-02,-7.516048764762954804e-01,-3.229650732716550010e+00,-4.526911283057022395e+00,1.766406354822107616e+00,9.551526421219826091e+00,3.953570929026029912e+00,-5.537038493529538030e-01,-4.621319697827416029e+00,5.790615342877963867e-01,1.025846183084358998e+01,4.351146386872105865e+00,-7.438370055060046226e-01,-9.661138155211549394e-01,1.579110576364364249e-01,-2.830545763946464177e+00,-2.866894851100081354e+00,3.122415426417891382e+00,-3.783620676608793865e+00,5.352609833848655185e+00,1.156214103497524448e+01,1.595499216132757425e+01,7.034352454054803694e+00
1.520435650464094790e+00,-5.080191923218045247e+00,-9.114184399151448179e-01,4.237555379263397093e+00,4.129182458753260399e+00,1.054182273255924152e+01,2.239959336935120504e+00,1.321480559999005422e+01,6.025186726470506571e+00,2.819272334361972998e-01,-4.295701641359553236e+00,1.549967231449264382e+01,3.595040875135356195e+00,9.531132671816429536e+00,-7.002754528435422898e+00,1.659156818669821343e-01,1.738728069924970310e+00,1.312045261759140224e+01,-2.758394449962639161e+00,6.112800160967927887e+00,2.001953824311674790e+00,9.141048292802116393e-01,1.950825454749073762e+00,5.638720940347395683e+00,6.168867967131028252e+00,1.390820721390468329e+01,-1.805968198930831825e-01,-2.915215287913284214e-01,4.009699299776484871e+00,-1.958638195942579152e+00,-1.993866477122445691e+00,1.631453470786261573e-01,1.011223154676419878e+00,5.011408397879800525e+00,3.463985179020944383e+00,9.695286257268993069e+00,4.621866905406530890e+00,1.519851722896774859e+01,1.984871040775910700e-01,8.025236327786334556e+00,-4.363632703758341336e+00,2.996383349517551586e+00,2.486515772562795767e+00,7.216787316642625072e+00,5.121691623791551073e+00,1.290567162209385543e+01,-7.372768336768551478e-01,4.884692557129332258e+00,6.423065312745756650e+00,3.539409604698982470e+00,-1.662296506326294221e+00,3.963778345406165471e+00,2.000786537447208246e+00,2.515670482723259660e+00,-1.791336613613534912e+00,2.207932012612368045e-01,-9.787169527137031366e+00,5.855096585954159494e+00,-2.131639814736863148e-01,1.048096057441193807e+01,1.656400002380000736e+00,2.336251808340543690e-01,1.271878722328648514e+01,2.550824187454352909e+00,3.156216020918598097e+00,5.603725714304655270e+00,-2.720246967421324769e-01,6.506290742644679881e+00,1.421587049131493252e+00,-6.883155759383530636e+00,4.563379629858040687e+00,1.468728447152827243e-01,8.695876471337040670e+00,8.304414248318245484e+00,6.330533080442020122e-01,1.432155063212492685e+01,5.134829518006049476e+00,1.350368110872083971e+00,4.660042957062737190e-01,-2.448557091210354364e-01,3.585530731698865825e+00,3.378302324731848216e+00,4.504713596348405957e+00,-2.678664816093478951e+00,3.068674566007464133e+00,1.963473723477643595e+00,2.840218568689109269e+00,1.411304233096754857e+01,2.418225702442978076e+00,7.710979335506472410e+00,-1.143691167428409594e+00,5.318717944533324360e-01,-1.661422351386460550e+00,3.553405145936983978e+00,5.917440999482344033e-01,9.469175741478226271e-01,2.456322028861279705e+00,1.267485463954125180e+01,1.620632528696344110e+01,3.185368274196979765e+00
-8.002803107458036358e-01,1.503173370407723919e+00,1.046392378292264613e+00,-7.796106090668959432e-01,8.253980720578386610e+00,-1.198219204070692712e+01,-4.416850407494424813e-01,-7.800595279118460290e+00,5.906840323889557265e-01,8.610475603176146464e+00,5.381754476165802714e+00,-6.454544229241432340e-01,1.319587877955161082e+00,4.742675520660200039e-01,1.741375296340319734e+00,7.348758997863639841e+00,-3.894468121203240041e-01,7.602369296116677333e+00,7.311305461217298962e+00,3.544720152056992646e-01,1.024732529323149732e+00,3.290001238720279275e+00,-5.144090375611514609e+00,1.007231492995301281e+01,5.016888505597935755e+00,1.279705299124996198e+00,8.431836226339546769e+00,4.162971518753238342e+00,-1.509804389953910642e+00,5.737645440212363113e+00,6.365905017058397952e+00,2.921796255703542400e+00,1.314720105461465005e+00,1.523270081901658246e+00,2.514139168712709704e+00,-6.025356583609915440e+00,1.289823763575618676e+00,-3.707273182696652625e-01,2.317348088900939018e+00,-3.234022278890501312e+00,-1.821171924648990359e+00,-4.924902482234185808e-01,-2.862656815187051285e-01,2.546919743452973339e+00,5.922060687539033808e+00,-8.165798412647884419e-01,9.521867490019898739e+00,7.318833365258643475e+00,-5.632956804486504154e+00,2.350437714883974571e+00,2.317067423938879767e+00,-1.844714148768226369e+00,-8.837372730019529277e-01,-7.544323899666962596e+00,-2.069392609280950701e+00,-6.476692772357633965e-01,4.764421711964155648e+00,-7.345909677948693428e+00,-2.190557036729483098e+00,-1.263295443486353031e-01,7.585052202233130814e+00,9.324019536605598901e+00,2.780795282343500929e+00,4.184122842537831843e+00,-3.323556402277104915e+00,-1.965531448483388788e+00,1.119999463006636375e+01,-3.940895248718901289e+00,2.801306444791706873e+00,6.064427499222079909e+00,-1.307735986784446913e+00,7.076768210800215897e+00,-6.043477160230514400e+00,-2.828382941232740144e+00,-3.304973725077189783e+00,3.525072744761856391e+00,-2.999924818406469740e+00,-4.993457310668667049e+00,6.349400867783278279e+00,2.418340434761862667e+00,-1.347455044133907442e+01,-4.388586307420449195e+00,5.731036189179058660e+00,1.173626963894810338e+01,-2.206671898721546121e-02,-1.099454227315244559e+00,5.720903791479413414e+00,-4.644579500877791034e+00,-7.213054567353603730e+00,1.064480073013465145e+00,2.902965150666537042e+00,-7.092742485049264189e+00,-1.334431351835466906e+00,6.809774788112680888e+00,1.078839454472589443e+00,3.187510740645081331e+00,1.569701468139612421e+00,5.541252034619709832e+00,-7.279477483626852319e+00,4.157682312857925666e+00
-4.421714076686344086e+00,-2.307760334895222343e+01,3.705410448899249864e+00,4.570704120303827445e+00,9.006387483216990120e+00,-9.924310701989289996e+00,4.364475405987570333e+00,2.570580821433640395e+01,-3.107056199354662152e+00,4.900875972798129254e+00,6.291884914511375548e+00,2.512800182504425095e+01,1.373738795530663248e+00,2.690958782102953606e+01,-2.668166515548959339e+01,2.631859369106632318e+00,5.538975983368810141e+00,3.546285270347902951e+01,5.026681767417894520e+00,-2.882528641566305616e+00,3.287761442390821021e+00,5.391064099956446753e+00,2.013721006975980110e+00,5.896418328657374808e+00,8.884603083721021033e-01,4.250103387502366559e+01,3.790647746914816096e+00,4.219269628624775947e+00,2.186167271870282924e+00,-1.274497966567780693e+00,-1.193797002740248692e+00,-1.054079965907163352e+00,-1.441925340169436964e+00,-4.126194540539875888e+00,-1.377421625501892288e+00,2.095621870123305186e+01,-2.332686966868608991e+00,2.779986487749569335e+01,1.755062174105756378e+00,-7.092403874133093034e+00,-2.380230384507243002e+01,-1.517884901710063517e+00,-8.782101700036020198e-01,-6.194728804052860305e-01,1.113736803612651372e+01,1.707773986714995829e+01,9.031381537023186468e+00,4.225630019902995471e+00,2.060719236392722475e+00,1.796613107878752391e+00,-3.083209757121988659e+01,2.419801497248693867e+00,-1.981524025508792919e+00,-6.568135446035300085e+00,-2.255564087802213624e+00,-3.825806368139504698e+00,-1.838602445290762333e+01,-3.183589259507586089e+00,2.179343429552933031e+00,1.974416750065120629e+00,3.766298915986353357e+00,4.084442796220750793e+00,2.937256423528504357e+01,4.817369893380844204e+00,1.155401980797482908e+00,-6.180694474872514554e-01,2.856600230452786437e+00,-2.990305019771721362e+00,-7.447859111966161905e-01,-2.938166836082221067e+01,-3.131569233622546022e+00,-1.014073308212177782e-01,-3.921881904709564548e+00,-7.420658966000591050e+00,-9.697465182688969065e-02,2.355279407951457316e+01,-1.824578954053594604e+00,-5.203866471526067627e+00,-3.637193491617535024e+00,-3.369089914689264997e-01,-1.292103921587465187e+01,-6.651548413333684628e+00,1.011663510396901700e+01,1.012884514129057045e+01,-9.143916073677592626e-01,-6.506075180829245852e+00,4.675648282450327820e+00,2.086208322740241172e+01,-3.130344798066863277e+00,-8.238534089981579545e-01,3.479107018148824171e+00,-4.427017805541726858e+00,-7.638371560780353065e+00,-8.373378225742278413e-01,1.636166959483946748e-01,-2.728290821746348627e-01,1.074359574468210177e+00,2.512783645690547729e+01,2.710523420154795460e+01,4.402248374626337224e+00
-1.470626499923838315e-02,8.560752958238285970e+00,-7.580072596429474618e-01,-2.334233690092927915e+00,-2.236010079140966056e+00,6.295164747440556319e+00,-9.203851389697406127e-01,-3.588091780711202272e+00,-1.397420962173960168e+00,2.323589526817239292e+00,-9.813618052071504394e+00,-1.527696120964748161e+01,-5.355431515350465688e+00,-1.659734425437741123e+01,1.244390503090185263e+01,-3.378843775684383655e-01,1.078832586055221032e+00,-1.346987726128800311e+01,-1.204727373996345108e+01,4.798109655510685023e-02,2.561242496202761121e+00,-2.917815095829779715e+00,-1.099857158804507629e+00,-5.893393934652314314e+00,-6.094246638556315432e-01,-1.245435505105965390e+01,-1.359138629231858353e+01,-4.423595918369803148e-01,-4.065389759965153615e+00,-1.759213481438201221e+00,-7.168697967339194843e-01,1.143350993969092233e+00,-2.115114352969192701e+00,9.585037159084406344e-01,-5.695247490634895993e-01,-1.695478117556627851e+01,2.378565944927494513e+00,-1.383747278932344393e+01,-2.884351890064164259e+00,9.357794308365116720e+00,1.834020241257187323e+01,-2.497212715300623831e+00,2.604204808234148683e+00,-4.547994109729536660e+00,9.027139705289357607e-01,-1.638437845195674925e+01,-1.606668291227168588e+00,-8.186594106637166135e-01,9.403024042273850469e+00,-2.236134812401231908e+00,1.337609037350163810e+01,-2.920322142844595348e+00,-2.647241253471170896e+00,1.354171487124442308e+01,-4.245199273327612488e+00,-3.099903891087714580e+00,1.033326604005089777e+01,1.204773648613518411e+01,-1.868666399518701171e+00,-2.332694600549536368e+00,-1.177672152484193990e+00,-1.155730126626664145e+01,-1.258102277889781817e+01,-6.560948433370815458e+00,-5.780445688460282838e+00,3.634117634045389789e+00,-3.658697043424886441e+00,8.668458025689707469e+00,-5.275605265608727557e+00,9.136315180528235658e+00,-1.370374585988669569e+00,-2.247186508373704594e+00,1.277526135922849448e+01,8.553587617482889982e+00,3.347915686324613560e+00,-1.291297767851248679e+01,1.160334413005715426e+01,-4.314227340799403621e+00,2.883407971200271369e-01,5.903644059111657683e+00,9.847743362471694795e+00,1.035240335823468882e+01,-3.751995919200877605e+00,-1.371494605044532733e+01,1.487367191188722071e+00,1.507624678126753714e+00,-1.577946245284696625e+00,-1.215235952999523050e+01,8.677203308229628931e+00,-5.530973636977294383e-01,-5.157093527171539904e+00,-5.641361673521355868e+00,-1.569803843008501731e+00,-3.482220758294296559e+00,-5.015513518672899629e+00,-1.054648638191863874e+01,5.034839498723981954e-01,-1.560718192787977188e+01,-7.165784293547868167e+00,-1.866122388838657553e+00
3.002433471369012175e+00,1.980959059895421959e+01,7.967384091018240300e-01,1.067595317394284482e+00,2.187654933377835675e+00,-1.696971495952967590e+00,-2.760891364251918834e+00,-1.910389775907423271e+01,9.237750177408441399e-01,6.765008492098923298e+00,-2.067933777687124497e+00,-1.605749689253805812e+01,4.145452554208816309e+00,-2.314047744801111506e+01,2.303133298793305173e+01,-3.982283800787020045e+00,2.383573584703474246e+00,-2.087184415284911054e+01,1.369280473129593112e+00,-2.422012786907245252e-01,-1.515154991977289700e-02,-2.352781001518422954e+00,-5.140502853937787719e+00,1.752020291965602494e+00,1.040745200675752935e+00,-1.816548795971344887e+01,3.980594896194362242e+00,-2.561288625720890000e+00,1.205739437913309509e+00,-4.425858099262296896e+00,1.218914798066101923e-01,1.618047060105307633e+00,-1.150043168996070619e+00,-1.762743583228796318e+00,-1.274092128054650774e-01,-2.948725958581013629e+01,-1.940279899502088012e+00,-1.808975680222083326e+01,-4.533766933816930078e-01,-2.687929955432002416e-01,2.489009691482655739e+01,5.145083994273841554e+00,5.271745726784605068e+00,6.057979376472850674e-01,2.496778272993298575e+00,-1.554449073971685991e+01,5.317546081761581611e+00,6.763760324945867985e+00,1.244969876268410935e+00,1.577778632687920179e+00,2.153209373144281358e+01,1.980911415994069280e+00,-1.869565825108589818e+00,1.285190599312723059e+00,3.036928112676431812e+00,2.532943676845674119e+00,1.816496940627125412e+01,3.391559421486413761e+00,2.191415489775316860e-02,-1.007423416143622630e+00,6.156300123518902989e-01,-1.187079872247798207e+00,-2.179300578879773198e+01,7.600049856690720418e-01,1.102349530238616371e+00,1.803596145631871872e+00,6.794608272729711018e+00,4.784938886876021868e+00,-2.169021756302632831e+00,2.191512343162344223e+01,2.812943032971128687e+00,3.290812014357304971e-01,6.303278050235308072e+00,6.158822107549897229e-01,-3.139539124127197489e+00,-1.725308769658539632e+01,4.941777652973116552e+00,-1.900152880553282131e+00,2.572096324692695113e+00,-2.221510784903743652e+00,-4.701175861740628292e+00,3.726785642514697905e+00,2.381056610299518539e+00,-1.076029784018583069e+00,-8.088464305722045111e+00,-4.070973842133230214e+00,-2.570899702679499743e+00,-1.634225868944508520e+01,-1.830870621584400837e+00,2.501159575567925675e+00,3.057385352932963096e-01,-7.415584860043107795e+00,-2.717672461047568433e+00,-1.953254276572855330e+00,1.868052157697292825e+00,-8.264437539489110307e+00,-2.089904395817151261e+00,-2.111994714441502197e+01,-2.165175112217895759e+01,2.546509116370008208e-01
4.057728863942094755e+00,-5.875356625473540539e+00,5.264361176293269828e+00,2.794878208674238973e+00,1.472299055453509808e+00,-6.168104316124968456e+00,6.716322851568118146e+00,1.024506822453104427e+00,-2.533283658699291507e+00,-2.282756478991147198e+00,8.526228634373195447e+00,8.157367925729577252e+00,4.379198436224390534e+00,1.261722898230268974e+01,-3.326499612053317456e+00,-1.141815301020398854e+00,2.643014137521370266e+00,1.353258760186188780e+01,1.065658948897720570e+01,2.599041823544182339e+00,4.880114287164364129e+00,-8.014914567773703258e-01,4.387186532505892300e-01,1.633013825971250998e+00,1.629712907008097122e+00,6.715473042265491799e+00,9.999720003014980207e+00,2.125158311489649954e+00,3.155707648720728731e+00,5.363453624416700372e+00,1.280214252587101420e+00,3.393017053360668278e+00,-7.844516846275747524e-01,1.823179593994904701e+00,4.161905931954570370e+00,9.456393456289248434e+00,3.462650670634582761e-01,9.664294882868535552e+00,1.293494654486138096e+00,-7.472729449072142316e+00,-1.471221017317967039e+01,3.490911930239169791e+00,1.324409646009035546e+00,-1.072532638520560022e+00,2.957180001029466432e+00,8.452213290439983595e+00,1.753066196304213564e+00,5.707584497829548908e+00,-3.370724842149794398e+00,3.023233981515646374e+00,-8.403219859058566499e+00,3.851981450839073506e+00,1.623378551416268856e+00,-8.695768993757621246e+00,-1.379411256330516977e+00,9.085267606995184320e-03,-4.590551025535738461e-02,-1.023845708287132261e+01,-3.099951258617186678e+00,1.248717611392944571e+00,4.836114952667041500e+00,1.323043908349287889e+01,9.177859508538610100e+00,6.587903174228216807e-01,1.027035683638378272e+00,4.080408435723835048e+00,3.248108504825428344e+00,-3.922748637407369010e+00,3.192390577518867012e+00,-7.681773818207932258e+00,-2.777723321724463457e-01,3.264160156775829158e+00,-9.658242940497721918e+00,-6.297619242072377332e+00,-1.665030090302895616e+00,1.002012064251564283e+01,-1.105886545746121996e+01,3.155429704850894801e+00,2.875180560283262743e+00,-1.349809262917067265e+00,-8.678018661650474641e+00,-5.925532161868429348e+00,8.202301661635512886e+00,1.103060740425119057e+01,5.881295608940967590e+00,1.181348135080890982e+00,5.316642113355522170e+00,6.706824977022064260e+00,-1.042122447620335635e+01,-2.280099541238170602e+00,1.314957120793566858e+00,3.290530457792857355e+00,-1.311103811866898727e+00,5.355034033093683199e+00,-1.211602722837230139e+00,5.739279380127619845e+00,-1.055972302252916606e+00,5.762039316353316565e+00,8.459199380735281437e+00,5.768209121637086767e+00
-2.810434908715208291e+00,-9.609169749727797694e+00,-4.095124286562047189e+00,1.250217901317818736e+00,-7.854756275561635137e-01,2.706768111690770695e+00,1.807260924365848842e+00,2.516066081774217622e+01,4.685708865872461715e+00,-2.956515384660403534e+00,-1.375632371468124227e+01,1.174038324599331240e+01,-5.243622611609954021e+00,1.567640122293058624e+01,-1.611380464526656908e+01,3.368252362623497476e+00,-3.638002246770755121e+00,1.721285589990516485e+01,-2.011647202690658887e+01,1.293792602878155673e+00,-2.243613132905738716e+00,-7.134349205094130397e-01,-1.579655545410023176e+00,2.317525875224540677e+00,-4.351072501059703335e+00,1.510889958798364319e+01,-1.652376063735087541e+01,2.474207249981407397e+00,2.322544812806504044e+00,-1.548949166570807279e+00,-5.499703380032326727e+00,-7.982291774298458265e+00,-2.323703910404605999e+00,5.523601901083396992e-02,-1.847995639561432757e+00,1.412527547029274011e+01,4.995246593886303321e-01,1.397516926051322095e+01,-1.613116982327258864e+00,1.079212058858938761e+01,-4.580287779316384977e+00,-1.908933404659342248e+00,-3.196705918112227263e+00,2.855066809473429501e+00,4.970999173314973874e+00,5.395979102211429179e+00,-6.588146151996889799e-01,-4.633387654593215110e-01,8.635877166430455887e+00,1.781321638650199102e+00,-1.397950213979353329e+01,-2.956308583070423435e+00,1.805007947307933458e+00,6.571980071591754680e+00,6.050352982172663374e+00,1.528542674832623405e+00,-1.382338461182688327e+01,1.026556776251161374e+01,-9.122052408397212098e-01,-4.853106568540032306e+00,2.334925927984736194e-01,-9.487848161874813613e+00,1.721361095915948880e+01,-2.996465345779974143e+00,-2.316253802379389715e+00,-4.740312156017240319e+00,6.030950348530430549e-01,8.420286668874226166e+00,6.554434208567436748e-01,-1.623018871082778602e+01,-5.454856952612182397e+00,-2.253341540500037432e+00,6.298372956588210059e+00,9.894676196874234719e+00,8.997686805611200711e+00,6.676195939209715213e+00,1.404451027894005577e+01,-2.969496407585544340e+00,1.022845771608338561e+00,-4.732008006169047931e+00,1.982572688405981332e+00,7.841058340622125478e+00,2.712078356442537697e-01,-1.234175052825055374e+01,-1.799912331634234697e+00,-1.235437633299414584e+00,1.845813921411450398e+00,6.473865915569006368e+00,1.229162837986875445e+01,-9.612226316673823101e-01,1.112826319729802060e+00,-4.439094519885482093e+00,-9.745008043630436489e-01,-3.542510487766517002e+00,1.880269061131809138e+00,-1.859727319983295502e+01,1.516460368599489517e+00,9.574188159431797018e+00,2.203376727462250884e+01,-1.186029726027627351e+00
-2.501431526647868164e+00,1.591825379032189680e+01,-2.397515324600000497e+00,-5.463753877092820233e+00,1.120326122264362034e+01,-1.007032346663401512e+01,-8.820599827320519948e-01,-1.607260581470045580e+01,-2.213633781364927167e+00,8.841099573115709376e+00,3.805469857247569365e+00,-8.954627865444628299e+00,3.935823410094038355e+00,-1.508708899163127448e+01,1.128819016964872901e+01,9.471960398930590053e-01,-4.614284187261271875e+00,-9.976076023731071274e+00,8.015402767198933631e+00,3.913426679984961076e+00,9.709327110387317994e-01,1.044526255295327610e+00,-2.077444435804246758e+00,1.254589452780474446e+01,-5.663131510681729264e-02,-1.085028829818997487e+01,1.260000998380693460e+01,-1.380667407887812947e+00,1.447672663847206831e+00,-1.829407512530498936e+00,-4.374701013622949830e+00,4.706095526328081258e-01,2.085476099460667587e+00,-6.067545278314470103e+00,3.700521529263883558e+00,-2.639431787609301949e+01,1.586033701630257475e+00,-1.352488789092191013e+01,-2.216612033765372747e+00,-6.025488541985756896e+00,1.596471844276622498e+01,2.638996442896219818e-01,2.195638123925499396e+00,2.089412639319545129e+00,6.160793356649075569e+00,-8.516945485584844988e+00,9.020266684591566886e+00,1.007593847845868495e+01,-6.263900447772715374e+00,1.673918895529089568e+00,9.267163568437609911e+00,-3.655939946749246605e+00,-3.584134562652151246e+00,-7.763923633365396704e+00,-1.244522965877766785e+00,-6.244229750220179120e+00,1.352180808467935336e+01,-4.117290348583425796e+00,-7.047112706812469485e-01,1.585431500700368312e-03,-2.137480267132818579e-01,1.114367530046430588e+01,-1.681189932664317155e+01,4.218834032178154558e+00,2.227568448625004471e+00,-1.389291084098741358e+00,4.477829616385955447e+00,-6.316771924365005120e+00,1.717821920061753493e+00,1.117624035413457051e+01,2.381109587769106195e+00,1.568853908176822687e+00,-6.240584016561341762e+00,-2.227028114951865589e-01,-4.908353060447024241e+00,-1.204289422378064067e+01,-7.397341445728597087e+00,-5.317301533546570091e+00,-1.583218564325517885e+00,-3.901794044459012678e+00,-1.247556294762767060e+01,-7.324405677458504016e+00,5.114680980003902810e+00,7.058242297194895265e+00,-5.344413333706211411e+00,-5.418910757242056953e+00,-3.320468857753321457e-01,-1.150261194380413698e+01,-1.558167647976672754e+01,3.646907138600903320e-01,-1.743228082049218752e+00,-9.104469165784959017e+00,-9.262233475252308779e+00,-8.193090623325697264e-01,2.389096674953381516e+00,-1.584179075822174765e+00,4.011414652099657197e+00,-1.488956541034197834e+01,-2.240868089876867941e+01,1.864765354019791488e+00
-1.281090265498730174e+00,-2.136656050121188244e+01,3.095998378040309085e+00,4.176684082798170827e+00,-2.377346678336224706e+00,-2.273230007473027836e+00,6.575330146246529672e+00,2.094168746766888844e+01,4.431392873349063954e+00,-5.795842075347019673e-01,9.822534517927492548e-01,1.533509376414660252e+01,7.016613784586496205e-01,2.671672381846019917e+01,-1.180230150372604214e+01,-3.382867422611903763e+00,4.442761990210059686e+00,1.943179995260318549e+01,4.930397004478216161e+00,-2.375094912649152068e+00,-7.633895933145806723e-01,3.341946818947227338e-01,2.013926118967014567e+00,3.640388342685542344e+00,1.756324986343682948e+00,2.564316422697613262e+01,4.756547045945156427e+00,-1.946999125791055718e+00,5.513731591057797310e+00,3.810946243244086151e+00,2.237417889766081025e+00,9.689122595626455947e-01,1.265119472638726039e+00,-1.227645823952045578e+00,2.568630267420953572e+00,2.043411744501683103e+01,-1.281316146717329074e+00,2.341587329460834610e+01,4.518109160733564389e-01,-7.235495431886445061e-01,-2.816662050684437091e+01,-8.330228621833566383e-01,2.710697525653368523e+00,4.752866934810163757e-01,1.245770464570167269e+00,1.994716684385589645e+01,-1.211643156010708156e+00,-4.760243234237570675e+00,-1.990559398855267226e-01,5.698873770658940963e-02,-2.175429018489066024e+01,6.652255450640476298e-01,3.567982383950113690e+00,-5.687231282214641581e+00,-2.199388569073450928e+00,1.208434308022072745e+00,-1.517363775198709597e+01,-2.195751196574300401e+00,3.216987491434921687e+00,-2.547813796797548491e+00,9.495739625410462015e-01,3.962643645570766093e+00,1.802330646118353030e+01,2.552255347551473541e+00,4.729323800794422716e+00,-3.487246801882791125e+00,-3.332554674903017045e+00,9.237005420247745846e-02,7.644538095654302978e+00,-2.047126840761160693e+01,-1.943207689738778443e+00,4.408696126959151584e+00,-2.421268716941268995e+00,-2.130016572898536964e+00,-3.407582027195817265e+00,2.166715868930051414e+01,-3.797351585849403133e+00,-1.535790075596676463e+00,2.814726891036763323e+00,-2.987249873494740582e-01,-1.810488437639954151e+00,-6.667489588755692864e+00,-4.804624008836935189e-01,1.267879798931980329e+00,2.348088464664577657e+00,5.469758258267451989e-01,-1.589238861583798013e+00,2.088717840488404676e+01,-1.363088028369760618e+00,8.229585364078165766e-01,3.021807560599798048e+00,1.390099040687104548e+00,2.470423940657813677e+00,2.826147339573601425e-01,1.364531357572089432e+00,5.337686481360775836e+00,-8.411443544526917560e-01,1.995248986079461773e+01,2.007619690847505112e+01,4.331753497627248706e-01
-1.537789325830210219e+00,-1.570558097263300290e+01,-2.089780607900844078e-01,6.956598339487594096e-01,-1.203112240005899025e+01,2.708568564806794399e+01,-2.728577567927437997e+00,2.726966913780900725e+01,-3.072539336521306730e+00,-9.535789209278432210e+00,-1.925382827966944532e+01,4.433330071831131924e+00,-3.794150649627549221e+00,8.680654197474195755e+00,-7.244927974105634050e+00,3.215315241720786976e-02,-1.986528701588450074e+00,3.800698444332140102e+00,-1.988558443746390125e+01,-1.440449172942260159e+00,-5.680063043703235337e+00,-2.619651876963256854e+00,-4.150909675377223884e+00,-1.079720609156655087e+01,-6.708006219274055937e+00,7.116257519722000602e+00,-2.181639239992329493e+01,3.213247538591175734e-01,3.593902794613101914e+00,-4.919621333881400105e+00,-3.843913598188428704e+00,8.229967101582560396e-01,2.814749620669495300e+00,2.586330848589246223e+00,-2.938215054325737707e+00,2.107017272884390025e+01,-3.846264661841387600e+00,1.300819591222731475e+01,2.674253735750439009e+00,1.424729927828353482e+01,4.660158624944682471e-01,-6.972829112041333488e+00,-3.237157952298923558e+00,-4.328768339482516936e+00,-1.354208013094073770e+01,6.983606944507697811e+00,-1.135543044273217461e+01,-1.272608522068656001e+01,1.499771087839777195e+01,-1.571971332344492378e+00,-9.534920006631942613e+00,6.686829556456657109e-01,6.743484102924944823e-01,1.710145753961153758e+01,-3.606202645912468530e+00,-6.640887384697299334e-01,-1.837235813028790332e+01,1.670343535572883553e+01,-6.338719475352450061e+00,-5.101251986596717636e+00,-2.476015492866524781e+00,-2.017323602760675882e+01,1.316815070995433956e+01,-1.148344252473645355e+01,-4.543379919533214739e+00,-4.789167101749324473e+00,-7.513459332275443714e+00,1.226598627150116805e+01,-7.006419600218455557e+00,-1.302420783607392174e+01,1.102885760781979529e+00,-4.281892416327399253e+00,1.420652668616533809e+01,1.400730305628159655e+01,1.089632731060412496e+01,1.081984694395423219e+01,1.826716659186895697e+01,1.081314620950452188e+01,4.559008616074422537e-01,-1.036566659696693815e-01,2.384868542850464124e+01,1.766678620589132365e+01,-1.521042629467343943e+01,-1.662096842003583674e+01,-4.915319287388350666e+00,6.949757324610446041e+00,-3.913907432330644198e+00,1.249138336707150287e+01,1.885799741161626386e+01,-3.349577709359897071e+00,-2.305041869967368484e+00,9.251289073641041583e+00,7.344831574074057734e+00,-6.080148545582197972e-02,-1.343068305987116240e-01,-1.390383954293000102e+01,3.651454243606786498e-01,1.096650946658031955e+01,2.630212811514900295e+01,-2.766628811841388647e+00
2.076084680193136300e+00,2.242182782708472377e+00,-6.791658581343472001e+00,9.421875886964787838e-01,8.653750820864175353e+00,2.535981797869650833e+00,1.310646817010442833e+00,2.629722508802683212e+00,-9.751737700833476019e-01,6.395184435374107856e+00,-5.865468763949549746e+00,5.155824449760706418e-01,-8.840707133014091834e-02,3.203642641952677561e-01,4.094032183197096053e+00,-2.926745236009733464e+00,1.242519834258992706e+00,5.667283157057999787e+00,-5.210127827626230612e+00,2.509251699568501692e+00,-6.163124571198357327e-01,1.229942086962914072e+00,3.247445661701477970e+00,7.617757160264071459e+00,1.519084236793774467e+00,3.974058877259700751e+00,-6.648706382137099524e-01,-2.835019041938575679e+00,-3.264038752812409516e+00,-1.025996442325838753e+00,-3.956185500393247789e+00,5.843535749895245601e-02,-4.270641307630038686e-01,1.651044488444286307e+00,7.037861303695118753e-01,-9.789598771146653888e+00,-2.091779263471711392e-01,-2.040543736278389364e+00,2.419844293807786428e+00,2.901083930299195757e+00,5.751329375041769332e+00,-4.124146278158836942e+00,-3.126414106365206447e+00,-5.533434171447712657e+00,3.074624148946619950e+00,-4.705820355790970133e+00,1.272025103083402975e+01,2.946496859674194724e+00,4.775637697063358722e+00,1.277566389830040672e+00,-1.725930361126343238e+00,2.841286416529563486e+00,1.222507457335055170e+00,4.506158939975678734e+00,-2.354534521343890852e+00,-5.509114851084111919e+00,-8.703597595976589885e-01,4.558401033064205521e+00,-2.937891282286028805e+00,5.333208917353443823e+00,-1.837128236433356765e+00,-1.579627533053788113e+00,-2.189250317540321511e+00,6.317744441172060910e+00,5.793564289469926853e-01,-1.711969123229727163e+00,7.762347026047352827e+00,4.524060457338388019e+00,-4.357250738234173859e+00,2.262717309560742684e+00,5.940970711473431365e+00,1.301853263583000686e+00,8.781121843341420430e+00,4.333654534358547750e+00,1.316859453216903120e-01,-1.612645502814071596e+00,2.151743882519341344e+00,-1.054734032511845143e+01,3.934393281898322492e+00,1.877731763214350647e+00,1.919192348155509320e+00,9.129992592301103826e+00,6.053254748097747218e+00,-3.603122690337884126e+00,-3.832124212904998717e-01,-4.480510752519505147e+00,2.173176815823444130e+00,6.267792062998545077e-02,-2.981894566708789718e+00,-2.194281612372891210e+00,-2.124229278411456701e+00,-4.846278056776057497e+00,-7.679298230619819421e+00,-5.407392535250258980e+00,3.845365917248755316e-01,-1.148858255680696061e+01,2.624901215470335281e+00,3.223105860344671836e+00,5.218484206079235577e+00,1.914931504490970493e+00
-1.463836359311097457e+00,1.734436601892306307e-01,4.036983947370215375e+00,5.136276337491511690e+00,-1.086222549350465627e+01,-6.461400700116461060e+00,-9.415974149266895799e-01,-9.092673282121523926e+00,4.149199380496030543e+00,-8.378125306520562532e+00,1.133134499482470225e+01,4.430805207528194956e+00,4.281350920649524383e+00,2.523594762438302830e+00,-2.449276238804265926e+00,3.552013692697353786e+00,8.245695736500437079e+00,1.666177799197426701e+00,1.489083932376760622e+01,2.249358891432840402e+00,-1.959009314868060070e+00,-8.469653329822757204e-02,6.936736545995143111e+00,-5.805978302348027142e+00,6.093738905043275533e-01,9.977350993926874523e-01,9.942892430004734550e+00,5.927280078223583715e+00,1.185230619590264656e+00,4.727874276427797895e+00,-6.140362964448278227e-01,-3.443966277315399616e+00,2.965108344755997827e-01,3.671358433080844197e+00,1.323045028809775037e+00,1.194756346773282552e+01,2.569831669796487361e+00,8.171611783748783608e+00,1.241996403366246282e+00,-1.047744755770737335e+01,-1.270281671572758952e+01,-1.037636809965116758e+00,-1.477799136420178572e+00,7.708017519262833073e-02,-1.961711056007455323e+00,5.228376157257959456e+00,-1.629207277109290253e+00,-4.366548773779673098e+00,-9.835660862499779000e+00,3.364147647563960675e+00,2.559584259164070286e+00,-8.912418878235064401e-01,-3.310567786865859397e+00,-1.418664116473167347e+01,4.150295296716460136e+00,1.666175084238758597e+00,3.183169149087798910e+00,-1.295080907257177749e+01,-1.538030999893478912e+00,9.625598156340379186e-01,5.240203865436452446e+00,1.518830226574287146e+01,4.001424105665263298e+00,-9.187589715896745446e+00,1.566477483484833622e+00,4.945236682070953016e+00,-1.709297854472897171e+00,-1.049702855918900646e+01,2.877943024386161674e+00,-4.908150439133445175e+00,-3.836824370524201111e+00,3.233246168235876183e+00,-1.754024801961514513e+01,-1.080465607576708642e+01,-1.290968756114764737e+01,5.766877665872441661e+00,-1.074044440064232120e+01,6.112632077945554521e+00,4.195535050688243284e-01,3.605707683554322696e+00,-3.430808547918688944e+00,-1.180356669075445808e+01,-2.637744978353357528e+00,1.507710281857579737e+01,8.145053967325772248e+00,9.390661210333567155e+00,3.135364037746060095e-01,-3.623948491667519978e+00,-1.260377026654364130e+00,8.493933602911648562e-01,-2.326144017401568398e+00,3.861235660855279139e+00,9.838777052292613234e+00,2.901013377625019984e+00,3.565391403755916233e+00,2.970541184806156565e+01,6.630218586326563468e+00,3.615387677613803419e+00,-4.724386792277027070e+00,-2.163614645879384790e-01
-5.867097507633922682e-01,-5.913326030783100151e+00,3.245944337214620390e+00,3.739804784811273208e+00,-9.237948481469761219e+00,2.294419409167407942e+00,-4.299637174495837932e+00,1.420874684219806205e+01,-3.989217179232305011e-01,-4.020763142092724785e+00,-7.936918280612951904e+00,2.348582082701695661e+00,-1.570093983645728608e+00,8.250701769594597224e+00,-1.384642733077158638e+01,-1.689070444741163968e+00,-2.127289697223893938e+00,4.757758368331145959e+00,-3.758591113377932391e+00,-2.482748426699264765e+00,-1.319913324731216697e+00,-8.696729827755886877e-01,-3.761592128649732913e+00,9.989531428955056302e-01,5.861336707022515302e-01,6.014534228421354989e+00,-1.263220034746638731e+01,-4.290925287350609629e+00,-9.283738407937935921e-01,9.268932703997824207e-01,-1.802174226528091339e+00,-9.169492127952075577e+00,-3.201097233118771701e+00,-2.254913530894734564e+00,-4.683501768147014244e-01,6.367141774353460626e+00,-6.702021096309605852e+00,3.251724056447984346e+00,-1.890786198251393824e+00,4.335414264699694264e+00,-4.895749340612513656e+00,-3.586248758542599724e+00,-8.066969032077873081e+00,-6.786692051571920459e+00,-2.001262119482018598e+00,-1.320318492175073466e+00,-4.546726468930873399e-01,-6.226863852232333407e+00,5.016393438466872468e+00,-2.825306671805003500e+00,-1.082650903439675005e+01,-9.498414015341691830e-01,-4.746395386282894258e+00,-3.613048586025247921e+00,-8.169275677058412954e-01,-2.404613840977171346e+00,-1.057647798586213916e+01,2.614171641680393954e+00,-3.343481618037542624e+00,-1.741983122320743815e+00,1.375600840148463622e+00,-7.771091305840196028e+00,3.169062760745203988e+00,-5.252189526083572702e+00,-3.792063154191684937e+00,-3.215508118291198425e+00,1.696048108829472767e+00,-2.184525124615327663e+00,6.114971796638433155e-01,-1.219144648447145229e+01,-7.859702029278206048e-01,2.180680705121517349e+00,6.859079117761441857e-01,1.147805430329931209e+00,1.332658493917678211e+00,2.928957866492680751e-01,2.681802412381528278e+00,-6.945818960054909397e+00,-5.757383231096619980e+00,5.257054182887648253e-01,6.025011431429033948e+00,3.152071087336786093e+00,-4.413295627871952398e+00,-5.555634793772215474e+00,-7.949237813493166271e-01,6.829301239367340237e-01,3.184436899666864829e-02,3.143033514684712149e+00,3.241487236806877448e+00,-2.040105317819571606e+00,-1.122190788105101866e-01,1.194151941036271314e+00,-2.701658887785012730e+00,-4.381820915182466081e-03,-4.611985989578101908e+00,-6.657292545180601095e+00,-1.661815332238433918e+00,1.037802513197282472e+01,1.465446575668347684e+01,-5.397031674428504289e+00
-5.376224628636938618e-01,1.385368656352478212e+01,-5.483426905548847152e-01,-2.499323668132824139e+00,9.197283196973840447e+00,-5.370851288019854231e+00,-3.373539091370835408e+00,-1.211522171352083177e+01,-5.087559580868818543e+00,5.571409678942815802e+00,-9.722953870597484283e+00,-1.901717670793841108e+01,-3.511613990361904136e+00,-1.892237602697624865e+01,1.615427955422666173e+01,5.757087183232446614e-01,-4.100174721499769248e+00,-1.722674869015374099e+01,-7.546855799768426465e+00,7.188328469982692148e-01,-5.982853544167009652e+00,-2.795529150030420240e+00,-3.250177428522087020e+00,-2.636537288113149913e-01,-1.284499967281904631e-01,-9.861383794147235093e+00,-1.350192519789632684e+01,-3.253629388564928782e+00,-4.659445229276574452e+00,1.872883955884076856e+00,-9.673115650614312333e-01,2.711488957878889661e+00,-2.186921441007285249e+00,-2.503141627868980201e+00,4.847800312255841959e+00,-3.049226808799148003e+01,-2.345594036117215175e+00,-1.356668950467999402e+01,2.440745659420385572e+00,9.279636853561987309e+00,1.960200524880735173e+01,-1.604427087767025917e+00,-9.159301101551631241e-02,-6.918364646216991432e+00,7.234437528420341046e+00,-1.681861598007784053e+01,6.414201692308242109e+00,6.268375917392584817e+00,3.486142422979078948e+00,-4.058955178392963603e+00,1.655282562320314810e+01,1.457752654628394318e+00,-1.482682392818121642e+00,8.917479496696996577e+00,-1.089363566720801701e+00,-5.711774360235054360e+00,1.768262876741247069e+01,8.196119747117025511e+00,-4.330207500544153376e+00,-3.927443468822478412e+00,-1.145528076318349964e+00,-8.672162604762721827e+00,-2.098674416412874777e+01,9.482300659034104129e+00,-2.212410620447395893e+00,1.741539362674770608e+00,1.375581864051684278e+01,5.944196345068353260e+00,-3.165244119523932809e-01,1.509252614359460409e+01,-1.155827584571319289e+00,7.612767749431653685e-02,4.597596966640469240e+00,5.707281091297842224e+00,1.981556864506261562e+00,-2.075116141059297803e+01,1.685420208964679478e+00,-4.181543143548396735e+00,2.226412936063616232e+00,7.963257428671952631e-01,4.759606715338550731e-01,9.829022749592999375e+00,8.972462141588019691e+00,-8.498778571887189770e+00,1.836731195665265881e+00,-8.371181302136157854e+00,-1.551829644340852132e+00,-2.141491118881544864e+01,-1.678620223093559849e+00,-1.894404650602503182e+00,-3.403663854191173455e-01,-9.151071642443275422e+00,-4.394670662469779998e+00,-8.278135451499222253e-01,4.314495750982808575e-01,-1.421370738550602120e+01,-2.269571046370223666e+00,-1.821632230812342002e+01,-1.294633021518613702e+01,-5.841406638113166849e+00
-4.275485859970553082e-01,-8.139320162938897596e+00,4.380047079102618035e+00,-2.543553919520575857e-01,-1.640704014823173651e+01,-1.941993491891425894e+00,4.120556977289028255e-01,-3.051420014202568254e+00,1.874713595087711182e+00,-1.275223184249474606e+01,6.459990560602861365e+00,3.724673769382657262e+00,-5.659444360810246266e+00,8.592157491809196301e+00,-9.549912562943141836e+00,9.127524265011539573e-01,-3.753066363137173234e+00,-5.714644253992817724e-01,5.442859314554875816e+00,3.004532281392802151e+00,2.740227356511130696e-01,-1.581914808004475148e+00,-3.433936694680120194e+00,-1.527917550586201045e+01,-1.086851510182825109e+00,-2.057139700176627284e-01,5.264536528817345129e+00,-4.645137527642533293e+00,-1.341989362791705886e+00,-2.179371604613474123e+00,-7.052564715745600343e-02,-5.624401768934738755e+00,-4.378221869774516328e+00,-2.016146084353277690e+00,-5.084230600404804346e-01,2.053636679789238073e+01,-1.912375467340808655e+00,9.940216813090010817e+00,-9.241568664092685292e-01,-1.186006948281531947e+01,-1.533953032525642257e+01,-4.638383891053648789e+00,-9.796750590719822682e-01,-2.805688109422755705e+00,-6.730498963153590530e+00,2.184531948277409263e+00,-1.061910130374130290e+01,-7.321184792854001699e+00,-1.342748122676775147e+01,-7.843418971407762896e-01,-9.371678922047083304e+00,1.901904898657647003e+00,5.238741068073101692e-01,-1.588518826222050606e+01,-3.232422741284631584e+00,1.971986719829982304e+00,-4.129079119552457655e+00,-1.388386500611538565e+01,1.039079324134338345e+00,-3.771894150823477787e+00,3.917403348141546005e+00,3.529414203021696395e+00,9.318095687382097481e+00,-1.516363218120368828e+01,-3.946349956881618937e+00,-4.160857354416820364e+00,-9.997482465086541481e+00,-6.398928721677515696e+00,4.908716528945549662e+00,-9.078012837166427929e+00,-2.003280078488411498e+00,-3.786905877135227083e-01,-1.360907652524697120e+01,-1.101869744382683081e+01,-8.920338156662102946e+00,9.534964297711876924e+00,-9.729874564484116917e+00,7.908960357760591364e+00,-2.962013667453516685e+00,-1.686928354803336472e+00,-4.918344481537840096e+00,-1.024406434363864093e+01,-1.268252263302479399e+01,4.850197381200671565e+00,-2.612322440064101858e+00,9.172161380314904022e+00,3.052854889751392964e-01,5.105324657240737807e+00,1.647249460660758169e+00,1.152853710714484059e+00,-2.570819689591746560e+00,6.391129741137724807e+00,5.615513285762791185e+00,-1.317761974998423513e+00,-2.035491641483561764e+00,2.441379921931616792e+01,2.731336702844526343e+00,7.079164389625614895e+00,4.696990055880521098e-01,-2.737669503879937016e-01
-4.065133395296382623e+00,-1.809037096068460571e+01,-5.055156462255485650e+00,-4.115584936287526752e+00,-1.447304388360640681e+00,-5.687066307938884790e+00,-8.464949126700407334e+00,1.042105629631308261e+00,1.166224328905347996e+00,-4.971205726167742256e+00,3.373150215492056958e+00,1.013498703037240745e+01,-1.327062648004398326e+00,5.886456698042897173e+00,-1.711740465654049359e+01,-8.663763205037433579e+00,-1.810654083756049637e+00,5.687700441424499154e+00,-4.458038882570724226e+00,-2.679094852502963420e-01,-2.227884799304684638e+00,-1.695143936479192259e+00,-2.148597515775394040e+00,-9.295792438013355863e+00,-8.507667368862861679e+00,6.944350174369744444e+00,-3.284143451465355135e+00,-2.357755882403819836e+00,2.978223607216545776e+00,-7.653048267620583545e+00,-3.395926437706795031e+00,-8.623694942649992257e+00,-2.203210688659325012e+00,-4.598078587205999490e+00,-5.953979540895983469e+00,1.671129074144252513e+01,1.032408819144652989e+00,1.231275856344258202e+01,1.204287356141967358e+00,-9.309043132586428015e+00,-2.697659172124063431e+01,-3.705807907336398088e+00,-4.827510187021148980e+00,-2.815512601502817347e+00,-7.480580877535865980e+00,4.436581161604081558e+00,-3.740523837227748061e+00,-4.356048615496877829e+00,-1.242504446502503157e+01,-6.327400072097379535e+00,-1.517287543821764295e+01,-8.412897957982606201e+00,-3.848381489614813411e+00,-1.924014561148791547e+00,-8.939811859214900736e+00,1.265726073232922300e+00,-2.298762463429987690e+01,-1.263384389318400736e+01,-3.452940288515784495e+00,-6.726522564081483857e+00,-7.346986522316335311e+00,-7.689300753128791577e-01,9.732121293926070393e+00,-1.270237452106247833e+00,-1.610154772421417579e+00,-4.473689702303528470e+00,-5.829295414686120225e+00,-7.027106075699677490e+00,-2.805051979698249376e+00,-1.968300652257101646e+01,8.649958672349415956e-01,-9.686286643399583340e+00,-7.629000507547751830e+00,-8.931051661372237049e+00,-1.054064838424138628e+01,8.885536282958129917e+00,-1.240122741079503044e+01,-4.668921246989675922e+00,-1.479213863153194808e-02,-6.713524302843032032e+00,-8.119900333315069219e+00,-1.093598671935899169e+01,-7.862633927858410310e+00,-3.049911143645787082e+00,-4.682688093812035213e+00,-2.092082580000247827e+00,-8.799920314890421480e+00,1.491935296693621993e+01,-7.576722860384374592e+00,-3.387663639146407668e-01,1.649160629521944754e+00,8.373487596642621433e-01,-1.770848706943629169e+00,-6.308136998113723637e-01,-5.613739492733675895e+00,2.089561865048699119e+00,-4.291042566645121070e+00,4.706562766187635916e+00,1.005132548991600139e+01,-8.176286261469821071e+00
3.719651483047634044e-01,2.514640663611604765e+01,-5.388617765651704694e+00,4.290076314839083693e+00,-3.092046166236192661e+00,1.472809385911441638e+01,9.163379733203409927e+00,-2.292737265167946603e+01,2.703957116957342866e+00,-7.357879610594846298e+00,5.497476463031838456e+00,-2.023132544173704161e+01,3.835553700268756749e+00,-2.388207117421788439e+01,2.815766803348528313e+01,5.797283039297353113e+00,1.603087577196744995e+00,-3.519881608203585444e+01,4.543688834591215198e+00,7.354462896488406232e-01,2.115828714052311099e+00,6.144233682735141144e+00,-1.899447915217344907e-03,-7.050841551039258803e+00,3.668130909147034657e+00,-3.522383890832970366e+01,3.202953199287955854e+00,6.386977878186753443e+00,4.177501903315070209e+00,-1.279835920057270648e-01,2.182232162522046437e+00,5.726582550633650293e+00,6.912720946121183374e+00,7.439498045779009416e+00,3.472351208221098773e+00,-1.649758642264824005e+01,-4.716860330876000429e-01,-2.377852292022024017e+01,1.303224940616108940e-01,6.926893730421104678e+00,3.087427122091524012e+01,-2.607062717286986242e+00,5.455569329195286699e+00,2.696235122240825177e+00,-2.462027322558004272e+00,-2.270537689093186628e+01,-1.318110460076409041e+01,-6.007394231729296763e+00,7.114391577545983836e+00,1.406912847255734400e+00,3.586435108132437222e+01,8.948898915519828412e-01,7.000942477197989788e+00,3.493706417708641876e+00,1.050628860725024261e+00,2.268159447144022955e+00,2.440366148599299834e+01,5.793634297046154069e-01,1.274036235541081474e+00,2.015988501901843311e+00,-2.204898664526349528e+00,4.242701535471864460e+00,-2.198170427101218039e+01,-6.034111583934842926e+00,4.839139908395018175e+00,6.575786763518626010e+00,-4.950249800803511846e+00,3.847712320787928686e+00,4.625409702159823055e+00,3.475120478552285164e+01,4.407216549837481345e+00,3.422865414702698228e+00,4.053233803741303376e+00,1.032210790307878057e+01,1.029530577412157921e+00,-1.708836395737093028e+01,5.977489301878503802e+00,1.351779563836401010e+01,3.115146860053608524e+00,4.269663412320484852e+00,1.133059182605495785e+01,-1.443835459308123070e+00,-8.017395138852180025e+00,2.377288922729674958e+00,1.146080886429264645e+00,1.239842023320905895e+01,2.708268149479852838e+00,-2.398233962632048133e+01,1.329616773126748086e+01,1.353546824839433604e+01,5.862551318766588082e+00,1.535604130308728088e+01,1.140476890331628468e+01,2.821605164291347112e+00,2.430184142130652258e+00,1.165582802765577064e+01,2.686382448297846892e+00,-2.008551747352223416e+01,-2.262708633357389232e+01,4.181235926376150047e+00
-2.395094437935080922e+00,-1.499787388761927964e+00,-4.302803269362865279e+00,1.211908644791690692e+00,-3.390115739144583973e+00,-2.201153479165048310e+01,-4.474074632925526096e+00,-2.312775070445916370e+01,2.535202711626082017e+00,-8.428557195249192446e+00,9.794824535505076923e+00,-5.298942845008382641e+00,5.432150348870066203e-01,-1.615712606771037230e+01,-5.720706102118366942e-01,-1.398736416338028921e-01,-5.508757293036420144e+00,-1.146758774129242475e+01,8.409377486979433769e+00,-1.049518595142641786e+00,-2.677718380571067591e+00,-8.790465488369791913e+00,-6.365183988269312643e+00,-6.739197332201890767e+00,-2.967745955837977512e+00,-1.266992598921730817e+01,6.312676641038000191e+00,3.014080821497851836e+00,2.195982824009662604e+00,-3.652595478413133812e+00,-4.701465524406102325e+00,-7.357644043144719426e+00,-6.287957735344812171e+00,-3.308451515850769020e+00,-4.387037705224427597e+00,-1.131382623001217880e+01,-9.289026436361643491e+00,-1.163379163768245306e+01,-6.980690368999513673e+00,-2.256894981988849835e+01,-9.332247592244090839e+00,-8.639924229089123386e+00,-5.701639860447470731e+00,-5.883428138858065815e+00,-6.592880808820276606e+00,-8.418867642924830363e+00,1.734090364181697930e-01,-4.907750360918541332e+00,-1.275585730300943510e+01,-4.215337408884300530e+00,4.443040398879054109e+00,-4.246315274987559008e+00,-4.714196732203773443e+00,-1.847227542072518247e+01,-4.388989374505436913e+00,-3.337951122107914337e+00,2.930601247725572733e-02,-1.694548596283004471e+01,-7.723134458495779064e+00,8.156752258365360664e-01,-5.973706569616672013e+00,9.503311268443766835e+00,-1.415769456922930836e+01,-6.327727406204242122e-01,-2.611293087208760078e+00,-1.255326479938210005e+00,-3.438812541751341989e+00,-1.469061975419393384e+01,-4.103314156245266631e+00,4.664754125090117221e+00,1.580239814402544463e+00,-8.085958516249441175e+00,-2.331051373042051011e+01,-1.326843776589103285e+01,-1.709713381668046139e+01,-1.136688440604944361e+01,-1.761839239387628808e+01,-8.208472478969603969e+00,-3.259721051519344215e+00,-4.752538071749037307e+00,-2.299401064070226042e+01,-1.917784835306991553e+01,-5.771267392450215361e+00,7.925695298480070150e+00,-5.359214757895144565e+00,-4.041782454793670709e+00,-2.980307941708375541e+00,-8.344015963185428930e+00,-1.848574604885053674e+01,1.225651835412375767e+00,1.377860494735153374e+00,-5.526450623775961191e+00,-6.832652064565714056e-02,-8.345997241231732033e+00,-5.605416537352256867e+00,1.777802709946539750e+01,-3.227302029773301495e+00,-1.264864517526450882e+01,-2.231753446572034605e+01,-2.844048004728743084e+00
2.291835455384995779e+00,-3.918789747915893429e+01,1.342129692894023174e+00,1.029508770082571800e+00,9.610375169705022813e+00,-5.674870227477684104e+00,-1.466630299501456181e+00,4.388296782054246137e+01,4.734864214282534789e-01,2.448956815473771087e+00,5.194250306137434769e+00,3.692152364481161442e+01,2.272569205831246109e+00,4.575553765011698459e+01,-3.589044149035480302e+01,-1.237537527501191281e+00,-9.506847273229509510e-01,5.286038784448992800e+01,9.534461486854191037e+00,-1.827249269435593515e+00,-1.680732649041942750e+00,2.578252527801542904e+00,2.998205706983734675e+00,4.459724453180138326e-01,-3.065943954721808584e+00,5.061129771994919224e+01,1.069015575794694861e+01,-2.709449436185431548e+00,1.234567290497285752e+00,1.432057756807787019e+00,-1.508107564966034042e+00,8.596142529500596652e+00,-1.523698002758877124e+00,2.634775801398533401e-01,-5.778111521201818590e-01,4.624329722558941569e+01,-2.549101660638434019e+00,4.721260368376109540e+01,3.921140066404027458e-02,-5.153727248139810868e+00,-5.008335277206086289e+01,3.076260768387981237e+00,-1.440695289667904611e+00,1.651998045527375558e-01,1.723316666934561203e+00,4.103658627712135853e+01,8.223267625030789674e+00,-1.970080748022689399e+00,-8.260848184299312891e+00,-3.574016631532314747e+00,-5.008506574121162203e+01,-6.475127942223554145e-01,8.921805806431788444e-01,-9.502563451060996869e-01,2.874063057506463181e+00,4.103092435896160683e-01,-3.825262292741175685e+01,-5.946072096471112900e+00,1.743504226592439865e+00,1.828360326853331275e+00,-1.209769887651606091e+00,8.062902695161671573e+00,4.551347090643224647e+01,2.368471140505985950e+00,1.039626173503873430e+00,2.493084755184431067e+00,2.667176410224895378e+00,-2.810773871141754032e+00,1.771621267060607963e-01,-4.359623725057674903e+01,8.607792592565365553e+00,1.456318110025436763e+00,-5.538905754170187379e+00,-4.682006056071603695e+00,-1.330137229290343281e+00,3.856816840268193403e+01,-5.859123976085489183e+00,1.016155527323151286e+00,-2.386572496270356059e-02,-3.333353748081697293e-02,-7.177912126442316243e+00,-5.042213414038774211e+00,4.894182329961176414e+00,6.782571165471987129e+00,1.932618637643586545e+00,-3.728715538351655923e+00,4.427639754913317738e+00,4.463365926809076711e+01,-4.928306651520927950e+00,2.166164058055067176e+00,1.234700022235183825e+00,-3.858643558022061271e+00,-5.255635635242517978e+00,-2.505770722337617329e+00,-3.074743616117881384e+00,-4.066653898939836864e+00,-2.688880014564161147e-01,3.940527932586703486e+01,4.076051718487116204e+01,2.981533303643461252e+00
1.366789098833510518e+00,2.173464334032456424e+00,-4.765441062959258289e+00,1.481123583843565239e+00,-2.522556168301314905e+00,-4.039279435331854629e+00,-9.043885187931426373e-01,-3.657197225291675124e+00,3.502190377353888273e+00,-2.462319250113429892e+00,-3.889917307874937169e-01,-2.573880475228320641e+00,-2.784732774152388846e+00,-1.103102664223927754e+01,-1.226724011930765634e+00,-2.437188456519902235e+00,-7.259519830317278100e+00,-2.607307125405146753e+00,-1.005904959521931197e+01,4.065012804553017389e+00,-3.106698483577519543e+00,-3.060281071146417453e+00,-9.822325326293778858e+00,2.696427555802623832e+00,-4.794635939708404848e+00,-3.835390647239851347e+00,-2.760681004811790906e+00,-5.556721354087374998e-01,2.792022621051484244e-01,-7.989682000896751290e+00,9.588819759284551436e-01,-4.840872993999218998e+00,8.503219881552268600e-01,4.696227346581354628e-02,-3.236037548443492895e+00,-1.466917487981837098e+01,2.807266656709523467e+00,-1.596942468200131859e+00,-3.965096747811721833e+00,1.602092631212603369e+00,4.084743341384346138e+00,-1.562647671128569282e+00,2.701651922114058024e+00,-6.105382149474842812e+00,2.485421669513801834e+00,-9.177367615222465247e+00,5.582013684014745181e+00,1.881939627151181682e+00,2.997488828324525123e+00,4.363689542240557273e+00,8.450181512205972467e+00,8.971758281721998740e-01,-2.823091500757155536e+00,3.635189551087339321e+00,5.656960469329390673e-01,4.391976571109283967e-01,-3.316634873992585497e-01,4.459395011117649688e+00,-4.721975979713626259e+00,-7.716633929608039288e+00,-5.529446574135453041e+00,-1.975068718950156565e+00,-6.299043174012520119e+00,3.585816493146234407e+00,1.323319789164880467e+00,-6.298431322235508389e+00,-2.782513761826017173e+00,-3.950447061171919128e+00,-1.138304294571921282e-01,2.565358125521924215e+00,-4.110148175151060457e+00,-5.422384632978804575e+00,4.004269437475985072e+00,4.953289426492094805e+00,2.172042547412167846e+00,-1.007645734556862749e+01,2.123298779228617317e+00,-2.872434401821362115e+00,-2.319975636720140066e+00,-7.774475974929889510e+00,-9.987542294932650222e+00,-8.065811338308799705e+00,1.610380626416161087e+00,-2.457792347807279398e+00,-3.403495198556765633e+00,-1.307018377260028785e+00,5.832570042518727682e-01,-7.394580143270768957e+00,-7.334492538096499814e-01,-4.849278844579076875e-01,-1.939629090696364244e+00,-7.002543159256024552e+00,-7.004869896636829907e+00,-5.497139166169722202e+00,-3.049032486769137407e+00,-4.342550180229684642e+00,-3.074941808613932182e+00,-8.989011289784471614e+00,-7.185813692430434330e+00,-1.214493136299441556e+00
3.564666874148404663e+00,9.029499980767292655e-01,4.948608832911054911e+00,5.024024502310546758e+00,-3.980359935606160526e+00,1.395984671423084045e+01,9.884061447539172818e+00,5.676172600076908381e+00,7.708573341622700248e+00,-3.236926814006637620e+00,1.019848899868793168e+01,9.840250174398578409e+00,2.237576369714203484e+00,8.353305381569398058e-02,1.492818819200378178e+00,8.203782111286246348e+00,4.998815012806623770e+00,-3.399354389098562912e+00,-2.200821915650562621e-01,6.897880207981103240e+00,5.833155883292475252e+00,5.432877783625331247e+00,2.233397218240264603e+00,-3.154777557689707024e+00,3.873043213365422677e+00,-4.960493242865094743e+00,8.306617952828933227e+00,9.743470441777171587e+00,8.273917671444630528e+00,4.768503229662489851e+00,4.260264709147658202e+00,6.568228533611001341e-01,6.135888804814952024e+00,3.385370730946185791e+00,1.652986547945806350e+00,1.989788503014052878e+01,5.913492011643826984e+00,8.494285251660093294e+00,3.605154644007460440e+00,7.747188544609255878e-01,-9.145571180169431713e-01,1.300243966110714133e+00,7.436527323650875765e+00,2.325150724480242737e+00,-6.536604081072006522e+00,7.211334470294028520e+00,-5.226664426968271826e+00,-5.608407274773083984e+00,5.090138779851322681e+00,3.817713907792834149e+00,9.740731609494703847e+00,5.164272372583155857e+00,3.185642517904764048e+00,1.499033426755063125e+00,7.403690747561460839e+00,7.615620269669041598e+00,2.692801056662473602e+00,2.765924710644792395e+00,7.077471468560653456e+00,1.399821864004178185e-01,4.677549077005586753e+00,7.382574300331837591e+00,6.338457647134183581e+00,-3.211218348549540025e+00,1.327307960080650773e+00,4.964703728459729959e+00,-1.177992739440059111e-01,3.750850357158756587e+00,6.895469958591023740e+00,5.153698625860574367e+00,6.906543728883502098e+00,2.804453849558450340e-01,3.738284224233523911e+00,6.143079771285968604e+00,-2.978715806514694808e+00,5.396459613462313953e+00,2.733525502955742148e+00,1.184195194540080820e+01,1.110285530375678498e+01,3.660770885331116720e+00,1.083770070050184131e+01,1.244273543428127127e-01,-2.223876598770993418e+00,1.126829818523806992e+01,3.638209081188927385e+00,1.135752071982789957e+01,7.772362578408554157e+00,8.413865895035751663e+00,1.161614268555337404e+01,3.198225321272212707e+00,4.647339205390550454e+00,1.564551383289079567e+01,1.433554846723421505e+01,5.345914766629206838e+00,4.133830118255232833e+00,2.195964316712025521e+01,4.678430713928174889e+00,3.147658078534718129e+00,4.326876417249598816e+00,2.787522257157921679e+00
-3.184545477921938428e+00,1.680090421669099499e+01,2.303188772948892904e+00,4.169767029136560943e+00,1.918241078482575190e+00,6.009413022880210953e+00,3.849776575718821370e+00,-1.068082695301933960e+01,3.549055714021695174e+00,-1.065722318179031181e+00,-7.174642121501360492e+00,-8.461083458688385406e+00,1.614890036279907459e+00,-1.699502641967833227e+01,1.612120934707529329e+01,-6.625323003917860110e-01,2.295213520331470303e+00,-1.568400154341274444e+01,-8.877006109128085853e+00,-2.608408654188370868e+00,6.463429237959391616e-01,-1.200236156530405163e+00,-2.310612011786165265e+00,1.262737425272582481e+00,-6.177671198629873794e-01,-1.130406281841297833e+01,-6.372978360656388119e+00,1.002973523692601843e+00,6.592992480911401554e-01,-6.425171985782109907e-01,6.115080677676242304e-01,-3.696069782851846064e+00,-4.090357384816124764e+00,4.298139229980851184e+00,1.537562304856728845e+00,-1.696438211213657254e+01,9.093130779252889262e-02,-1.307782544498401478e+01,-2.902364190213050144e+00,3.791448762096051972e+00,2.267948934027819874e+01,9.487983587544259745e-01,3.067013164253924895e+00,4.831923708430203135e+00,2.573902775760799067e+00,-1.554827429106699199e+01,5.393874516865820645e+00,-2.867343835587571554e+00,9.546817785603250783e+00,7.506359484730151799e-01,1.518882585837695132e+01,3.169581010515389874e+00,3.250043780103226698e-01,5.369737585696223725e+00,1.465905898212838565e+00,-5.253479931947706572e-01,1.753172837993388100e+01,5.141057118248003377e+00,1.361432624463310148e-02,3.124503763622632491e+00,3.641022052582054691e+00,-5.130478378790645166e+00,-1.665670023595434301e+01,2.255241467973861269e+00,-2.539208705544233169e+00,6.853624004956498927e-01,-3.409829368309727826e+00,1.121201930704959437e+00,4.169044215403597597e+00,2.400152450671230042e+01,-2.843457854495119896e+00,-1.486958531576557663e-01,6.304759973098870596e+00,3.598497572214907514e+00,3.692731955682822420e+00,-1.069425821601561566e+01,8.568712483538996949e+00,2.239923015074997803e+00,4.997253964296626272e-01,3.643508197166292817e+00,-9.953130435852197699e-01,2.578098200082147518e+00,1.207093216824971504e+00,-2.722831991071106295e+00,1.717269173732587806e+00,-1.616599651287130346e+00,9.780331299087938746e+00,-1.301870927453228433e+01,7.012735921609960954e+00,2.529467771718878488e+00,2.906416992358625273e-01,4.614392974195307140e-01,-2.085731717794792939e+00,6.013251959301476601e-01,1.183336663453037563e+00,3.616693676723453432e+00,3.629471597462432086e+00,-1.641625546596831242e+01,-8.351521610279244001e+00,-3.535826529556997500e+00
-3.517202001613775941e+00,-2.073494452485648054e+01,-3.765493692126293812e+00,4.271803585149357430e-01,-7.171938487495187253e+00,-1.520345528775924926e+01,-2.907191731173063065e+00,1.773509088093712549e+00,-1.049708144882252947e+00,-4.312880259369256564e+00,1.587837810485279277e+00,1.128040618165259978e+01,-4.968836730192581541e+00,9.912037619606437033e+00,-2.058284150532485057e+01,-5.504522667178219919e+00,-6.356567937310660277e+00,9.817104258329369060e+00,2.296524730680991055e+00,-4.505147632413882164e+00,-3.396883109948175772e+00,-4.484401500352639403e+00,-6.461961829836964100e+00,-2.488527084123814959e+00,-8.916110888111401067e+00,1.794975449590362970e+01,3.126908844663530473e+00,-3.818616030994575361e+00,-4.128745493482958828e+00,-4.526474435383414097e+00,-6.302612711603497786e+00,-7.319560733973168531e+00,-8.391474381499692825e+00,-8.079366972655597223e-01,-8.746177672593915542e-01,1.484096153487945102e+01,-1.651382034402358645e+00,1.077417511617674606e+01,-2.924252426785620695e+00,-1.518581681837867947e+01,-2.676853746322505501e+01,-5.834675217152158311e+00,-8.434398180130521228e-01,-5.872314480111199941e+00,-9.200704886589563536e-01,7.872924431680209167e+00,-3.761952596052107189e+00,-7.951392541246518952e+00,-1.735350700376715238e+01,-5.546576218399079661e-01,-2.052428111699156688e+01,-1.845400714468234726e+00,-7.083740596048129667e+00,-1.753024464379287650e+01,-4.042373990647964987e+00,-6.090442237893118005e+00,-1.849147050541231962e+01,-1.244228308485362433e+01,-2.215675404171641105e+00,-6.227063448867994566e+00,-5.116184220850318098e+00,2.713933503587898421e+00,1.434291277358914130e+01,-4.974678761035959518e+00,-4.574322051150131685e+00,-3.664306952281986440e+00,-2.229175887613129348e+00,-1.113883324007359121e+01,-4.578224604294098832e+00,-2.067798252641757273e+01,-2.868522260026788562e+00,-5.070341319422612791e+00,-1.343094025069079578e+01,-1.227095142327269173e+01,-1.564019407478059875e+01,1.043685157321773005e+01,-1.278129869006129127e+01,-8.242826035516630512e+00,-4.304956210228996660e+00,-2.207978057459714982e+00,-1.326300465236572634e+01,-1.710454096837294102e+01,-4.775182472714806003e+00,3.474489113352213998e+00,-4.980684389283144498e+00,-2.008762622559525646e+00,-2.352059611705178632e+00,1.702787520911609320e+01,-1.585000891585996285e+01,-2.161428179631222690e+00,-2.538711377052709661e+00,-7.673700038603727513e+00,-8.575095489616506583e+00,-2.272298873939577746e+00,-3.367515962000089402e+00,2.672984523573237681e+00,-2.453560433169405197e+00,1.374887428490812979e+01,1.029046174971353089e+01,-6.466181960052963973e+00
7.168132784989548201e-01,2.881406319963384810e+00,2.614644223222451380e+00,-4.022309441048411038e+00,-1.867223713170448463e+01,1.154661233592512559e+01,5.359643323448071150e-02,-8.797204463208492697e+00,-5.450502331865097361e+00,-1.075744759292092212e+01,-2.229618988057610718e+00,-2.442706640382525052e+00,-3.905835825419325502e+00,-1.529708137413434699e+00,-3.473207575818532789e+00,2.576138117167988906e+00,-2.762237421593177755e-01,-1.340311399248736635e+01,9.986335182912414510e+00,6.404230954117906549e-04,-1.426977930032856445e+00,-4.721171750176691440e+00,-7.103121378387708518e+00,-1.270749068404142790e+01,-9.756528571218021639e-01,-9.380051448342717535e+00,-4.382186664030808920e+00,-1.853373741595076618e+00,-3.454980623639820614e-01,2.341752977722508788e-01,-4.193519280603664745e-01,-6.479149550408745739e+00,-2.475442329599990554e+00,-3.235555732929472406e+00,-5.522440146175580100e-01,6.643614180949811043e+00,5.855593197637568359e+00,-6.246301508463600882e+00,-1.630784047932171132e+00,-9.297455793693558235e+00,-1.903938372582719918e+00,-7.685452328170465641e-01,-9.342679355941375663e-01,3.003758433849863962e+00,-8.350301677969689251e+00,-4.820366216038395102e+00,-1.078876275177524491e+01,-6.055007692256660690e+00,-5.050307991339590075e+00,3.956873846750502466e+00,4.802893568315932171e+00,6.897213574263102442e-01,-3.802478453161090233e+00,-6.185958555967360439e+00,-1.293611413889776740e+00,-4.973502186582688722e+00,6.427881516557794939e+00,-9.243631432493707223e+00,-1.949384578676251367e+00,1.159748259481371058e+00,4.885302298253572317e+00,2.562216099791261747e+00,-3.476239852934751351e+00,-1.065215120679290983e+01,-3.278203965702770173e+00,1.774901983225691593e+00,-1.234475833401313061e+01,-7.733225756388479866e-01,5.276774685718036650e+00,4.073293190866688285e+00,-1.753318692815979407e+00,-7.852449741054634558e-02,-4.448866782755161786e+00,-3.517136169775715526e+00,-1.988014473752192313e+00,-5.736748439900575924e+00,-7.758497350924944413e+00,9.213664641500814767e+00,1.404890310164825351e+00,6.120925770592736015e+00,7.694187463944015093e+00,-1.075782906578143017e+00,-3.778264853453573657e+00,2.056406297034106601e+00,-9.972517115949670607e-01,9.336963240377613715e+00,-6.790191696613381289e-01,-7.582740947522959907e+00,3.711830708797083211e+00,-2.395396528876023723e+00,-7.963645400286030185e-01,2.886625278924499938e+00,7.552821793545361651e+00,4.784328111170201847e-01,4.357267149481822699e+00,1.023821520964780873e+01,-1.918962483341437153e+00,-6.313491841030412388e+00,-7.527918968187098159e+00,2.218263174629496071e+00
-6.243865540646847734e+00,4.648978381495023626e+00,-8.410236389864167439e-01,-7.442540989334821333e+00,9.629570797515953018e+00,-1.481020788959072476e+01,-7.595884473345392962e+00,-3.033943358307169547e+01,-1.404726436303795900e+00,5.250846512731946802e+00,3.331599701228398214e+00,-1.737059558889442457e+01,-4.994653926172360592e+00,-1.724504596021024128e+01,1.038475140497808269e+01,-8.693969436781609161e+00,2.314631460218287806e+00,-1.384152703568568299e+01,7.311853338783230072e+00,-3.481962655254577044e+00,-8.140101048944156759e+00,-4.418126267013087194e+00,-4.009807905675917716e+00,4.118980203153205011e+00,-5.098182799490321493e+00,-1.356141927418578419e+01,2.873464523705544948e+00,-3.734825938346153951e+00,-2.155222542821571885e+00,2.842109639202690663e-01,1.182753669404953190e+00,-1.525877623476841194e-01,-3.446345395262036870e+00,-2.549442321105261477e+00,-4.687294554192705576e+00,-2.990812575933970408e+01,-2.979604971192634455e+00,-1.976330097849132983e+01,-1.987590662888538917e+00,-1.119325745759710244e+01,4.939170071431768783e+00,-7.246427883138821358e+00,-3.703658508177152253e-01,-6.062423073597569712e+00,4.594797335361360702e+00,-1.707218976892326978e+01,2.969474781841990207e+00,8.656579971079526814e+00,-1.412289083940951784e+01,-3.308495767718190983e+00,1.475037659044523153e+01,-4.773579392461973825e+00,-5.378670044029151498e+00,-9.813591052978338780e+00,-4.484288773633125835e+00,-2.145075622832090190e+00,1.010855670724211741e+01,-8.170711416392174797e+00,-1.952826620239695166e-01,-4.109861525554170392e+00,-3.823996437356196765e+00,1.699890731876193328e+00,-2.138536119721754503e+01,1.928196320502933325e+00,-3.713713471961347157e+00,-6.880022588876050449e+00,1.343877164433140159e+01,-1.049804548084104283e+01,-3.654740827190892105e+00,1.204416613157151694e+01,-1.911102636295368029e+00,-3.651355991927066391e+00,-1.073850643176332653e+01,-5.141673742106687151e+00,-1.290298948662761802e+01,-1.753275218984654060e+01,-1.324506333598172425e+01,-1.021638409230091504e+01,-9.779678133856481992e-01,-3.117515372668411722e+00,-1.877315851027136517e+01,-1.143301234262577815e+01,6.170576858697186751e+00,4.037086300310342324e+00,-1.594234349557261510e+00,-1.448725301026605905e+01,-2.896030944741128987e+00,-1.773005075467602509e+01,-1.933803731265112802e+01,7.674259235908034160e-01,-3.302472010248949541e+00,-1.521823608424661600e+01,-1.167465509989531824e+01,-8.514267268247357023e+00,-8.285261643771939077e+00,-4.200619994983808780e+00,-6.934624808831248544e+00,-1.620927087137201283e+01,-3.102347136044971876e+01,-4.288992347280182749e+00
9.275580923322516824e+00,9.167690800580032828e+00,1.259962129289903032e+00,6.049734714780611533e+00,4.887629724428663280e+00,7.056591412873694402e+00,9.825375888092565901e+00,6.744374212498509991e+00,6.339883899240466469e+00,1.041970630343321069e+01,9.727064465291121564e+00,9.094672023107721159e+00,4.603747912089230176e+00,2.833100282178485418e+00,6.359303554150667059e-01,-1.499937393549719111e+00,3.473213660817441095e+00,-2.821366286334927587e+00,4.756563720998194356e+00,3.269079448274133881e+00,4.650821179875574529e+00,7.156608402594772933e+00,8.419825738781451463e+00,6.719103315309524760e+00,2.177256236478977147e+00,-3.641806965128216778e+00,7.540085161940714542e+00,6.505310546459603493e+00,1.387450579026028485e+01,2.338135357145487703e-01,5.473899252072687460e+00,6.163742941639064554e+00,5.502327405727388765e+00,1.802116472774317524e+00,-2.877570569806780387e+00,2.079041237470787618e+00,6.158625542707818923e+00,8.328779728436982666e+00,8.649599189227112461e+00,4.441925936440728861e+00,7.424218552764768830e+00,1.137288300762887161e+01,9.534053207982783107e+00,8.543836457727294942e+00,2.112645400748709434e+00,4.036243768442599134e+00,5.404619121917717095e+00,1.263863622143710730e+00,5.804205369420624372e+00,5.008063787246238796e+00,4.823317487349671140e+00,6.276823091469669436e+00,6.572825221229626536e+00,1.060044698015495257e+01,7.147989931039698597e+00,9.331781193125898710e+00,5.896650060368269664e+00,1.045286748421840528e+01,7.482567414845350484e+00,9.441306759619765288e-01,4.037747234770667326e+00,5.559679122026158993e+00,-6.636118517803075711e-01,1.016029576457150796e+01,7.915636134514231870e+00,6.261870479683000035e+00,5.356062240085663895e+00,3.362279003587416604e+00,3.711523128351534861e+00,6.486302250811018411e+00,1.229078776315585309e+01,3.844526559025699175e+00,1.088324998554608136e+01,9.545707191346959775e+00,8.108209264938215810e+00,2.920424062107106700e+00,1.277453001305216063e+01,1.200709343216696112e+01,3.537281232612792259e-01,4.879856217031695920e+00,5.357286101067753492e+00,3.486119964691274831e+00,5.068986192477895614e+00,5.562346081723104518e+00,-1.751416025573137247e+00,3.276254978422280750e+00,2.379511663819632528e+00,4.733477848777400077e+00,6.721250040150553495e+00,4.863986243751391214e+00,5.786375054158567899e+00,6.846391348058593174e+00,3.426307020884820531e+00,1.936071675984389451e+00,1.383342019755388064e+00,1.539786391193491255e+00,3.941309898142243640e+00,1.863958974119835688e+00,-2.880397615758662155e+00,5.157968774982934157e+00
-2.058621337371166593e+00,2.021896332723690648e+01,7.599504591707981760e-01,1.883920068208861043e+00,-4.295374766414752798e+00,1.367433919669158371e+01,-7.945386898395079278e-01,-1.918000470494280663e+01,6.858394174910527497e+00,-8.188459472672835915e+00,3.437086078829222124e+00,-1.936158340066782557e+01,6.750451094715939959e+00,-2.054469327010937718e+01,1.958547088443109629e+01,-2.001870411338614542e+00,1.641688546342997768e+00,-2.335296164054237522e+01,-5.240450766975879304e+00,3.364215484242998766e+00,3.330696185607521453e+00,3.898359423865755069e+00,8.361711904196974521e-01,-6.385060707104161182e+00,-7.508565725951262593e+00,-2.476104680610204767e+01,-7.846663034971641970e+00,4.399630607390101034e+00,8.941208580876388368e+00,1.189846787560817187e+00,-2.543896891765105917e+00,1.999799269042581873e+00,1.173610236197775381e+00,2.025583134647352956e+00,4.214261749995409367e+00,-1.069829743331446181e+01,1.997444116407986137e+00,-2.339581525649775173e+01,6.263851422377177958e-01,7.564959777596603985e+00,2.615673590021190975e+01,5.787785882344300248e+00,6.538336781875212722e+00,5.634405516285156068e+00,-5.660615180936448887e+00,-1.611092736538001802e+01,-9.820416192550631251e+00,-4.369906931325995281e+00,3.901939062174079265e+00,2.950925735170526920e+00,2.685117673459890852e+01,2.548045114649690746e-01,1.676576920966505124e+00,7.099643373060388285e+00,-5.822502663165325387e+00,6.027973766729504135e-01,1.918399403542371218e+01,1.118813826228742236e+01,3.006982304439914877e+00,-6.322491478295260148e-01,-2.828151138059761927e+00,-7.068389270365605270e+00,-2.057816222276909812e+01,-5.982685340870231627e+00,2.721141585952278064e+00,1.611521337056033731e+00,-1.857433184415931748e+00,4.754545849188819062e+00,1.193528541189521341e-01,2.344155741556278372e+01,5.078381603160631030e+00,-7.059428767364272161e+00,1.117405724869167472e+01,4.190337425752488798e+00,4.867973432476672357e+00,-1.488949076694682816e+01,5.320877347793337542e+00,1.085124538838041808e+01,-1.662283752641831702e+00,6.446187753228982409e-01,6.209016886193886364e+00,8.615224381436481504e-01,-6.435718396818102427e+00,-3.369875331154051690e+00,1.240205803121052774e+00,1.019309864081838590e+01,4.267394731774250438e+00,-1.843328610084091679e+01,1.721340143431050507e+01,-9.585161054173174655e-01,4.576276402853976855e+00,9.615395312370850434e+00,2.705306235318317931e+00,5.532083232839440257e+00,4.303625020713760740e+00,4.289237663147944524e+00,3.080204775164160136e+00,-1.475188834499725843e+01,-1.977581666336885391e+01,-1.032320980585507142e-01
-1.756726532074262548e-02,1.115283677393413164e+01,2.586743806319139694e+00,-1.759117914228558455e-01,2.355193147754429894e+00,7.740195617420267737e+00,3.296299978429181543e+00,-8.752135479367115778e+00,-2.397896447786978413e+00,4.565383201735522256e+00,-4.399210531300393967e+00,-1.386496810891893894e+01,-1.723754030047708108e+00,-6.028963265789000658e+00,1.700308581315068324e+01,1.482785280117608684e+00,1.893486760845379591e+00,-1.595819485606159560e+01,7.700506520246208630e-01,-2.615226442993219713e+00,-1.306398032243452079e-01,-3.709014135010657132e+00,6.196768780808450394e+00,-8.225269587357861845e-01,1.668864501704788061e+00,-1.229373918070853478e+01,-3.906858101120437521e+00,-1.485357686467844607e+00,1.443271419675599132e+00,6.651075195394033024e+00,1.916004869953392475e+00,5.319421803357618828e+00,-5.423482146541623861e-01,3.544369341060878309e+00,7.469942065139306697e-01,-1.233793656901692160e+01,1.846287323590691143e+00,-1.939112154621887640e+01,1.170385686073395215e+00,3.266267748533799864e+00,1.762606878445940239e+01,1.763078319198360999e+00,8.836821102728219302e+00,-1.142609145232986734e+00,1.982680032699511763e+00,-8.642356606555059884e+00,-5.749551170465195815e-01,1.170730371175141560e+00,2.366126003071283179e+00,-6.221534321657751221e-01,1.284502764628897253e+01,2.741230753865275371e+00,1.087566023905237378e+00,5.531686039450997683e+00,-1.409153336665414091e+00,-2.626327953316799579e+00,1.768525078802366579e+01,8.440189246300818127e+00,7.173338330127485563e-01,2.325441059997245929e+00,5.692161849351796477e+00,-4.875068790584588641e+00,-1.354096086024410184e+01,1.332164931479212333e+00,-4.211834115934349754e-01,-1.641385572689909367e+00,7.968298053068900710e-01,6.991478311332602225e+00,-2.280028163894101956e-01,1.541268736905361081e+01,-2.633418968720285802e-01,3.072710545850877217e+00,1.012873271864421909e+01,6.328321538688745918e+00,9.015130169218997125e+00,-1.019904145703191745e+01,1.601093425789570812e+00,1.116823784909393158e-01,2.962179832411814484e+00,3.453722820819541184e+00,8.543926588980211179e+00,1.304772122501292309e+01,3.968458698882421309e+00,-6.158383729299123033e+00,2.346779155837275255e-02,1.175387902044275901e-01,2.362505678738560988e+00,-1.044072392375904101e+01,5.083500214228315883e+00,6.025215463015110018e-01,-2.796494451670344716e+00,-4.860009337740858193e-01,6.976680146562825868e-01,-6.149362280490318078e-01,-3.301622295167057075e-01,-5.227148317210795980e+00,-2.144963691180640897e+00,-1.286132521139285778e+01,-5.868269601551760140e+00,2.929036549837825465e+00
1.838852416063465833e+00,-1.695125581292146677e+01,2.114512013505854604e+00,2.749771908047581981e+00,5.229686832431005072e+00,-2.185839074909830160e+01,-5.633188659899035500e-01,1.052306803765906551e+01,3.732074545449722613e+00,7.363329703029891427e+00,3.857943906751362118e+00,1.530789093526545486e+01,-2.065390710556625820e+00,1.530697945129410975e+01,-1.721479827705083210e+01,3.510920167438555506e+00,-1.469451428488261824e+00,2.392651589315681093e+01,2.297389589317752723e+00,3.688134572551754253e+00,9.934422257713260151e-01,-3.474513225148029960e+00,-7.386511305794695836e+00,5.525534226842179208e-01,2.041185264889595619e+00,2.475581448850918420e+01,6.485926565277539524e+00,-3.456766605297980632e+00,1.917044617939192008e-01,2.988341344070881256e+00,-4.936082880010881802e+00,-3.908371567372673994e+00,-4.292448613321550255e+00,1.986170720758634767e+00,3.327611252821694343e+00,1.434266251411672854e+01,-4.707231534292486419e-01,1.624805391614602001e+01,8.218678395573144613e-01,-4.879579099017357535e+00,-1.833525587667335799e+01,-4.936365974608007079e+00,3.879739194349163256e-01,-1.370706236333006922e+00,8.713938543489899047e+00,1.242704684955260319e+01,5.271763817399994778e+00,5.114727716629331233e+00,6.077293530787764020e-01,2.968483094534576594e+00,-1.648759625112140981e+01,9.138579588917199459e-01,-1.288273933073032396e+00,-6.666581572041510029e+00,-1.680215965335910333e+00,5.748170936314634716e+00,-1.487868162237804093e+01,-8.038060653853200677e+00,-4.057863434907593714e-02,1.965635359675961702e+00,-1.006343152666164587e+00,2.340744432363652816e+00,1.200205267235913809e+01,-2.025253600198357429e+00,2.042358818729995473e+00,-4.288743112505798427e-01,5.239351539829510074e+00,-5.216812608671566487e+00,6.543808435062553386e+00,-2.122934064857155079e+01,-1.997364055515817416e+00,1.407343887816545847e+00,-7.242043148844105716e+00,-8.684298412651285659e+00,-6.293187031775989482e+00,1.103521571972075677e+01,-4.688947683772541453e+00,-4.866675159057731292e+00,1.049153904621979105e+00,1.645224279968003689e+00,-1.071258044737804127e+01,-1.025412956987502611e+01,3.194002085431649984e+00,6.140928148211497906e+00,6.378690027465549583e+00,-1.312101010301452764e+00,-1.405494893574795290e+00,1.712148945428507218e+01,-1.812624789278149962e-01,-7.553220814767171998e-01,-2.071072424582181437e+00,1.483985510938524932e+00,-1.603140876866071984e+00,1.475399674108769155e+00,-4.779182681179612868e-01,1.086133314737260847e+01,-4.232691078347669000e-01,1.490509530482733247e+01,1.675485095970183380e+01,-8.032103216064471196e-01
1.733674305312240538e-01,-4.736966138640402946e+00,-6.142352402032047465e-01,9.525538229659914480e-01,8.560078726280746508e+00,-4.181836304232358081e+00,-2.476669390936983461e+00,1.525270481509832976e+01,-2.315101400923365915e+00,6.150466747374617071e+00,-1.705306286336042643e+00,5.814809736556290076e+00,3.050253430514413111e+00,9.138264781520557989e+00,-7.781272663215256458e+00,9.637919337413494159e-01,1.568265764439646492e+00,1.850240074811828350e+01,-3.778638040460079228e+00,1.951570374688250231e+00,5.393679035708210279e+00,4.896742840262504615e-01,8.116847838631884304e-01,1.015194564016304746e+01,3.790918033474819371e-01,1.375054406317637046e+01,-5.325557097837816833e+00,-1.802173616587084748e+00,1.972968409713977467e+00,2.975150915128292439e+00,-4.842806801635624048e-01,2.501275585397806811e+00,6.539912010313306823e+00,-2.693953799030973428e+00,-5.883221332825998573e-01,1.885538086010137171e+00,-5.902741426865699692e-01,8.327080036377230599e+00,4.643258606212139483e-01,5.008716499169879377e+00,2.792181844326634632e+00,2.860297287516043951e+00,-3.881342677051952350e+00,2.917397617038151481e+00,8.423467044395264836e+00,6.985380987301243572e+00,9.414367716887820592e+00,8.970860888251971588e+00,5.342935163825004885e+00,-1.996018643609765331e+00,-1.137605238383479822e+00,4.374530247884071410e-01,-2.845461441578954198e-01,7.055460119298281541e+00,-3.588159002106542594e+00,5.869365132447369460e-01,-3.157482669108161222e+00,2.906628271233788752e+00,1.015983760030019889e+00,-2.052213858856367423e+00,-3.903876375717015179e+00,-9.676259414716824381e+00,4.898993115922959163e+00,9.448734950984192693e+00,2.919825698198458941e+00,6.748673278531920339e+00,8.355978606983631707e+00,5.551572901773269564e+00,2.515201466346847159e+00,-5.249622455343422089e+00,5.348453010731445190e+00,5.105185682849084472e+00,4.583461831546775223e+00,2.913555240214025677e+00,6.099184703689576104e+00,4.322360870446466663e+00,7.849939204403718840e+00,-6.731788289673080961e+00,4.651750867330144423e-01,4.419076140198939129e+00,-5.678704409354611293e+00,4.369055362748289539e+00,9.876272680579235796e+00,-4.069904840093216514e+00,-2.582181213542841469e+00,-5.752800913833548968e+00,-5.491417187983001824e+00,6.881581408284778156e+00,-2.352533795263488159e+00,-9.552373698668072954e-01,-5.402434401751577964e-01,-1.168860654367509966e+01,-1.131914363152934300e+01,1.970746906833002576e+00,1.224763068303031277e+00,-1.548282287274044755e+01,2.138725135013895162e+00,2.302873963278660341e+00,1.282950548474560115e+01,1.165833968244800456e+00
3.358672403502117376e+00,1.986735538047310712e+01,7.179814701150304401e-01,1.761708519594568978e+00,5.529902152415698602e+00,2.817838326644607427e+00,6.412667967422658322e+00,-1.269638718853327575e+01,3.157519165219507151e+00,5.436509031285087445e+00,-3.672050250937845206e+00,-1.191096714298210912e+01,8.464974311974831078e-01,-1.767421017424738849e+01,1.609733602159835897e+01,-2.561610164725624195e+00,4.871319865895706869e+00,-1.361868691175094170e+01,2.679255753576577526e+00,4.134945664973895596e+00,3.502612091082467627e-01,-3.610752442162566300e+00,7.997920673453950968e-01,4.466725192373650621e+00,3.296846973047172114e+00,-1.129526788630034950e+01,-3.416322075195419750e+00,2.118300923735975339e+00,3.647312383546911008e+00,-3.634707535859758032e+00,-2.071219029271669232e-01,4.813070917125966908e+00,2.890514531277605492e+00,-3.235137730578377724e+00,3.296937452433978066e+00,-2.672714436722756659e+01,1.753080154882614483e+00,-1.811306507953946721e+01,1.541772949160241879e+00,2.156880790269477544e+00,2.675029655309560894e+01,2.429966416313597222e+00,4.227349752450598075e+00,4.821457303199991884e+00,8.606202645399486428e+00,-1.635404880370170133e+01,4.915798357387759943e+00,4.696024028841598863e+00,4.258488943430712936e+00,2.067622775509861954e-01,1.588481693122079719e+01,-2.114928150322764822e+00,-1.847495609002836492e+00,1.675576447444451667e+00,-3.138250623751337454e-01,-7.513130965973762176e-01,2.097489536277949540e+01,5.192420155465315545e+00,2.262917554464037195e+00,1.792633074762008061e+00,3.582031985711796374e+00,-7.679935050069302882e+00,-2.558625167970610192e+01,4.737246725322850516e+00,5.785499253522099927e+00,2.349242325866112147e+00,7.634779558110762920e+00,2.107312349273655627e+00,6.988801204340371331e-01,1.910141057751313198e+01,6.379792376547658073e+00,2.072452797201681740e+00,5.162688609054767674e+00,2.879953474632315658e+00,6.606988694105343285e+00,-1.449013122132196507e+01,8.798251116993212051e+00,-1.710819510244820485e+00,1.638333392536404975e+00,1.159258693713844490e+00,3.480841583507254366e+00,1.845322188805640806e+00,1.027348509713287328e+01,-4.004411349981312540e+00,1.923459659776090902e+00,1.997230211577727843e+00,1.850361935630192800e+00,-2.107324106121210505e+01,6.501015413517363672e-01,4.827118828584050503e-01,3.364615434520594750e+00,-1.768926084109027519e+00,-3.835318638237972699e+00,3.422189152860087180e+00,2.610518125904531139e+00,-1.485492087781386772e+01,-5.712290496432996800e-01,-1.622588800511445228e+01,-1.142910616609463403e+01,5.438721135910176585e+00
-5.260951926602745132e+00,-2.479284688838370343e+01,-7.267260221286948152e+00,-9.543058868830581076e+00,-5.589766813465114836e+00,-2.205345300440386325e+01,3.322141701976795147e-01,7.339215208180977612e+00,-3.471043342812369925e+00,-3.403036992402025174e+00,1.188892047464220880e+01,1.346787450016326204e+01,-6.385708313992218166e+00,1.498034783172926865e+01,-3.508872091297182294e+01,-1.062596774788594090e+01,-1.023173827647194578e+01,2.159519064546552869e+01,6.235500725375891840e+00,-3.532454119271282611e+00,-5.485741802454959348e+00,-6.389746048716372862e+00,-2.083800361066588724e+00,-1.616493611355311888e+00,-1.232125959806214688e+01,2.464843799047119077e+01,1.309564742753475919e+01,-7.352612918271351994e+00,-4.588469825278416181e+00,-9.568969101244391595e+00,-1.004639035865940855e+01,-5.307978914831685380e+00,-8.825919242897564132e+00,-1.040721398202537884e+01,-8.161719472181674817e+00,2.045530021467867954e+01,-6.786311274764543100e+00,2.006406039598256541e+01,-6.105949212969743023e+00,-2.301884467541956880e+01,-4.529460616228638514e+01,7.694726748013880346e-01,-1.881603631577010827e+00,-1.862374821833350236e+00,-6.360495579240637909e+00,1.936790598905826855e+01,-5.365461052754597837e+00,-7.337339137157844249e+00,-1.084649703664048914e+01,-3.668898911891002701e+00,-2.682020650705028331e+01,-6.956520045140848651e+00,-3.800393206017255832e+00,-1.318424052870672902e+01,-4.055550132752864911e+00,-6.887345642144548030e+00,-3.246335415564500693e+01,-1.970821840949863457e+01,-3.125936016598706679e+00,1.810533533088344527e+00,-4.431859636655159917e+00,2.275870929337830972e+00,2.139208273037601771e+01,-1.552926610016115205e+00,1.554738821419849870e-01,-8.631691265904789745e+00,-2.768972825602416421e+00,-1.788658706417954036e+01,-7.802832961665564504e+00,-2.864072292586373791e+01,1.215764378618221286e+00,-6.037561494974566401e+00,-2.216290182615062321e+01,-2.045981212897521573e+01,-1.627361821875658165e+01,1.817956208330957679e+01,-1.529336733228203471e+01,-3.943239603179656605e+00,-8.370137162882615556e+00,-6.513641810750897321e+00,-1.755709232329680702e+01,-2.343632201651347202e+01,2.558913763654157236e+00,5.569662776076830468e+00,-1.070003773529089486e+01,-5.199358560528598794e+00,-6.015350520390247979e+00,1.737892506316949692e+01,-2.087027746627434510e+01,-9.723509439874872484e+00,-1.257397386746299084e+00,-2.717644724341676365e+00,-1.088987628075850722e+01,-7.982531088842308442e+00,-1.048398201719751732e+01,3.461519906753902198e+00,-2.252770877853154552e+00,1.452382727709169430e+01,1.146749191955806779e+01,-6.937075239025400908e-01
-7.150334975682536287e-01,-1.272895139738676962e+00,1.340168109491432835e+00,3.165230570710061642e+00,-8.875940220340558184e+00,-4.649050153626914650e+00,3.905672983494889117e+00,-1.166167860147579383e+01,-9.329477153868429795e+00,-1.097940642211969475e+01,1.784961709418433884e+01,3.246171995593933879e+00,4.300810698206629645e+00,1.735767748769738272e+00,-8.739280209695199364e-01,4.190528816582986593e+00,3.803917407945961671e+00,-7.151312829543066130e+00,2.357587527239033420e+01,-8.835983290082136676e-01,2.263561243407152368e+00,2.571691875571120001e+00,9.246650911370672965e-01,-1.198784790527520627e+01,1.676364064036707457e+00,-9.346514599376202881e+00,2.373186793482910772e+01,3.393033392980447260e+00,2.451745537269879538e+00,-4.023522704844095799e+00,2.300279317536284979e-02,2.600676820966414837e+00,3.102849521362463836e+00,3.040849701183403475e+00,-3.012444655773439894e+00,9.199970306408625120e+00,2.026458198713928294e+00,-2.094784923759529516e+00,7.314363731554329284e+00,-1.898674410257982004e+01,-1.908015225621604571e+01,4.935812306411902384e+00,7.810586007858655311e-01,3.954459245380354204e+00,-9.172957650283382947e+00,3.475453228829242569e+00,-1.044846269354098744e+01,-5.223094177052382214e+00,-1.888700288455266119e+01,5.366938435427561771e+00,-6.295426160239425695e-01,4.233355404698805557e+00,5.166257254105338426e+00,-1.358989881981775483e+01,3.272101160059752267e+00,-4.679086026458610270e+00,3.109567258094556141e+00,-1.627712084787812685e+01,4.704382376288138268e+00,-4.724828948992766620e+00,-8.742858235316930404e-02,1.873594902307074150e+01,1.377930603648478858e+00,-7.319186297966497889e+00,3.002665196453637164e-01,8.335412664942244421e-01,-9.468954095941370497e+00,-3.475317924927278312e+00,1.967346694619586112e-01,-1.210324085812604533e+00,5.084592781711009479e+00,1.419496631285674049e+00,-1.699890546006021097e+01,-1.229993715029346113e+01,-1.149847900731525741e+01,5.092655280180263588e+00,-1.695184290139412298e+01,1.355947540486847913e+01,1.867273897774120783e+00,3.629222304415125944e+00,3.068759971575495182e+00,-1.122995352430194949e+01,-9.128821431885867810e+00,1.762196881336655352e+01,5.333583911454631288e-01,1.027541839487620123e+01,3.527007059372668785e-01,1.348131458783427661e+00,-4.204062670187504125e+00,6.807273015761849955e-02,4.028473418716054688e+00,7.308928985362480368e+00,9.197622112404159722e+00,-2.575173032062552991e+00,-2.818791140796376382e+00,2.240288341171599029e+01,2.235674155044120592e+00,-3.637246397432450262e+00,-1.463148312932118600e+01,8.581047986620747858e-01
-3.856655539479500572e+00,-2.083048796380452217e+01,-7.079479372549030813e+00,-7.080351123702938843e+00,-1.110614981625854369e+01,9.750602277727887568e+00,1.628987853762935423e-01,2.440892270617274207e+01,1.048957408593555130e+00,-1.447543125879405324e+01,-5.639094217570570500e+00,1.801745219870931436e+01,-1.577468640371051611e+00,1.880368471663899399e+01,-2.375752356980749269e+01,-1.934023473458766240e+00,-2.826398650257894829e+00,1.387839499324466708e+01,-1.214025435355614491e+01,-5.107313198879526617e+00,1.325835032059378416e-01,-3.042965401580114637e+00,6.309670471000010661e-01,-1.810270632313514483e+01,-3.943434620118908995e+00,1.314158962300349387e+01,-5.856496869686999673e+00,-1.663004948422524221e+00,-8.702857960982561814e-01,-7.531359026544545365e+00,-3.371145075825906723e+00,-6.420391774587526967e+00,-1.462416610949453633e+00,-1.820818393416379521e+00,-7.315752098939055870e+00,3.113364069994189975e+01,-1.070295078032655001e+00,2.156581971344971294e+01,-2.674541311440850055e+00,2.320003217713653587e+00,-2.270615175511634476e+01,-1.572181995381328967e+00,4.833690780957848876e-01,-3.700823492240901569e+00,-1.443307807150404720e+01,1.938719857447650341e+01,-1.353456326609858884e+01,-1.037449904992967831e+01,-3.767476329133305768e-01,-6.364691991283927486e+00,-2.911433651213770801e+01,-4.696197996788649576e+00,-4.725620259481079444e+00,-6.043119126273843733e-02,-2.646980193525315883e+00,6.015814662076695019e-01,-2.801148879586668983e+01,2.006574894888973670e+00,-5.883539438787565246e+00,-4.363537924253941824e+00,-5.220211709051761240e+00,-8.657680208411630218e+00,2.093502561512126192e+01,-6.357382609868809098e+00,-4.740854998774710616e-01,-3.728381412286307928e-02,-1.104324527954585733e+01,5.533761673411055071e-01,-2.644995003198733929e+00,-2.709877105880352843e+01,-5.068206224833037510e+00,-4.949297804034731740e+00,3.430234794641614737e+00,-6.761561817094738913e-01,1.947736516652617933e+00,1.305709633491492383e+01,2.871434828026422803e+00,6.195665805252396297e+00,-7.593949497054932607e+00,-7.358113028308646442e+00,1.179854544141140238e+01,-2.569461426314417984e+00,-6.218607373200168098e+00,-6.057358245060650681e+00,-4.604831667102748938e+00,-1.795912668957166503e+00,-1.432369066127677559e+00,2.377077032996725947e+01,6.863006916389545964e+00,-1.659920371379455917e+00,-7.259870371360531038e+00,1.267634605688647831e+00,1.623282944175649334e+00,-2.169940114745575244e+00,2.036414867583618560e-01,-4.787613490236507729e+00,-1.883437928850949739e+00,1.407850919172384607e+01,2.523804730265799989e+01,-2.103824746054782313e+00
-5.491657558822251595e+00,-1.023419779951379383e+01,-2.872807036363247413e+00,-2.977882026356965639e+00,-1.845177753670522502e+00,-1.707836566848182969e+01,-1.845218896644251982e+00,-1.656379530649322085e+00,1.040007718403095360e+00,-2.744358474145709437e+00,4.617650155451777039e+00,6.190848690671341359e+00,-2.823608607047833452e+00,8.981186039345388394e+00,-8.915962803535707693e+00,-2.837868493499278166e+00,2.701587907830587998e+00,5.704231863548822723e+00,2.370805754614577765e+00,1.150442916343197952e+00,-2.804592704262262037e-01,1.533533130109255849e-01,-4.594430353779069165e+00,4.703096716180805714e+00,-3.315102185507892596e+00,1.597336382302890456e+01,6.366010109575767295e+00,-2.128757001804218785e+00,1.240913400121603782e+00,-3.989715604853070197e-01,3.725177965524826273e-01,-2.033788659257761200e+00,-4.124414384793285038e+00,-3.765531617411583820e+00,-2.545548653674373440e+00,1.076907544729217392e+01,-4.098132916660129688e+00,1.041641054560747115e+01,-1.146975209788324124e+00,-1.438508411444153978e+01,-1.757668514312752350e+01,-6.131220792292616295e+00,-6.293599439345406443e-01,1.079252119317456682e+00,-2.194211729946331069e+00,7.678731403053009608e+00,1.031611897102865605e+00,-8.811191839225889222e-01,-9.781769004687618008e+00,2.318888159648564873e+00,-1.298957461848325323e+01,-4.887235971545054625e+00,-2.146725558006776335e+00,-1.017484174324473045e+01,-8.073086515846572553e-02,-1.238883681998378616e+00,-9.103865002305447263e+00,-1.357124463346374910e+01,-2.271991840914882932e+00,1.779143460061989312e+00,-2.455379877404486155e+00,7.754461446310275896e+00,7.943916963889383176e+00,3.169040544715294505e+00,-1.382643030497644476e+00,-1.769417990168895560e+00,1.415741227644587763e+00,-8.786472477159154693e+00,-3.935608315553990710e+00,-9.848701885602054062e+00,-4.888739235790502846e+00,-2.484813881190874874e+00,-1.294120183801248913e+01,-1.260596696490572199e+01,-1.473714172866942995e+01,7.068869424047628414e+00,-1.075763941410011881e+01,-1.059531998579958767e+01,-1.892734281016773767e+00,-2.499035436482748285e+00,-9.685256368268889915e+00,-9.049246502749280552e+00,1.755984919220243246e+00,6.687609023237476080e+00,-2.293824852105916801e-01,-1.414942589694405450e+00,-5.204208616570949353e+00,3.230127894504312813e+00,-1.246550636315406457e+01,1.842589580225885149e-01,-1.646295604599818496e+00,-6.240335825786521795e+00,3.404858647135736049e+00,-1.420579161506826615e+00,-4.436351794824146211e+00,4.573060223551078884e+00,-1.285220246857526616e-01,1.290469499696145839e+01,2.932717728870392282e+00,-3.465267465898561827e+00
1.034778418702052560e+00,-7.714261186002636883e+00,-4.271411262126065367e+00,7.499655801803793764e+00,7.883297109028375438e+00,-1.495248580572065578e+01,8.201324845172608402e-01,8.566915457396586220e+00,-3.631960797853869272e-01,9.962424393241491316e+00,1.335993902021104773e+01,1.096790414920626056e+01,7.725053241006293314e-01,1.508950802711858330e+01,-5.364169160619145060e+00,-2.049120884700159628e-01,3.217125392381275262e+00,2.153802116019528512e+01,1.067714247011906359e+01,9.390958824713055986e-01,4.010218017680037050e+00,5.423778756323671679e-02,2.801668196016826595e+00,7.274041148985979532e+00,-3.740012362299872883e+00,2.048161778134405253e+01,1.062560500090781623e+01,-2.401177139810290129e+00,6.069174934663390530e+00,4.732398718010131233e+00,1.892236956554352645e+00,1.934202348069267163e-01,1.526485752193983192e+00,1.434114411076487405e+00,1.683093588023319320e+00,4.520045289711718262e+00,2.779308905113598183e+00,8.508354795102501811e+00,4.116145198485115841e+00,-1.142124273592545158e+01,-1.679594052259399817e+01,2.724268832115247285e+00,3.542310467376763583e+00,1.009544039135822402e+01,1.380635911930735737e+01,9.773606202412405963e+00,5.542823743126842118e+00,1.017044759420149447e+01,-7.945592183764709659e+00,1.703722200279266241e-01,-1.433825195074220815e+01,-7.273534371714711622e-01,8.362528631535117718e-01,-7.777183303374404666e+00,1.099312188671872081e-02,8.183943993963569419e-01,-4.967833654092212115e+00,-3.585973873886719510e+00,4.007767519231867581e+00,5.842356461812125090e+00,3.199292578845705393e+00,4.741456689743307251e+00,1.467176602452654599e+01,1.579885067805253129e+01,6.812767157830153408e+00,-1.094330426925133048e+00,1.244585915606648996e+01,-1.849423837355429701e+00,6.198724813429268288e-01,-5.958743907830193365e+00,4.400172211506106379e+00,-1.820954255703721492e+00,-6.369575884633988494e+00,-5.853712130540386305e+00,-4.941542045932263427e+00,1.432482049010517500e+01,-2.678222854193075264e+00,-3.958534099372949644e+00,-2.090168061459606541e+00,-3.899830440960129430e+00,-1.535321983578422866e+01,-6.140454169217999691e+00,9.875907231481029669e+00,7.922499556022258638e+00,-4.443982968842367320e+00,-5.778880013590450559e+00,-1.319597468665816065e+00,1.527752622614234923e+01,-1.142021107150906012e+01,-3.175862259318815162e-01,3.483938546308730899e+00,-8.805316789294430180e+00,-9.245051367128638731e+00,2.286667986556852661e+00,4.914716331761164625e+00,-6.140763936957371882e+00,-1.150580522315288956e+00,1.097637635088998920e+01,5.473699945699946667e+00,1.775228487975349934e+00
-1.952132975127747638e+00,-4.410655020142367988e+00,-1.943347692779830105e+00,-4.859157323241364956e+00,1.704951124691942432e-01,4.295552791209122034e+00,-6.412207931648462811e+00,-5.686447290323711989e+00,3.896962620014593259e+00,-2.544933402602156836e+00,-3.149187673282745514e+00,6.161695192929861342e-02,-7.008689028854713676e+00,1.557342459105293342e+00,4.914071018293912019e+00,1.713704921809674486e+00,-7.210448990182080076e-01,2.056487243155262767e+00,-5.337153917537886372e+00,7.017721799500349356e-01,1.369734965226705681e+00,-4.303696294104769615e-01,-2.284004433773009879e+00,-1.836952926718017354e+00,-4.929455651820354944e+00,-1.205808895317987961e+00,-5.355367598351921110e+00,-6.178967061769958136e+00,-9.277820956511235728e-01,1.621800638002866002e+00,-3.416165658858196341e+00,-2.645075522313149463e+00,-1.009092435696652634e+00,3.332966928357324665e+00,-5.456763247279054596e+00,-4.406605449662958307e+00,2.364239294057093765e+00,-1.920435199802128512e+00,-2.376720337980444242e+00,4.117946312479339177e-01,-1.974719292080412192e+00,1.280558606900158658e+00,-3.874477139211943033e+00,1.046034536117815605e+00,-1.519736028028036756e+00,1.161510327419250643e+00,-3.582498875286077578e+00,1.151489664140715741e+00,2.383982372351510115e+00,-3.468846525157869287e-01,6.345960770592484756e-02,1.635974389924178540e+00,-1.989335768640935864e+00,7.817818442645725341e-01,-3.763069070360047785e-02,-1.419867994514088183e+00,-4.823181767913682805e+00,1.748332769657007901e+00,-3.499562247040551632e+00,-1.631596638985579606e-01,1.739471513790387114e-01,-3.287441052976007416e+00,4.100005322561353083e-01,-1.474246688327386146e+00,-2.711415519200823354e+00,8.901561310644651170e-01,3.495015779400740263e-01,5.698692114607866621e+00,-1.663742949140509131e+00,-5.061689955851345957e+00,-5.272911365854109356e+00,-1.791311446398955454e+00,-2.529564107926073113e+00,3.787363565140677402e+00,-2.339660303303326749e+00,-4.106487127918875268e-01,2.580852297970084752e+00,-3.891291948631986131e+00,3.184548816517226211e+00,3.483955917437236316e+00,3.633480158677270033e+00,-1.154652718218461604e+00,2.687268722525127718e+00,-2.255220598399244825e+00,-1.661755211790839848e+00,-2.115168461701485203e+00,5.741679965613309733e+00,4.539878754495683566e+00,7.801913786220413982e+00,9.055879164684830229e-01,6.732866739027104863e+00,-2.788322123756305615e+00,-4.488979231629069422e-01,-5.579728460779832533e-01,-1.982268194489990476e+00,-3.255094441007793549e+00,-2.693729235026508739e+00,1.270833008891077753e+00,2.924410646512285883e+00,2.993208702625366202e-01
-4.918915727115725778e-01,-6.182089874443370547e-01,4.978934806529144996e-01,-3.506799104980134807e+00,-6.835379770200439076e+00,3.092954407775474479e+00,-4.521460776169323736e+00,-1.120719596733654200e+01,-8.387269807673146005e+00,-5.798618646569429380e+00,6.661758117761058529e-01,-1.395509100832033411e+01,-5.761571865210641796e+00,-2.833120838816505227e+00,1.040758908974407149e+01,-1.134466304348136001e+00,-9.949343624769690919e-01,-1.986490094409272800e+01,4.220516625476361305e+00,-8.487880513035818808e+00,-4.869697833319010627e+00,-2.891733335875739996e+00,3.667935535634077038e+00,-1.042637968721400732e+01,1.956464162662736817e+00,-1.525693915116490196e+01,2.378025576769529081e-01,-7.129474981017208890e+00,-6.234099779780478912e+00,3.739821307637454684e+00,2.263516303412626662e+00,-2.840924327401733507e+00,-6.634254778560234378e+00,-3.919300289361662415e-01,2.712738736854142463e+00,-5.769266526084851243e+00,-3.750491662617252864e+00,-1.370021282411712171e+01,4.621034934366409885e+00,-9.221206614958747494e+00,3.655877327767858453e+00,-1.879475542049319658e+00,-2.306236922629158581e+00,-5.707804767206726027e+00,-1.610898652880684878e+01,-8.192114624716866800e+00,-1.280680539670880158e+01,-8.144622236860620035e+00,-7.746283467707559822e+00,-6.081229888191510113e+00,5.054066340650949840e+00,-1.385095828012849362e+00,-3.807090032875952712e-01,-1.448306899536589309e+00,-6.050603551066302543e-01,-6.272191012033411006e+00,9.491929031164659136e+00,-6.880581162016032870e-01,-3.933010082711891897e+00,-1.242841181195596167e+00,-4.391698133716667840e+00,4.576342686997599607e+00,-8.643623289189578784e+00,-5.169831909836602790e+00,-4.284887049328372832e+00,-7.584123268766918002e-02,-9.744467370355435420e+00,1.913347867655218693e+00,-2.402488226146984207e+00,4.050953426244236155e+00,1.138313344385620596e+00,-1.137943759061352367e+00,-2.140059682048124579e+00,-1.516518350469680199e+00,2.598869656123465433e+00,-8.375975595293644105e+00,-8.137178172615289640e+00,1.123554958891688926e+01,2.870179081045834413e-01,-1.152560360066071432e+00,8.060721338999385921e+00,7.878990167729028826e+00,-7.248990519432743973e+00,3.085205500841980086e+00,-2.488042689893667614e+00,2.288909228574267374e-01,-4.079728201909023966e+00,-6.716075072082858810e+00,-1.294516871631310906e+00,-5.366620642608352476e+00,-1.613692234621463051e+00,6.344036470574181408e+00,8.927375601894672386e+00,-5.815356669891227348e+00,-5.308672583416464974e-01,-9.055260133240601306e-01,3.429599700200130830e+00,-6.758556749165643751e+00,-1.868566752079563287e+01,-3.666755885460041497e+00
-3.202798129528686033e+00,-3.980678133326732038e+00,3.621294597537048077e+00,1.295272504215345954e-02,-9.779540073092402030e-01,-7.588556963094255536e+00,-4.420042243339770138e+00,-1.010595768764325797e+01,8.013634736033925510e-02,1.359828609087245344e+00,1.034810094321334084e+01,2.243108972606011164e+00,-3.833795233197816454e+00,-9.123499043831153621e-01,3.071505058942205935e+00,2.015649718707019922e+00,2.247940554790547552e+00,1.575092471479341283e+00,1.421369071278346041e+01,-6.299315290997445915e-01,-5.344814640861694777e-01,-1.480803110611080831e+00,-1.314714197873616097e+00,1.487145544624733029e+00,-1.978525891066960529e+00,2.811149566901624652e+00,1.110491481125244917e+01,-7.373886360166044263e+00,-2.821859142638650120e+00,-9.440570193845725377e-01,5.361637278366290893e+00,-4.499902271899047790e+00,-7.027487497772614944e+00,-1.901658211746923843e-01,5.348737704095414713e+00,-1.319570767502888931e+00,-1.423122173346369923e+00,-5.048486705035415412e-01,-3.091701604938927428e+00,-1.160596517217833679e+01,-1.481276749378615065e+01,8.536118628809958864e-01,-2.147878287924846141e+00,-4.956870045313589657e+00,1.432529964889251328e+00,-4.362902779762727334e+00,1.783213610056196607e+00,2.585413537415495178e+00,-1.038206627292620077e+01,2.072612175508201204e+00,-4.670405470521192814e-01,1.088731314789978866e+00,3.578272439055580012e+00,-6.854775155225690142e+00,-1.520445075417912406e+00,1.595824226626404441e+00,-1.357224571973874028e+00,-1.358369141004477854e+01,2.038656017843217150e+00,1.705759435627079323e+00,3.502628689728294553e+00,5.515398835909930852e+00,4.394498213369399053e+00,-3.701600882276764093e+00,-3.646035540373562256e+00,-9.464338532088668599e-01,-5.887525818536922806e-01,-6.613185045392877548e+00,4.412627359108983960e+00,-5.243368710117835008e+00,-3.211580345887147914e+00,-2.119455447084968469e+00,-1.490689897928962537e+01,-8.672172709668771517e+00,-5.749274208294300692e+00,5.085887660624495155e-01,-1.195990390696752037e+01,-3.175124298050199467e+00,3.199081542143229484e+00,1.839427232403695989e+00,-8.997042254685799989e+00,-9.177186904442747206e+00,4.624769106964572440e-01,6.372375625516927045e+00,1.293345673611190794e+00,1.932213268719208621e+00,3.038508814478878772e+00,2.544284978243228412e+00,-1.410902615348452116e+01,1.797602016345290155e+00,-1.033056075898313386e+00,-4.116709361477081330e+00,-4.086232276742594038e+00,1.457449877190387655e+00,1.110097282883212078e+00,1.123603935806116816e+01,-5.667797546061764002e+00,-1.793997869373060716e-01,-6.607628069739963195e+00,-4.881641265026064325e+00
-7.747712280966204901e+00,1.500000437940579801e+01,-9.734139926933480069e+00,-1.328093209097265692e+00,-1.280038090711369136e+01,-9.800712911624607671e+00,-4.780415634323299301e+00,-2.640974921787870144e+01,-9.999849296769696139e+00,-6.021426098189856191e+00,1.055683555860591483e-01,-2.278943770069483676e+01,9.474398177337062243e-02,-2.766159059961466582e+01,1.181399612294673318e+01,-8.298560776658410632e+00,-1.146032393365170599e+00,-2.866689519706835299e+01,-2.799496123659924507e+00,-5.797174608815503838e+00,-1.035197942861408116e+01,-6.768789611161161623e+00,-4.301746631026856171e+00,-5.712819106090270438e+00,-1.038774444821469167e+01,-3.084722864449840785e+01,-1.715471244939203110e+00,-9.757105136189880845e-01,1.440630970109529008e+00,-5.663087161838373795e+00,-1.986451850171583100e+00,-1.108873608653182075e+01,-9.877349126339707297e+00,-2.564972060677580323e+00,-5.571216128401550449e+00,-2.377651793156940130e+01,-3.449713782293670317e+00,-2.008212806681837392e+01,-6.405474548799049650e+00,-9.694728680227262529e+00,1.102966247750417139e+01,-2.962977592546901739e+00,-3.231961621662763573e+00,1.748972978015041368e+00,-7.360471454019458903e+00,-2.446373224422639936e+01,-9.292530336658456847e+00,-1.237123789419288755e+01,-1.240946710029428957e+01,-4.415236590980975429e+00,1.069906886647067346e+01,-8.185770699173881226e+00,-5.990366454277215702e+00,-8.622528536991193704e+00,-6.695181045453855617e+00,-1.416650252503888208e+00,1.304249278474419071e+01,-1.148023157410443140e+01,-5.679960129920746503e+00,-4.589789094122051161e+00,-4.578547394793685221e+00,-1.577368895490613987e+00,-3.624051165793314055e+01,-8.827738547694547577e+00,-8.460730014251975906e-01,-3.744838178780476312e+00,-1.331103329451866912e+01,-6.729448162603782535e+00,-1.632696364134788025e+00,1.866566940502866245e+01,-4.694135777962115341e+00,-5.932681962297322364e+00,-1.323812324472005031e+01,-9.075977827278581600e+00,-5.679338435677200536e+00,-2.380767945539856356e+01,-9.006120184100627313e+00,-1.203381963183205450e+00,-7.965447913489599685e+00,-7.140388029749409782e+00,-5.483931510166147660e+00,-1.936767046691745975e+01,-5.818292315446016438e+00,2.743464604260324347e+00,-7.346597969150732155e+00,-7.568491679097064662e-01,-3.137093528183571678e+00,-2.897832113309062763e+01,-3.950201030813730974e+00,-7.484357102720046839e+00,-3.931973943574925023e+00,-1.950151680853172920e+00,-3.005243627233547876e+00,-4.999684021309861670e+00,-3.555421280435092424e+00,5.183192622052207099e+00,-9.272640821765190111e+00,-2.107309871861912498e+01,-3.249484067981597946e+01,-4.034246004024866217e+00
2.772527251692449290e+00,1.836415222579166340e+01,1.044123926664372259e+00,7.640868849553700271e-01,1.465062654269984677e+01,-1.444575489204398266e+01,1.178415220570189659e+00,-2.100231820796825488e+01,-3.673539077553817922e+00,1.251666191417128715e+01,9.813878604083800639e+00,-1.243144628336007429e+01,1.987466376318116901e-01,-9.577814268665694186e+00,1.824174535244417328e+01,1.051660361434135993e+00,3.846483043784957312e-01,-8.497362791477424793e+00,1.102855547714828610e+01,3.131904037138886654e+00,1.681528647399547660e+00,4.900251453144782943e+00,9.557334857730215294e-01,3.773151455675873400e+00,1.326434623609349162e+00,-7.774354087576853978e+00,1.240979216637403226e+01,-6.486140987332023045e-01,-1.184761079014445162e+00,-5.640444162939737272e-01,3.343805977540952767e+00,4.954771967699715951e+00,3.571987625414233314e+00,3.444447462939984383e+00,6.623862941076482658e-01,-1.979018524920362765e+01,4.167360575833844116e+00,-1.208392038390897127e+01,8.326844269210097238e+00,-1.232095693350093590e+01,6.914810863600933111e+00,1.847133101289671231e+00,1.869401698967854353e+00,1.088180964922293104e+00,4.834953489496647272e+00,-9.287616664831295665e+00,8.443767879096846229e+00,5.139866225341934935e+00,-4.689824588955012530e+00,2.305133414995672592e+00,1.869713554867877647e+01,4.687920670926601474e+00,1.492087523701557616e+00,-3.387929919989494998e+00,2.014737497442665948e+00,-1.867296820153455883e+00,1.359988491222829410e+01,-7.013321341690040178e+00,4.312505656655441832e+00,4.725661125971215570e-01,-4.067491601059396444e-01,1.462572561616051203e+01,-1.181221031605405081e+01,6.766205943077416407e+00,5.529016375490185098e+00,2.514303583067257986e+00,9.317796085782140025e+00,-5.281681876598307568e+00,-4.589501603674013275e-01,1.424464951393945178e+01,6.748214436982034492e+00,-6.092078330339566472e-01,-7.792514613161036330e+00,-5.684396353164289373e+00,-9.936411711070523012e+00,-9.892650018418596147e+00,-8.924028631803873068e+00,-2.944446650409316746e+00,1.934021757352271553e+00,4.521696306614263250e+00,-1.066280443971910863e+01,-1.278397715409540680e+01,2.725804350329305237e+00,1.410729004878497150e+01,-2.970429595876084683e+00,-5.807727734680979914e+00,-2.583238771370112152e-01,-9.293571214743751696e+00,-1.722352646619516747e+01,-5.431425571506280914e-01,4.036637501803578054e+00,-2.021625124961420994e+00,-7.540153962802759402e+00,2.206543078196380847e+00,-2.921965964445547570e+00,1.793318084632754994e+00,-2.309829704484202217e+00,-1.211594775538630131e+01,-2.471045480208596246e+01,6.776907498958100184e-01
6.882005026306505791e+00,1.910580683365861532e+01,-3.190027240630395777e+00,2.034123852296944257e+00,2.785705984892734577e+00,1.876735653815926597e+01,2.228244040653231117e+00,-1.025292371933979041e+01,-1.470041136559811168e+00,-4.072095908174273582e+00,-4.716687609186579699e+00,-1.863990027163768559e+01,4.353021848763526158e+00,-1.529342871657781444e+01,1.686438281145262152e+01,1.852671200732782353e+00,3.843802397748237176e+00,-2.586875923341314731e+01,-8.153829570859702613e+00,2.904891729132578426e+00,-4.396801773833342253e+00,2.693199479872945723e+00,5.252977851443032975e+00,-8.983258107952476479e+00,1.921829444898892625e-02,-2.524424675150069319e+01,-1.045051817054261889e+01,2.939985432116514197e+00,5.668987476088602762e+00,2.167032339482465542e+00,2.603131989934958646e-01,7.970720651387326328e+00,2.651442063782650127e+00,-2.755265578880710109e+00,3.681538945646937400e+00,-1.530690392640576292e+01,2.752320711522857621e+00,-1.715115482969975957e+01,6.993259050316630310e-02,1.660826537252496848e+01,2.989510379577997767e+01,5.542964867974500720e+00,2.282164386477470330e+00,-7.085558216123777342e-01,-2.454487768504929779e+00,-1.655309115589602342e+01,-3.875492247609600760e+00,-1.742823624174648423e+00,7.999144220023424623e+00,1.348567385634819260e+00,2.172062632305627261e+01,4.710368452614772217e+00,-5.123423956884798347e-01,1.538783387168520989e+01,3.479048941435086029e+00,3.610818756377674799e+00,1.684771924894084449e+01,1.063932029724295880e+01,1.918872466501660323e+00,-2.889550173099241004e+00,2.501355940414331513e+00,-1.129220708411426877e+01,-2.199850786367943201e+01,3.059414114976342081e+00,1.720992522754525744e+00,-5.878314856064537075e-02,-2.197457894163022285e+00,1.648744840254529720e+01,-2.940550054847952843e+00,2.344000877034628516e+01,9.682791388375887820e+00,-3.212287467054930623e+00,1.634277988100177126e+01,1.200028987133379488e+01,1.363803611811740346e+01,-1.803755675193908559e+01,1.388539177116162371e+01,7.555417547281157553e+00,-3.912637534055340538e+00,9.415186974754405913e-01,1.568937877477066145e+01,1.608348887431572649e+01,-2.457498887080829864e+00,-6.236066622190541864e+00,-1.740280306042186975e+00,4.323926112842554126e+00,3.124858716849882700e+00,-1.675904484358212443e+01,1.220531939359612750e+01,4.449585792326948841e+00,1.444962867334789625e+00,4.186250139554084981e+00,9.197459953503466679e+00,5.701331702201482443e+00,5.300856369704994187e+00,-4.727716411161569710e+00,2.525109147704016177e+00,-1.464799434789075860e+01,-8.553371036967423180e+00,2.186163572112994391e+00
-4.822025991609564244e+00,-1.468542288348708880e+01,5.054132728657749762e-01,-5.813221256825977790e+00,-7.429114057070469457e+00,-2.699254450702679442e+00,1.313374874688808536e-01,3.711363596917823138e+00,8.547998368305318451e-01,-2.239595402226256304e+00,-7.804549075800734315e+00,-9.728687809286693522e-01,-1.107626366927216210e+01,3.471116283728801211e+00,-1.469808892899643382e+01,-1.355164597177461516e+00,-1.060922211899563550e+01,2.457095494149386994e+00,-1.343782562048645346e+01,-4.431906405839480811e-02,-1.354241668247568864e+00,-8.342561392542155119e+00,-1.615515182830930030e+01,-3.798209520577415788e-01,-5.859017415442445476e+00,3.579424420908045690e+00,-1.230809167523336001e+01,-8.842820763139632945e+00,-5.594838182900823575e+00,-4.340247511501413413e+00,-2.245162468224908281e+00,-6.505159865218913318e+00,-6.841228866864167202e+00,-3.340329357106786468e+00,-1.391588587475739880e+00,5.281305655201982141e+00,-5.923310413070939973e+00,5.183741543964000442e+00,-6.208519094927551052e+00,-3.734354904740864178e+00,-1.189057024624904990e+01,-5.135635220700333292e+00,-4.577741902594347323e+00,-5.937866759445515008e+00,-9.574952592445289401e-01,1.180600405280630483e+00,-6.984472666506563954e+00,-4.370185204740711704e+00,-1.449661034379346347e+00,4.087053033718777151e-01,-1.139877609737346020e+01,-3.801130339421030069e+00,-6.046606119537257129e+00,-3.116447446702376833e+00,-8.151615402251744413e+00,-4.832307797887766654e+00,-1.756092115755184935e+01,-2.510008797524362567e+00,-1.075455784250479496e+01,-7.672500828433647335e+00,-5.175451340574488412e+00,-9.648517607252685480e+00,6.005068689876287280e+00,-8.237144892240229055e+00,-8.504703520050163945e+00,-9.697864946035235079e+00,-5.723845137401951000e+00,-3.077736743558774357e+00,-2.690416649012463246e+00,-1.858920386800070901e+01,-7.522915258655448412e+00,-1.310708027587063107e+01,-8.830846715697294513e+00,1.224164677276060154e+00,-1.140026452587237493e+01,-1.650806011268208806e+00,-2.477921184348754302e+00,-4.233535373100395738e+00,-4.215528366526870130e+00,1.867963611278413039e+00,-8.152670102393917873e+00,-4.625386361004403923e+00,-2.536357911116931874e+00,-8.272634067903238630e+00,-3.117649923532776590e+00,6.985825079680378913e-01,-7.189954381020116969e+00,1.009938978519128483e+01,7.296302508907941409e-01,-6.878040500966957183e+00,-8.794962388843826417e+00,-8.846220223091210144e-01,-7.579222086481135712e+00,-2.934049359779727695e+00,-4.303721391008575203e+00,-6.056267861582993461e-01,-7.522649061109601298e+00,6.487575776743257805e+00,1.100648679554518417e+01,-8.754190563290690008e+00
5.896514037194666713e+00,1.331045213624135748e+01,6.811304034529266360e+00,-4.775869932251287864e+00,3.772811692675431594e+00,-1.340171610999618235e+00,-7.354271925408535360e+00,-1.939870828152513482e+01,-3.339959558391702998e+00,-1.366650597207307083e+00,2.268102895503885108e+00,-1.894623383214841894e+01,-5.156427808492531906e-01,-1.414953748802508926e+01,1.925410010851635079e+01,-4.217695882399622676e+00,-8.578005707842173422e+00,-2.026277343119888386e+01,6.815473973425235421e+00,-9.016185055210217403e-01,1.199905122907086952e+00,-1.582081970937771143e+00,8.892861877595695796e-01,1.361302999015653103e+00,-1.175956215433685781e+00,-1.947916374766576553e+01,2.827451658219229280e+00,-5.730552908920680366e+00,-3.882278607956444194e+00,-1.975559429663814370e+00,1.968842144176561115e+00,-7.657060844956182777e-01,3.420902691451345845e+00,5.300162720983748521e+00,-4.241431131106325747e-01,-1.404187067859218985e+01,-4.957001001706232479e+00,-2.106841669865574218e+01,-1.501569065683896476e+00,-4.534117954791847538e-01,1.208837651959542470e+01,1.772844797662490368e+00,-2.689652225631317339e+00,2.654465647890020819e-01,-1.708967722940410106e+00,-1.608252252397033999e+01,1.924901832279413139e-01,-3.436676105242144175e+00,-5.415627910506628950e+00,-1.500187631552343248e+00,1.659993925921300928e+01,4.385300534556457741e+00,-1.653308218604234714e-01,-3.683917895198948855e+00,3.883918784477587760e+00,-8.841512693971226966e+00,1.788596817972887010e+01,-1.003083728469993119e+01,3.228680887900652330e+00,2.946981538280976309e+00,4.590911336960761702e+00,5.238098217804256329e+00,-1.544908711147909663e+01,-1.725616323186709211e+00,8.419166404932938441e-01,2.083764981863939436e+00,1.626568888302875715e+00,-4.341513356314281147e+00,4.126661262624123694e+00,1.834117009480284821e+01,-2.672231475841716275e+00,3.032163421795867286e+00,-5.664234360664842427e+00,-5.229862480862138341e+00,-2.550281332620328190e+00,-1.584631930388604104e+01,-8.576874831911030839e+00,2.774098598392136239e+00,6.824555642219632290e+00,4.593193039718300064e+00,5.786373210831172287e+00,-4.285412314101853859e+00,-1.985517860514528055e+00,9.565292532631541889e-01,3.871115664678444368e+00,-1.682919224720330620e+00,1.076009967320434413e+00,-1.341328416342765451e+01,-4.000849653361213676e+00,-1.335284676009281801e+00,-2.757382495141765144e+00,1.771925082244562022e+00,4.463875034586339829e+00,1.155782251115469395e+00,-1.718234356392086326e+00,6.207429769256329166e+00,-1.798211694972167596e+00,-1.038351463420856291e+01,-2.350432248029071758e+01,3.566465901124477034e-01
-6.106511938998628874e-01,-3.615127667368720044e+00,1.131511594155245826e+00,-7.457774841119223730e+00,-2.113572681213766291e+00,-5.981627986261803365e+00,-2.146589647779832521e+00,-2.532115137774710867e+00,-5.058839539979300248e+00,-5.262620787426928182e-01,-3.809138798278641769e+00,-1.084169038348202330e+00,1.210478228307889426e+00,-2.561945274383985449e+00,-5.973536267495484609e+00,1.384070350172233121e+00,-1.949901743553706490e+00,-5.297267224065083102e-01,6.020979128841370098e+00,-1.390835351143939747e+00,1.039033177214114145e+00,-2.615462460469586414e+00,4.833246678256838180e+00,-5.594977653687664088e+00,8.520043110303281431e-01,2.142106326644293013e+00,1.578582990754656912e+00,-2.727040796472710582e+00,-7.258684279226341296e+00,-3.826337032694091533e+00,-2.509891606235193251e+00,-9.177324723070641177e-01,5.248156699862801533e-01,2.412423426913141711e+00,-9.089202044002235858e-01,2.781057217012271376e+00,-1.733532711427101747e+00,-1.843923066916032028e+00,-1.058196453076505339e-01,-5.707893736783669070e+00,-7.127339609202175907e+00,-7.117456926463204825e-01,3.271474440178852028e-01,-1.428210506390589440e+00,-4.053673221679981786e+00,2.541959928312498285e+00,-8.897086182135151011e-01,-3.744437265471464382e+00,-6.364053822688788387e+00,2.949712739065147638e+00,-5.993723811297719806e+00,-2.096790784724707812e+00,-4.412768653717320966e+00,-4.447822853642229290e+00,-1.569804695240632153e+00,-1.978933281031980851e+00,-5.192330561542714662e+00,-6.959713162371294004e+00,-2.102929812784908759e+00,-4.532488536983539262e+00,1.109448148854742300e+00,3.025647400762414119e+00,9.412467944810187781e-01,-4.102188574977541968e+00,-3.718049743919625616e+00,-3.065401827471379459e+00,-5.726476151955445237e-01,-2.965563204157743993e+00,-6.238952765589181659e+00,-8.772443908927818335e-01,-3.406113674252266854e+00,-2.232745685728731555e+00,-3.998134643393432164e+00,-4.321537429639429995e+00,-6.556908515456592923e+00,-6.908042787132102625e-01,-8.356978652470786528e+00,3.075698368232830937e+00,1.845894776670016002e+00,-4.939113632433649315e+00,-1.694682495525685062e-01,-1.584495798447525416e+00,-4.251513638528614081e+00,-5.439770911598242442e+00,-8.701962779683056759e-01,-4.452821686587082439e+00,-5.420399964852444796e+00,2.616926909917839161e+00,-7.010256278850932610e+00,-5.700330122422733403e+00,9.673030805852973479e-01,-3.810517363121461720e+00,-3.671778163114631344e+00,-1.714416052987464800e+00,-1.766157786008969000e+00,-6.985972484934441340e+00,-6.766841219079751113e+00,7.309994147343568116e-02,-7.890871994966079050e+00,-4.245500871253234720e+00
-1.915976565369821305e+00,-1.121874307021941952e+01,3.283052367209807976e+00,6.982864576208085872e+00,-2.456464809277250083e+00,2.773178072247235448e+00,8.085964842447417311e-01,2.287720300475928425e+01,-1.115274691110594407e+00,1.340773318803179404e+00,3.888554702108337757e-01,1.600441287445413963e+01,1.573121622722959856e+00,2.568138877617940352e+01,-1.445803248518985562e+01,1.545888659950495736e+00,1.338733223086702173e+00,2.009394164469184929e+01,8.331297690928574085e+00,3.061206769612729861e+00,-2.157070715070891487e-01,3.391119797320338414e+00,4.499434229008347330e+00,2.514285072877541882e+00,2.177406810557196426e+00,2.208587584602098985e+01,1.487889298357255585e+00,-2.932030176893783757e+00,2.040750172774563165e+00,-1.719847706548235933e-02,2.895263293820764083e+00,-1.034743292567542827e+00,2.685815398269837395e+00,4.675060714383302951e+00,3.005770702322880794e+00,2.718880298969260423e+01,3.000547536629468048e+00,2.114848761394555865e+01,5.329413726279517149e+00,1.922887089270001404e+00,-9.917339199319542331e+00,1.027524734135590734e+01,8.702462488356655257e+00,8.403319096871991079e+00,5.779455258364882830e+00,1.593310516258303622e+01,-1.405564614814096114e+00,1.277437083791523875e-01,1.825271371191383052e+00,1.932398075952923122e+00,-1.772133916357059391e+01,2.688032225001981690e+00,4.283479879183223815e+00,-1.763933863767602972e+00,3.382594825021842944e+00,1.332858759218950251e+00,-7.516788537513832580e+00,3.241817590248888159e+00,1.956808180974592304e+00,3.110945009862922994e+00,9.399105778597290239e+00,-3.788682977083024817e+00,2.252833074424388826e+01,2.242184709991548175e+00,6.094754777612784835e+00,3.305661519294022632e+00,-3.518295363668973774e+00,4.402203147670022965e+00,6.786634390239665748e+00,-1.408775851750813679e+01,1.183012348637060729e+00,6.538241578595982872e+00,4.476346071262913284e+00,2.341223760376839547e+00,1.013490261776800949e+01,1.791081403100355018e+01,4.194156424503026059e+00,1.332874431810524340e+00,1.194056454470541873e+00,1.612312472821328946e-01,7.095771521698384099e-01,7.165730152743930326e+00,2.092177012272397718e+00,3.243785411081906211e+00,-4.182227343240696449e-03,6.644759241972490571e+00,5.450132570572483459e-01,1.151968178263674503e+01,5.579742028597388881e+00,-1.591656833120314030e+00,9.022324153612217845e-01,3.268884007320739471e+00,3.980490762021483775e+00,6.418184814174929365e+00,7.055472962634633305e+00,7.556283555787228767e-01,1.212768869021910589e+01,1.415774109344009091e+01,1.984013549866009996e+01,4.602210605852504521e+00
4.637264421595056696e+00,2.028044071716981733e+01,1.089864895545867407e+00,5.729788413171046813e+00,7.554033458851974636e+00,-7.929432372158198739e+00,3.178927577696666340e+00,-2.473137522970132451e+01,2.992249436250522976e+00,4.139067979984657697e+00,1.284305066858419053e+01,-1.242214655712208327e+01,1.358907326898780799e+00,-2.364834993679294328e+01,1.957588705759204117e+01,2.411880439863501202e+00,2.765943886033414234e+00,-1.631770065217397203e+01,4.976235676815548459e+00,5.810255387282619921e+00,5.520069422896049183e+00,3.208855188724455409e+00,-2.505301355455853418e+00,6.548896036946319832e+00,4.984856109477091568e-01,-1.744887224493995248e+01,5.280942900429785425e+00,4.293547032098020466e+00,5.534486211216021800e+00,5.335434520313198092e-01,3.352144767318167240e+00,6.861307081747290981e-01,3.755271148693036576e+00,-2.684107821676323669e-02,1.073382210268206127e-01,-2.638546469119691551e+01,3.556242610109522584e+00,-1.845017367431307420e+01,1.932684395074394823e+00,-6.973442404847904896e+00,2.245492089507212441e+01,9.651989507120697365e-01,1.265138910923513382e+00,5.892922325609436740e+00,1.097553679004533755e+01,-1.892377031035094248e+01,9.304004603421020647e+00,2.024062536132620771e+00,-2.467668241866226797e+00,4.883989991014647813e+00,2.314156445700024989e+01,4.743373160961511736e+00,2.753936822686301689e+00,-4.564954412566345709e+00,5.915768053462966414e-02,5.293190888857179921e+00,2.243864360067919606e+01,-5.724395921885688132e+00,5.804413802453272098e+00,-5.048238038193779254e+00,-3.534503062643237659e+00,2.680123293644983473e+00,-1.903586199579135751e+01,1.121315512585325536e+01,3.685704493627944611e+00,2.404265771964423593e+00,8.688511602872496908e+00,-2.137265884244506253e+00,5.090920385483578059e+00,2.517774292051349505e+01,7.594524263714835577e+00,-2.071307389624307049e+00,-5.263229877729142636e+00,5.076597035479437636e-01,-4.067800735815572999e+00,-1.987983724082938863e+01,-5.406949755729861806e-01,-4.349264174790058668e+00,3.826609895557246510e+00,1.029775939672701979e+00,-1.709992398505074362e+01,-9.575363954572067016e+00,4.801626329987095154e+00,4.616884837416426635e+00,-3.067465646773989807e+00,7.721919579426206326e-02,1.250290528964455916e+00,-1.880884416858364361e+01,-9.368482105072907018e+00,2.372549806675358752e+00,-2.628160838197497462e-01,1.230881255803442542e+00,-4.630283002020888716e+00,3.532349944067154190e+00,1.958623445003373709e+00,4.297689224246206585e+00,5.150968658099311703e+00,-2.033371569057222672e+01,-3.192119850689755012e+01,5.018273034754042961e+00
4.411561925186473943e+00,-1.689914834110154374e+01,-2.075312965941089161e+00,3.483759741943774024e+00,2.342559219045289964e+00,-3.919699161442569579e+00,9.999407323129341219e-01,1.591442820024418658e+01,1.654852867747806044e+00,-2.590837425087225920e+00,4.936624021758873937e+00,1.258456235243418497e+01,5.138413426778266846e+00,1.721747138942176036e+01,-1.439160974232698997e+01,-1.156164980377086371e+00,2.432863221710773183e-01,1.990657656633912254e+01,1.986449399244800462e+00,-2.367346060621725035e-02,5.669788284361851893e-01,-1.130768211895430309e+00,2.841709819039501261e-01,1.578294910100425330e+00,6.067318931780252278e-01,2.333802618988462640e+01,1.354142019110048833e+00,-1.729107299837192357e+00,1.701382730083115913e+00,-1.723547998424074246e+00,1.677377588382979567e+00,1.218772510601283665e+00,-1.346303589023694514e+00,-3.354329381560078982e+00,-7.701043617944096642e-01,1.794403968423285534e+01,-1.014443944590502467e+00,1.974006523869146434e+01,-6.290493475703509141e-01,-6.599109679406074846e+00,-1.689169305191057191e+01,4.153042433250867305e+00,9.253570230266250363e-02,2.687586066379541450e+00,-1.365457284674987726e+00,1.885200467934519253e+01,-1.044569355857718707e+00,2.042466481355900143e+00,1.197723944998679180e+00,2.891652106650977050e+00,-1.746300253791551782e+01,-1.894878343679544219e+00,3.108545687935509338e+00,3.110013542961691080e+00,8.883272649516934516e-01,-2.978816951213704822e+00,-1.970561915986501234e+01,-4.216754731871868778e+00,-8.032516439570658306e-02,-6.764922794374117920e+00,-4.174653821523551578e+00,3.813670724468776196e-01,1.431299603889485539e+01,-9.420851943550068164e-02,-2.446052772743169790e+00,-3.625066927327001309e+00,-5.710617201062599513e+00,1.786909704869773519e+00,-1.998172789623013923e+00,-1.720903905008746904e+01,8.257533055593540894e+00,-4.729501588128403711e+00,-4.407049594187910646e-01,1.503309617621860106e+00,-2.330095719073870697e+00,1.331385848510163505e+01,3.648990430123245865e+00,-1.939940895598036841e+00,2.592435103782863681e+00,1.255478645831590523e+00,-1.175774302368407520e-01,-2.277189213556460423e+00,-1.186240130288384709e+00,1.352412502582285292e+00,-2.095685178790545500e+00,7.802560134330049912e-02,-4.048436056665284610e+00,1.663492523312005744e+01,-4.285190799033544273e+00,1.418812589101154931e-01,-8.021392335412220742e-01,5.367667533394699930e-01,-1.667535883248623563e+00,8.520325542304381106e-01,8.102374778538210531e-01,-4.020342553837936705e+00,-1.808286915520838534e+00,1.408550521758880159e+01,1.678674775649859185e+01,-1.047790090059441681e+00
-3.435177217325157795e+00,1.450722118957645890e+01,-6.498340933344635140e-01,2.067787699241022903e+00,4.594753876019336047e+00,-7.112357361144336032e+00,-1.541774957704430182e+00,-2.452205120519914061e+01,-3.054084727238188801e+00,8.347420493939530672e+00,5.425504868879078124e+00,-1.883488972370734160e+01,-3.674960512569824367e+00,-2.032026811916678000e+01,1.649469763042084836e+01,1.649768026156785972e+00,2.831356950955582263e+00,-1.951884566663385456e+01,5.485846989190198641e+00,-4.791780602697169655e+00,-3.619901691052554771e+00,-2.007033585698634326e-01,-3.486431501979294190e+00,3.195261982103835052e+00,-8.368408451392803649e-01,-1.997770198470815473e+01,4.198014341447294129e+00,-4.108225165449807648e+00,-8.208782401287941788e-01,-4.570765615875357568e+00,6.104372845251301305e-01,1.216878098119073215e+00,-1.580291276133713119e+00,5.118735709835059433e-01,-5.914263045971407173e+00,-2.941984004193730584e+01,-1.769243701819574577e+00,-2.583482728087448521e+01,2.428853790584005523e+00,-4.897114842902634102e+00,1.376268099527291255e+01,-7.000193745173113324e-01,-2.612176229813873540e+00,-8.061044300510769034e+00,-5.734339145076991606e+00,-1.699072236181919138e+01,5.487028538114735454e+00,1.496421126945330915e+00,-7.725759601697736123e+00,-5.833734746342089217e+00,2.243376306435277456e+01,-3.725923913492122375e-01,-3.990963873996856481e+00,-3.251685788924993936e-01,-1.729130328829708851e-03,1.046295742428148046e+00,1.059151898492773825e+01,-7.455141965023976525e+00,5.747769592448370712e-02,4.153977246302962278e-01,-3.660479792822803002e+00,4.877186008740258316e+00,-2.307776565957792414e+01,1.786272182245088658e+00,-2.882043614425835454e+00,-3.125164353730856881e+00,1.561987003473477298e+00,-3.455375688270511336e+00,-4.640658696055934840e+00,2.241310911645266657e+01,5.876421328281988821e+00,-7.173469039461034313e+00,-4.880448297378727318e+00,-4.033522522114801667e+00,-6.762060628166459253e+00,-2.041406930205869941e+01,-6.224291811816125453e+00,-4.382095025032436197e+00,2.329670261460627945e+00,-5.426597617338539514e+00,-4.348256107163962270e+00,-8.686546363821104677e+00,-1.840798374946829075e+00,3.803163201229416757e+00,4.012099831936878913e-01,-5.315439325642813628e+00,-2.361119622726082667e+00,-1.409960452250608753e+01,-1.481107226480590811e+01,-6.064538804779973091e-02,-1.079449024964066250e+00,-5.373108203764711988e+00,-4.626130132134433026e+00,8.407593279819000065e-01,-3.957860886280719193e+00,1.260286658572432050e-01,-2.254664342285285894e+00,-1.719417042521637740e+01,-3.073150940053268698e+01,-9.081843379342710021e-01
-7.257180292088141194e+00,6.499492369518542034e+00,-1.498338887147652843e+00,-2.156957171839463783e+00,-1.207639086703555797e+01,9.482231371848211410e+00,1.125490222387954375e+00,-8.010331000421574643e+00,-3.817924135210650327e+00,-1.261285527857019240e+01,-5.635928339322610725e+00,-7.017625801524012275e+00,-1.655557855491221142e+00,-9.089977453830957899e+00,6.234907147954212192e+00,9.448315711860466592e-01,2.403341069663508911e+00,-1.934432260152987837e+01,1.560000990926525111e+00,2.898481740663287898e-01,1.473278561000940456e+00,-2.266928138013979410e+00,2.422025222484549989e+00,-1.282405086031645780e+01,1.844075679366222520e+00,-2.477747963291626121e+01,-6.206569892658628795e+00,4.708949449959154432e-02,-2.385716704273581179e+00,-3.168176805970798871e+00,1.711075856606739887e+00,-6.742389661630769027e+00,1.253608213286929729e-01,-3.324241193635487646e-01,2.955716756941632717e+00,2.543876832257826237e+00,-7.531790850559099137e-01,-1.497140910699175009e+01,6.605530219600939112e-01,-1.602508265249999453e-02,4.778784966270579915e+00,-3.593322555036009280e+00,-4.549578881714334777e+00,-1.147576318155164810e+00,-1.223835507815893386e+01,-9.986294347084426093e+00,-1.601793431439260473e+01,-9.485339161330466951e+00,2.293026159714942835e+00,-9.201934264128734942e-01,5.643104544463424688e+00,-1.924935461599626807e+00,-2.446010251040347416e+00,-1.242233413810545750e+00,-2.001271702600482261e+00,-2.280446254591007360e+00,1.082212808482900002e+01,-6.105261468924640056e+00,-3.102143019764194154e+00,-2.738550534766547528e+00,-5.862417778431432858e+00,-2.549217511946740622e+00,-7.898242322771733548e+00,-9.682325164258784866e+00,-7.819483443658257205e-01,-6.829062404739350001e+00,-1.323239942416700110e+01,-8.333259730765807394e-01,-6.886025235619976925e-01,8.491116655561302906e+00,7.008578877890985215e-01,-7.176621672797808493e+00,-8.188487247623923437e+00,2.547991753188874609e-01,-1.799744865148001249e+00,-9.663497856021903587e+00,-2.496850383667285733e+00,9.276788587920693274e+00,-8.456812620437824890e+00,-6.608488513413408594e-01,1.544253931714817440e+01,-5.283445989972167522e-01,-1.714100421734640278e+01,1.143080947659643964e+00,-4.260235443542427447e+00,7.012803424597397139e+00,-2.276270697349991767e+00,-1.403502568190462441e+01,7.125045207463598373e+00,-5.803898367010950077e-01,2.215229319914550299e+00,1.005247495700272786e+01,1.424720563975351340e+01,1.982414618040179155e-02,-2.321305920282349611e+00,6.494111868671079257e+00,-8.961190780736866257e-01,-9.515444363602824751e+00,-9.977790733851682248e+00,-2.374706296541937434e+00
-3.651713298691001697e+00,3.746682875255298750e+00,1.071306479150365032e+00,5.012118483940861680e-01,1.422064105641844378e+00,7.116850505693827600e+00,-2.567158440938758002e+00,-4.574414212232547072e-01,-2.766712911926984209e+00,6.872278900034210380e+00,-1.639287697627286988e+01,-1.244028414034818653e+01,4.156587810901663516e-01,-1.223248244763964365e+01,5.390001628701631020e+00,-4.805939164672119901e+00,-2.853974962653698100e+00,-9.981444274742743872e+00,-1.247385421845314468e+01,3.538945922553677903e-01,-1.950019900683190865e+00,-1.082923250866603126e+00,-4.006791079881427464e+00,-5.630832491016636965e+00,3.816261653822250022e+00,-1.157779896196683289e+01,-9.412274388049391760e+00,-5.069272120244356472e+00,-2.710484457204906050e+00,2.812227296718826874e+00,-1.312615001297771311e+00,1.563021110563024063e+00,-2.689293453539691736e-01,-7.685404925525174402e-01,8.869774943849373372e-02,-1.185170070670714004e+01,-7.135929097196923365e+00,-1.025344389816282309e+01,1.759615727778074845e+00,1.069218362404214062e+01,1.015203762909053609e+01,-6.005459067027389963e+00,-4.125157671114922486e+00,-4.456266778221912972e+00,-2.693877218473033963e+00,-6.668258428939648041e+00,-4.157505951617444850e+00,-2.438704664906978792e+00,7.301235259639221375e+00,-4.413244609644075389e+00,4.427023621639712303e+00,-4.698649961432840527e+00,-2.366857994512181929e+00,1.375843639878301516e+01,-3.691472531526486911e+00,-2.502139953742744449e+00,5.374113888244977488e+00,7.213184273056327811e+00,3.053603292252625945e+00,1.597912664281903039e-01,-3.079239556083698481e+00,-5.485749196122186255e+00,-5.055831123781213243e+00,-1.903572251002664695e+00,-8.307886318298271178e+00,6.791057060233968157e-01,-8.057047491169568865e-01,8.738190384056654381e+00,-3.028148280704723749e+00,3.838482109200489045e+00,-2.505916571265085935e+00,-2.557739168272320729e+00,8.736253214890124852e+00,6.203700448778127097e+00,1.256812161333011879e+01,-7.779880156032340288e+00,6.589537304963410946e+00,2.782869355222884700e+00,3.462559841362961244e+00,2.275343525576164261e+00,7.910933501757450692e+00,6.191451665769063695e+00,1.885991761055153093e+00,-8.128495351525355517e+00,-1.003476297268158790e+00,-3.618875660935393590e+00,-4.859966596615671541e+00,-8.066841533436891254e+00,4.336592991440788580e+00,-2.139750976432524876e+00,-2.521728050662098930e+00,-6.365375575906223604e-01,-3.845808444267195814e-01,-2.476392751424979277e+00,-3.819633692851526430e+00,-1.506108040378608237e+01,2.145081854720166881e+00,-6.795043412390490367e+00,-4.890112095929566749e+00,-1.861858439076840899e+00
2.656400276697428620e+00,-1.770901762913204180e+01,1.425486401189083985e+00,-2.855377673329632326e+00,5.334487523939690945e+00,-1.092717177346687762e+01,-5.464622383473800582e+00,4.290584428160574504e+00,-6.643410563865144169e+00,5.316101095872137527e+00,-1.674354471821557500e+00,5.490812013432535998e+00,-4.784937744947485250e+00,1.677558213886567628e+01,-7.815429506656074388e+00,-2.227657606861670025e+00,-4.483205060134999975e+00,1.434733550493742271e+01,4.927196308846260919e+00,-9.648322339334136188e+00,-1.947198433629389602e-01,-4.780130151872161726e+00,3.571184419309316738e-01,-4.215038299257682475e+00,2.770357432559937827e+00,2.049704802314273167e+01,6.014216710028676971e+00,-6.521703318580621023e+00,-8.483656133423618684e+00,1.684328070231865038e+00,-3.308313463758175699e-01,-3.760069189864049477e+00,-4.635922770988714525e+00,-1.159981283510616912e+00,-2.823143830873820370e+00,7.301963562361690308e+00,-7.290333484441912759e+00,5.829512145599034412e+00,2.667455591591592068e+00,-4.976781416428440075e+00,-2.270721638838828582e+01,-6.879597067717647008e+00,-5.605575687004932917e+00,-5.125424156615439486e+00,3.202152679791722800e+00,1.239409558154812530e+01,2.741624402034722241e+00,8.437317731146798394e-01,-1.064324688828844856e+01,-4.784886681828682597e+00,-2.409498351334720923e+01,3.265084381944774350e+00,2.064676371125571119e-01,-5.382907097128793339e+00,-1.790838571793876177e+00,-5.035166835480449521e+00,-1.276716264290535641e+01,-9.650674425661172506e+00,-4.488532312016403125e+00,5.049932296124731934e+00,5.544766789028368059e+00,5.523515541751550906e+00,7.185619343590531116e+00,5.720204431058748540e+00,-6.197818321345225812e+00,-5.616933581784604002e+00,8.671996862651445426e-01,-9.260367662048000881e+00,1.576053915974320319e+00,-1.461109361280801799e+01,-3.398748597285404571e+00,4.435523222707575819e+00,-7.787179362467135491e+00,-9.101394304036910299e+00,-2.603410968410416970e+00,1.036072668589840973e+01,-1.146025142988603207e+01,-5.065123404299201049e+00,-3.279228125844722896e+00,1.064781883734839063e+00,-6.142014659198590465e+00,2.014148299144419063e+00,-1.975081154105778225e+00,1.912629405750074785e+00,1.691441947893030928e+00,-9.128861934575951409e+00,-3.728303496183524857e+00,1.487223042803376849e+01,-1.533779270220217228e+01,-1.256917272474762548e+01,-1.906440185099746554e+00,-1.001334338491301779e+01,-5.606141804490167857e+00,-9.672518439688304603e-02,-6.121705353230580293e+00,-2.283530288288307286e+00,-2.474016035478222353e+00,7.437155387618047619e+00,5.890945950288127619e+00,4.770850313083473404e-01
-2.116706834814066074e+00,3.945860987237328033e+00,5.090492336120933103e-01,-3.220780760250934627e+00,7.288958795952368952e+00,-5.484504941115400989e+00,-3.213272302935526792e+00,2.548597846609934159e+00,2.155856493209805880e+00,8.607271232309177122e+00,-9.691649258309535497e+00,-1.054935277012887340e+01,-4.888971000657749144e+00,-9.637800955651938395e+00,3.738536687528140945e+00,-4.364390487049010225e+00,-4.077768233124226427e+00,-3.839915909341238276e-01,-8.559022878420233127e+00,-1.407662197934169912e+00,-1.914372101745954957e+00,-1.909613990931619432e+00,-4.298584760727572451e+00,8.619520810258725518e+00,-2.930640361003569172e-01,-3.060625571056504235e+00,-1.264700137638307176e+01,-2.350743415313398810e+00,-1.215943255379022148e+00,2.823216702666057731e+00,3.358235195251864091e+00,-1.899591467017456514e+00,2.810698058590931581e+00,3.917922807695554677e-01,-6.969704733900551341e-01,-2.277740058871096807e+01,-4.560477062272518367e+00,-7.259348832240263505e+00,-4.403617216677110591e+00,6.299793142187453121e+00,1.810343449412409811e+01,-1.992693757527852494e-01,-2.367656140335830273e+00,-1.362876953810767955e-01,5.131569267503579113e+00,-8.536718578257943335e+00,1.048147907916346178e+01,9.614600006180939573e+00,9.218762312698247641e+00,-2.300571518482347866e+00,8.689549457886851513e+00,9.107805034398597233e-01,-2.636648179541125625e+00,8.700336564178680732e+00,-3.346646710891414411e+00,-3.688974088945642382e+00,6.703084476767127597e+00,1.132948828726197377e+01,-2.244545415037280556e+00,4.507686562869692715e-01,8.095691586313843446e-01,-6.475454985636970306e+00,-6.488318105889613108e+00,5.035560577982444386e+00,-1.412512580538542117e+00,-2.198382620928980735e+00,6.609930560621727125e+00,6.541749103521532049e+00,-2.133954849961635869e+00,1.043523983829112467e+01,-3.542823739008269524e-01,-1.415223305359783357e+00,8.320893846694968232e+00,5.438956616144933420e+00,7.777217041532145991e+00,-1.191564440948407544e+01,4.130636008402551518e+00,-1.234904552361196650e+01,-1.347674534565786564e+00,-3.669154613454217895e+00,-1.411268035588195247e+00,6.720505753217429046e+00,5.264513299379487421e+00,-1.005741909414510715e+01,-2.045427359877422191e+00,-9.028987034087476715e+00,6.110289645389404001e+00,-1.429360533683664691e+01,1.181842841053542648e+00,-1.385687198916810137e-01,-1.581334306056534633e-01,-1.080795593425967205e+01,-1.254174167947226337e+01,-1.779972321461360529e-01,-2.644012697783355126e+00,-2.171246644130012271e+01,-2.807054107034596235e+00,-1.217944155127833206e+01,-7.601946713531770872e-01,-1.777089215361430163e+00
-1.053995859152864423e+00,2.360364076842352077e+01,-3.045830026524866341e+00,1.524067692226053872e+00,2.230267505178996412e+00,-2.437462780607759782e-01,2.109637554791374825e-01,-1.486841408934429509e+01,-3.849305957033058778e+00,5.200083527713466047e+00,-5.381524335083325283e+00,-1.913889820959683519e+01,-5.244676484762961222e-01,-2.079807301591382540e+01,1.612393317923122993e+01,-3.200155854393173627e+00,1.657624990182063662e+00,-1.768471697228661199e+01,-7.773263032055503174e+00,-3.323199008843733093e+00,3.524955097888522459e+00,-1.473525872746524579e+00,-2.855447244922870276e+00,5.324446728633489556e-01,-3.360946807051422347e+00,-1.828818675500602353e+01,-4.816584595397966240e+00,-1.077791283082622398e+00,1.917578582742522020e+00,-5.220879902500592529e+00,-5.724582233581213764e+00,2.294973394237968645e+00,-2.400157698678723861e+00,-5.114097104539830241e+00,9.269187977006954071e-01,-3.125380929589127277e+01,-3.678293912877730776e+00,-2.501942120539802517e+01,2.696343307799311972e+00,7.290450876854068341e+00,2.902084924214086215e+01,-8.811139549176951746e-01,1.441355514022590434e+00,-1.265920459844767532e+00,-1.167472068844334743e+00,-1.976631570271645799e+01,3.849045982461174908e+00,1.172706848445718819e+00,8.892499627908403426e+00,2.431239013998837351e+00,2.481377225773024264e+01,-4.706102271358520106e+00,8.006115858240724359e-01,9.916864012987510080e+00,2.614451806424930247e+00,-3.388812586658588533e+00,1.979408476388336169e+01,7.607451772198297490e+00,-1.958663434980328910e+00,-7.552200618715002589e-01,-3.498541436447278663e+00,-1.332085920649801558e+01,-2.682617385797707144e+01,5.486834572823314105e+00,1.773427437738731571e+00,-8.566657086799487342e-01,3.113745361514669963e+00,6.982662369110110845e+00,1.566780137095563186e+00,2.215521636161380670e+01,2.173608592968799158e+00,-2.360917813899262363e+00,8.156698084142480099e+00,8.859009437494142603e+00,7.342051552701250650e+00,-2.171360161746797601e+01,9.526228052340798058e+00,-7.463957476961899928e+00,-4.938634037082167083e+00,-3.369454821384872734e+00,-2.268974828724314552e+00,1.166660832895575872e+00,5.071139633218493259e+00,-1.208453178874701095e+01,-1.102645405574350868e+00,-4.910067542461022505e+00,-2.434208940540445010e+00,-2.402164568615087248e+01,3.760822121120204642e+00,-4.696344614202612178e+00,1.270040716740276521e+00,-2.111273987132055829e+00,-8.269716889135109383e+00,-5.468181992453818197e+00,-4.327069104812736100e+00,-1.436719999560202510e+01,-2.487927393829005851e+00,-2.260698430274414505e+01,-1.531351797459789665e+01,1.294756287626610991e+00
2.006377475615164663e+00,1.427569258873778324e+01,1.624015905382678593e+00,-6.670851290357782126e-01,4.073113166452401401e+00,-1.246705352037555237e+01,7.675659715918351722e+00,-1.925275245472343499e+01,-1.204021200995291530e+00,7.164403550026614553e+00,1.511400627782447437e+01,-1.070335178853339286e+01,7.297357990833932107e+00,-5.320308491576595245e-01,1.183721681024483985e+01,1.138816849850588619e+00,1.367400619491806246e+00,-6.471637654822765207e+00,1.935637189051177387e+01,-4.827714143559965976e+00,1.529263450313183448e+00,7.385456608618723440e-03,5.852618715274851446e+00,5.485406229422217450e+00,3.628261035586493044e+00,-4.537676353901209936e+00,1.920163502188328408e+01,3.655103255153473452e-01,6.106837840373140480e-01,-1.931546212149525266e-01,1.967837166583246367e+00,6.386737114439942076e+00,3.909409708919112880e+00,3.536814294188654451e+00,3.298366701021892222e+00,-1.176346240460173398e+01,-2.056997723449713877e+00,-5.861343891712363252e+00,6.450644585188864966e-01,-1.175623423215121655e+01,-4.566970716953222542e+00,5.803686275943532813e+00,3.592653171612099960e+00,-7.712959804590382440e-01,4.168947369504229172e+00,-2.906989449132598935e+00,-2.771925546680152230e+00,2.168923575873926701e+00,-1.145360100710141893e+01,3.492195678073071630e+00,1.190813446511761953e+01,3.885571173385222288e+00,3.959027542422491219e+00,-9.860083998583748510e+00,3.789466631988645418e+00,2.463665729544244343e+00,1.294960320304436863e+01,-9.071477218325370018e+00,5.100817740135578759e+00,5.029947133422116856e-01,5.747281868964483564e+00,1.408013789974088326e+01,-7.279637827884489099e+00,-2.236976841587031029e+00,-1.084373104164887414e-01,2.812726145237705477e+00,3.066159256081799178e+00,-1.245153753109439521e+01,3.400335988661193465e+00,1.495219156478944456e+01,2.333737351510021707e+00,-3.266793650418656547e+00,-1.203443431701580835e+01,-1.110536266709748432e+01,-9.836325747709803835e+00,-6.512802116577452338e+00,-8.804761774819580111e+00,-7.269754037411991776e-01,3.830936024877837909e+00,3.221857954526703871e+00,-4.425173007332801944e+00,-1.093573332441628487e+01,4.641984550102192131e+00,1.411098033967023824e+01,-3.702330066160715027e-01,1.933834501319227961e+00,6.489393998763790528e-01,-8.206121106788264896e+00,-1.662107134844430334e+01,1.525679263740997271e+00,5.904511653519021408e+00,-1.784944337224216193e+00,2.859209130551826572e+00,-3.853412243434607976e-01,2.502998167298827958e+00,1.090850459062956901e+01,7.728701571184347641e-01,-4.175375334305750030e+00,-1.937876718798772657e+01,6.740324522216385006e+00
4.205307086474845413e+00,-5.205832962537593644e+00,-2.035091828764548083e-01,4.584443264751337566e+00,2.523253126257964496e+00,-1.217558836780017728e+01,4.108831926184849159e+00,-2.747052191900761997e+00,4.067613779097680293e+00,3.568130664091889059e+00,8.417099728628379296e+00,9.691846436003281440e+00,-1.297183790523153579e+00,7.574159516552829707e-01,-1.005707587621137655e+01,2.332778437065851307e+00,2.398268032816838424e+00,1.054993873856740016e+01,-2.993405844041757025e+00,1.375361356873421315e+00,-2.862229732362223666e-01,-1.542605706388971321e+00,-4.422846558696530650e+00,4.611239575911177724e+00,-1.671921813822462077e+00,8.132122978557513093e+00,6.393656665960211427e+00,3.816912815970816109e+00,5.262445140701761837e+00,3.515690495574192997e+00,-1.180660332040343874e-01,1.750456966739914133e+00,1.667138239752402828e+00,-7.930293460314674636e-02,-4.832184543285126921e+00,4.859276559962438569e+00,8.290378854881016446e-01,1.166083466476385944e+01,-3.167170960712091698e+00,-5.311803549567323479e+00,-1.258642309873340537e+01,-3.217256275317381675e-01,4.796382720839637015e-01,6.698078181822532784e+00,1.128878897710166029e+01,6.734369735317048189e+00,3.751910305347701424e+00,7.937680704061073733e+00,-1.118786492354292506e+00,4.759116223748182328e+00,2.271635857583087947e+00,3.162876460783425880e+00,3.270231983288318656e+00,-4.987101035032283747e+00,-2.278662833365310725e+00,6.838841255603968605e+00,-5.947974386077744313e+00,-4.675357558840802952e+00,5.805921162821117143e-01,-2.511143236866631323e+00,-7.667131168195174595e+00,2.071568300536177798e+00,7.515654126955874759e+00,8.174067187145473312e+00,3.487918588877508608e+00,-2.048515423107584610e+00,5.910669224353970463e+00,-7.914259866383297037e+00,-5.843675417205588252e-01,-7.487248844847828266e+00,5.525928028917025614e+00,-2.487347186699944146e-01,-5.512817368716470767e+00,-1.536584682486549891e+00,-1.129703356157868122e+01,6.656891249339009775e-01,-5.903720551112101589e+00,-7.663597540854715007e+00,1.980983837003144954e+00,-2.182553374030613114e+00,-1.735214377737099056e+01,-1.175430274425812094e+01,5.818490900346494854e+00,8.400156510528125509e+00,1.696773156928730319e-01,7.178191002898173245e-01,1.562984025439678959e+00,6.959917010444566898e+00,-8.705243384986612654e+00,7.915790170316748586e+00,1.526318135640661211e+00,-9.432625630263600236e-01,-7.328134619825679152e+00,1.263664170559458455e+00,2.056380298664284290e+00,1.129250321257756617e+01,-4.394169401205823000e+00,2.405150772394149428e+00,1.709815575024024703e+00,1.229415776766720203e+00
2.818530806659585775e+00,6.557571842902655490e+00,5.713089065643794484e+00,1.453580263013731777e-01,-4.352288918438259380e+00,7.721747508692958561e+00,-3.519494010514128135e-01,-1.134071010850041539e+01,-5.147246561083802519e-01,1.748974150065695010e+00,-7.124482041899817819e-01,-1.177107372875272695e+01,1.300273966631237510e+00,-8.206212818897665073e+00,1.105799766954768160e+01,-2.159272914683123545e-01,5.254693127311000467e+00,-1.500739873595463081e+01,7.652788862227444255e+00,1.658884988731340382e+00,-1.124082403294532240e+00,2.150127764554105703e+00,6.160844861864839039e+00,-1.894231973747762865e+00,6.091978053623197553e+00,-1.421647833618121126e+01,6.145204496960909424e+00,-1.935511372319763890e+00,-8.309667023589533130e-01,7.831616170708199931e+00,-9.310161178826484862e-01,-1.519455929141733108e-01,7.930426956695093565e+00,-2.628615123620832161e-01,4.180055536918898085e+00,-1.290286189296277186e+01,1.145273647680572271e+00,-1.279712832837055281e+01,2.699694702424071835e+00,-2.728240532600506363e+00,1.372448670496390832e+01,1.181997191384864365e+00,-2.866635811613712725e+00,-4.075287821138172895e+00,-1.190018860461741212e-01,-1.424349908339127779e+01,-1.763257759302198302e+00,2.016363938558034086e+00,-1.361995063319580535e+00,-2.439255866497644476e+00,1.187828017096084565e+01,6.843309874864802467e+00,3.750169945339409061e+00,-3.730887395098206660e+00,6.104841488783001147e+00,-2.271744667627114911e+00,1.753577104200793002e+01,-3.876674345017368406e+00,2.169883100970674050e+00,4.611248758234220979e+00,4.789796063377667501e+00,8.053357361772540912e+00,-9.509534924663940458e+00,-9.955088981525470615e-01,-2.288127443424321505e+00,6.386232677189514817e+00,-2.819379118269420115e+00,-1.637931329189210361e+00,2.549824191715448496e+00,8.471512081330160981e+00,-4.384274342267873159e+00,6.103299872722649511e+00,-5.805611924698978576e+00,2.145056284573606753e+00,2.822299866617737685e+00,-8.058003429525212979e+00,-7.261781166217766703e+00,3.337389679505466056e+00,2.129473423844453706e+00,3.906907094781984391e+00,4.636619135622881416e-01,5.882116236209774307e+00,-9.104092565198190101e+00,2.817282932102380677e+00,5.721105775869046894e+00,3.766104853918139206e+00,-1.846009838282603788e+00,-1.254146368035439707e+01,3.759976857020086882e+00,-2.447578321206066221e+00,-2.238602369078300125e+00,6.666662181178113045e+00,6.364041672137241257e+00,7.905838981383010999e-01,4.904295129695679378e+00,1.414961965555141532e+01,-2.173455950255558378e-01,-1.094548907138726257e+01,-1.591693765770600244e+01,9.648474279412824206e-01
1.981234002778676784e+00,2.339359872945102836e+01,-6.424713782905318027e-01,6.776882074512753817e+00,6.794569601523427593e+00,-1.148725336803270380e+01,7.711097471663862279e+00,-2.373221039681645905e+01,4.060905174811284546e-01,8.762871137672447741e-01,1.128136155536096474e+01,-1.694996853797061931e+01,4.534639981092817962e+00,-1.837861739612879219e+01,2.001374105061995934e+01,-1.544592018955708745e+00,4.004098665542966451e+00,-1.869939208580759527e+01,8.111956233026475616e+00,9.392704899853506761e-01,5.342431078092883645e+00,8.972018776469166568e+00,1.236317440896531838e+00,3.637439394391947189e+00,4.947677193428750009e+00,-1.872010372825720381e+01,1.131252816672232697e+01,3.058575368888597268e+00,3.677468031152624661e+00,1.053553909178983616e-01,5.769477073619015073e+00,4.726165936459382877e+00,4.081885916197187214e+00,7.875682185619684361e+00,2.241118132800425933e+00,-2.163893732939412118e+01,3.834174422548931371e+00,-1.670340696289600046e+01,3.810109823122323824e+00,-2.533754343561370526e+00,1.436323772511789265e+01,3.008496275168498268e+00,5.071503945806416169e+00,7.863597469495486436e+00,4.884422992325561097e+00,-1.054210537252325963e+01,3.798445547962924440e+00,2.353694734967476609e+00,-6.072546517980566882e+00,-2.219979339206513913e+00,2.361951946019506465e+01,3.519259220989899628e+00,3.816614329945529516e+00,3.753954585537669253e+00,5.317954460634394032e+00,-8.213376284988529452e-01,2.021244816562520086e+01,-2.726006343327025405e-01,5.346115908714557108e+00,4.037570187927663312e+00,-2.019408791608322762e+00,2.637213676773274340e+00,-2.095487479208329518e+01,2.419540894692701727e+00,7.100354313612691204e-01,1.619389634316973137e+00,3.820881535562209663e+00,5.625433795156959960e-01,2.233337385443217471e+00,2.592802964861072113e+01,1.085062945951542446e+01,3.121662906129007098e+00,-5.774448284710822499e-01,-7.169958877856963397e-02,7.407839359031278548e-01,-1.519250708012044626e+01,-3.031399105536066507e+00,4.322895568044225811e+00,1.115081717805455286e+00,-1.095904484609911744e+00,-3.374692315412000099e-01,-2.606239611312214599e+00,4.994641229192127163e+00,1.018672284243760728e+01,3.983518513697669849e+00,3.886400983513440544e-01,-2.284906239832818819e+00,-1.490740825358061272e+01,-6.564787363368183470e+00,4.896357889753434556e+00,2.982177431727884631e+00,8.739028892840150498e-02,-2.726625139834355949e+00,4.553254024638901498e+00,7.208106300182974380e+00,1.025567118304756420e+01,4.294227456807296228e+00,-2.166744590844602669e+01,-2.270739343734807747e+01,2.137274905413971471e+00
2.000584528595477640e-01,2.023438859496924991e+01,-8.177247377415597374e-01,-5.210899656003753933e+00,4.193015364505430220e+00,1.243610613100433326e+01,-3.908094417299541767e+00,-1.676344786892055794e+01,-2.097666812325206909e+00,-3.089199852478913044e+00,-1.418453032660078961e+01,-2.773780414975043485e+01,-5.189847339801210602e+00,-2.496274267226707977e+01,2.456737107713266255e+01,-2.093265720676645181e+00,-3.831760117056007164e+00,-2.781014032705931882e+01,-1.617317903584026340e+01,-4.278727735531143495e+00,-5.647404945010388033e+00,-8.756963530125457806e-01,1.995162946124418024e-01,-4.843565607523586891e+00,-2.962708689592744804e+00,-2.964650109376306375e+01,-1.551287907495286689e+01,-7.421377642161750554e-01,-1.020809348739641242e+00,2.137112265325096239e+00,-4.460562864626972157e+00,5.599591356495112748e+00,-1.206227554446584804e+00,-4.448526717897365756e+00,-4.678555790732977115e+00,-3.637222407840320670e+01,-3.869961695182501327e+00,-3.056422032886564111e+01,-7.728964957945563263e-01,1.304339950533465675e+01,3.684978630489764129e+01,-4.235640748070226280e+00,-3.084330088811273907e+00,-2.268500267923881264e+00,-2.166209410223630449e+00,-2.509810488352426461e+01,1.120163466982226907e+00,4.120649405025402778e+00,5.239764965132732044e+00,-6.478914544854994517e+00,2.672262630969785135e+01,6.095476058138148412e-01,1.829257069169060612e+00,1.363089682615927956e+01,-3.034996463516846266e+00,-2.089217519892131225e+00,2.181341159048105638e+01,1.086026372603673806e+01,4.435640740811153115e-02,-9.567011617318669892e+00,-5.377236716068962252e+00,-7.826880948468780019e+00,-2.862738620828586278e+01,7.451070958418042345e-01,-6.091126980111974731e+00,-7.193713231410910680e+00,2.029014953800289955e-01,1.019822491789036256e+01,3.059450536758930195e+00,2.670008134078288364e+01,-2.931424857751793400e+00,-2.881328590053784944e-01,1.350629973539068551e+01,1.193145468088023797e+01,1.090048421439185233e+01,-2.184261077176293497e+01,6.569753228479950025e+00,1.216667574768258930e+00,4.240084770687460924e+00,-4.914914751313252061e+00,5.968813070375908580e+00,1.510329675959741813e+01,5.597513897781872139e+00,-1.467878823103288255e+01,-4.995519290024060588e+00,-3.378886841243258665e+00,-2.484496218223817721e+00,-2.373388720415760034e+01,1.100586949520732460e+01,-1.344729896790789248e+00,-3.195858885779051306e+00,1.728518872480493851e+00,-5.077437290929855962e+00,-5.748588712122380429e+00,-1.844349206176352229e+00,-1.857970932369069317e+01,-3.188012046927755083e+00,-2.291960018795724707e+01,-2.189344221742830143e+01,-1.957263930135910712e+00
2.832886943570684934e+00,-2.270015985314594431e+01,2.862734223881465034e+00,6.875781728418923766e-01,-2.336150099622809950e+00,4.012451379423191966e-01,-1.687759972727689073e+00,1.960087113552783222e+01,-2.218672757634365666e-02,-6.223713873359498550e+00,-2.666868143107605782e+00,1.618110952742492259e+01,-4.769726677012520177e-02,1.774249534295280384e+01,-2.312425344123616355e+01,6.460414888071830397e-02,1.647796840831249554e+00,1.746999617326139642e+01,-8.116923458356829713e+00,6.198706961508360536e+00,-1.882542029000080275e+00,-1.858518505758392614e+00,-5.858223498284424124e+00,-2.474665510197388230e+00,-1.909265833955401170e+00,1.828947208415846504e+01,-3.962506238164162031e+00,-6.750750695621654529e-01,-8.277424777766062558e-01,-3.533625290147429876e+00,3.322480414536674420e+00,-3.687104510360933229e+00,2.418415556974281344e+00,1.974807164416959582e+00,1.485969819408525794e+00,3.139861713680205568e+01,-5.246605773486145985e-01,2.198195650570428228e+01,-2.101158971664404795e+00,-2.632185441181079000e+00,-2.511762029490011372e+01,-4.074023920408857080e+00,-5.541221217881844296e+00,-7.125712057141886824e+00,-2.563440158857526185e+00,2.036462916684640945e+01,-8.246734996632165249e+00,-3.931058817181884102e+00,-2.245656918137312719e+00,7.894507396245580289e-01,-1.898086331836865170e+01,-1.200673935364043043e-01,-4.101179481831313645e+00,2.661065588500454826e+00,-1.839537549734791000e+00,-1.068682192233079142e-01,-1.976999429947040454e+01,2.296999591867889379e+00,-9.478102081334559559e-01,-5.612622211979871878e+00,-9.514185789194513632e+00,-1.828734332589629918e+00,1.944391663939789794e+01,-5.042106409930257271e+00,-1.777687815609949040e-01,4.896403170213252665e-01,-4.485662950836784013e+00,4.162748311321995409e+00,-3.690002688019257793e+00,-2.538044518228018376e+01,4.803908502794941526e+00,-5.552581066455454462e+00,1.806932249320276629e-01,2.188475382749466291e+00,-6.474840377649821122e+00,1.845379320506759058e+01,5.060891538601639539e+00,-1.338079411364991422e+00,1.338605438447549867e+00,-3.514850238872424093e+00,-4.815036265398489057e+00,-7.319590867620640040e-02,-8.108584156656537090e+00,-5.747425658670792803e-01,-7.273120020508727634e+00,4.561576330322277606e+00,-5.813536326902214668e+00,2.799303256998545919e+01,1.953390689193438057e+00,5.205730684112506168e+00,2.238000081744962788e+00,3.353838092105914992e+00,5.294184828001584631e-01,-4.279133795198160506e+00,-6.026433536530744206e+00,7.324060651133996735e+00,-2.145871793654499093e+00,2.228591706551000939e+01,2.268965080881597984e+01,-6.927224910702656224e+00
9.535455699548271991e-01,1.307630099836305515e+00,-7.060980209500447913e+00,2.019583763495723883e+00,2.735670327932939294e+00,8.691260402490604164e+00,-6.229749522965374098e+00,1.186639487255564118e+00,2.272943932063502093e+00,1.307444910638815294e+00,1.330888757759904062e-01,-6.325495111252568137e+00,3.753811810810162797e+00,-7.879425401131726403e+00,1.871851169427849459e+00,-4.296253203723608749e+00,-2.283409730494957657e+00,-1.369630721142819318e+01,-3.089848599017011033e+00,2.326107616755030083e+00,-2.782384595384398196e+00,2.366224676574652630e+00,-2.505296157441172511e+00,-7.194173480129677500e+00,2.184378271913146818e+00,-1.065637229818324450e+01,-4.372628533879029611e+00,4.430311394684017579e+00,2.741100008117257847e+00,-3.966619213825318013e+00,4.256502988351189565e+00,7.266360265214922620e+00,3.699523957836929888e+00,1.180521380951347510e+00,-3.326750184067079452e+00,-1.826624315462554549e+00,2.360139878900957555e-01,-9.138784053557460485e-01,2.722741914335332858e+00,5.520757120571252230e+00,2.697015110795970116e+00,-4.456314457624779735e+00,4.244641170378546491e+00,2.973281422587122913e-01,-6.630746580803442036e+00,-2.756263408511021140e+00,-7.454087468086003199e+00,-6.767197556912060818e+00,3.342931049073058158e+00,-1.778399603326107359e+00,5.521805956735990506e+00,-1.259846247415597142e+00,2.917835935411468018e+00,9.371229814128135160e+00,4.293162129184421971e+00,4.377126094209697449e+00,-5.494552198040953961e+00,4.783358229838823306e+00,-2.001890765170929232e+00,-2.873076517737154223e+00,-8.325118097420984853e+00,-7.007625115699291030e+00,-5.506721624575900975e+00,-2.729016483053502196e+00,7.694659162019990006e-02,-5.233928462799774195e+00,-3.781580657112167732e+00,-3.363156073002420143e-01,-3.279319118714885573e+00,-3.828286264199198818e-01,7.158276524557360077e+00,-5.909774691563146831e+00,1.064590833835954164e+01,5.073449474785942215e+00,3.022456396003660117e+00,-6.707113676176691186e+00,4.901945478247513144e+00,3.782778926237592820e+00,-1.432789713728958469e+00,1.056483811922440896e+00,1.070981947146171187e+01,4.250398836461817709e+00,-8.383909229183554856e+00,-4.160965995744704493e+00,-3.918904354081580443e+00,1.063613297708819871e+01,1.325106945793647961e+00,1.907158668294645532e+00,6.790005465105486415e+00,4.688937621103713482e+00,5.863658137881953891e+00,7.614621829587471247e+00,2.588309077428208482e+00,-3.186199295273855370e+00,-4.013048288388411322e+00,-6.463605055536473243e-01,4.400164193530691215e+00,-8.614628851768452833e+00,-2.470320077511243717e+00,-2.859071199702502675e+00
-6.840804720000732975e-02,9.284585514902818915e+00,1.333606557244666257e+00,-2.792787557809185195e+00,7.204193448050560278e+00,-9.252941351727105967e+00,-2.272973364039091670e+00,-1.112948142138798069e+01,-3.143862878899789770e+00,6.029538841285829065e+00,-2.533938272666023561e+00,-1.537045384761115585e+01,-4.542389040374503750e+00,-8.470957916197232151e+00,7.923434925083959968e+00,5.256061115711443854e+00,-2.778851615728947788e+00,-4.889420193626540012e+00,1.571951341308461814e+00,-8.527611634308602362e+00,-6.416222796231428660e+00,-9.746894164103564462e-02,3.135182197836564821e+00,8.450755636916062130e+00,1.945078965782739644e+00,-7.945607954390006000e+00,5.032892165441772647e+00,1.578299621351808568e-02,-7.624634180507134040e+00,3.001818457286322683e+00,-7.422151309249968243e+00,9.595995419783831526e-01,-4.516299046309603327e+00,2.836775391219142906e-01,-2.943873406305395957e+00,-2.313001234274379314e+01,-6.961398737713042628e-01,-2.034503384281441285e+01,5.748866940469323783e-01,-3.015451109692595555e+00,1.063030257589316996e+01,5.947828253498699258e-02,2.151785719351046122e+00,-1.120890960963604410e+00,6.946033847286519070e+00,-1.349810478777720313e+01,1.022717675236739865e+01,3.043527400994379128e+00,-9.060575461264162911e+00,-6.409724226259417179e+00,1.442056313911525933e+01,-2.065756446539036784e+00,7.662798697305994722e+00,-7.607691190500622813e-01,-1.728553310204275828e+00,-7.115681624704623953e-01,1.264684936397889459e+01,-6.904039814782789719e-01,1.126382078039526391e+00,6.286637734422642065e-01,3.012067951736853821e+00,-5.975978961881503793e+00,-1.682770437005747510e+01,3.502698373929761466e+00,-2.829820501555305956e+00,2.765912516912324648e+00,6.302617517672532088e+00,6.834298280427744121e-01,2.299381407809288902e+00,8.822887066075278284e+00,-2.752918538418846151e+00,4.743815353511080524e+00,-5.624449945037151899e+00,-1.875918579295482669e+00,2.203039910041029170e+00,-1.665435218034298259e+01,-2.785425622747894625e+00,-8.330514250628086259e+00,3.983570665318323933e-01,-6.083949670830424150e-02,-3.584512912588670552e+00,4.845953000255146748e+00,5.499862239334990299e+00,-2.493033396279110470e+00,-4.254110649993341209e-01,-1.133015744405880554e+01,-2.548245469622797188e+00,-1.275302431994451524e+01,-6.489942267748446625e+00,-4.771580831319601756e+00,-7.120084167219271620e+00,-1.311419046202037642e+01,-1.014201478029300496e+00,-3.662046778339982822e+00,-4.587196040204633007e-01,-1.113147197074404282e+01,-6.703241961943167126e+00,-1.328133767881639393e+01,-1.778311053569639100e+01,7.281090421234921450e-01
-5.225584031463880841e+00,-5.881281007000874084e+00,-6.099216968773042424e+00,7.201297382393179181e-01,-6.429480493320575363e+00,1.053582554777335645e+01,-1.908704459421540101e+00,1.387634094765633463e+01,-1.202889955090543861e+00,-1.420689174216882478e+01,-1.012311198017094682e+01,3.098975182613338486e+00,-6.856814914800695604e+00,-1.322457017499388598e+00,-7.768507368327011164e+00,-8.093172655343478183e+00,-8.294848106451071956e+00,-6.705776994483786169e+00,-1.515114793265192716e+01,-9.799509592213877518e-01,-5.053302872615935470e+00,-4.112029414427977869e+00,-8.394126171354960420e+00,-8.783603505478225770e+00,-6.324135122251284713e+00,-7.683862514752462403e+00,-8.555066878601484959e+00,1.796695319508563093e+00,-1.653247665779593145e+00,-4.961023135808320106e+00,-3.508138050221809578e+00,-3.482224185666618066e+00,-4.147943939086528253e+00,7.035254136369417655e-01,-5.134259784868206111e+00,1.572142396223155458e+01,-2.681045839011400034e-01,3.473252847775556873e+00,-1.749198240257652026e+00,8.124652799043241558e+00,1.877725338296053037e+00,-7.583342308239647833e-01,2.837091427430347146e-01,1.631129248402562570e+00,-9.763831772188884983e+00,1.663494617794281982e+00,-1.593099302559714658e+01,-5.984019323111250621e+00,4.185436267290642220e+00,-6.803838387923106801e+00,-3.012184696202547585e+00,-7.344699876826916274e+00,-3.014448849324770752e+00,3.198991355911286583e+00,-5.247250170123384017e+00,-5.257568094296711791e-01,-7.621315228166804623e+00,5.139520930728591175e+00,-6.454869832361008974e+00,-3.134481741731727666e+00,-3.417661892297500170e+00,-1.492019572494013957e+01,5.448948585379937981e-01,-1.429153420334136726e+01,-5.039588592603973183e+00,-5.410005245926412520e-01,-1.222341738808572664e+01,-1.205153232075510061e+00,-5.922792332280349292e+00,-8.829418112816334485e+00,1.092362475825894297e+00,-4.664097958069893579e+00,1.011090209764267378e+01,1.367140085914095948e+01,5.585234762074657411e+00,1.423990647863278003e+00,6.622270528963158043e+00,9.938058370972928657e-01,-3.165644403553549591e+00,-3.060743790994092883e+00,7.367892274189043356e+00,4.446654437321431175e-01,-1.082024782833553544e+01,-8.205946991814263569e+00,-5.380436340654475735e+00,3.800772934537725689e+00,-4.600459708297326422e+00,4.263086673351445199e+00,1.357545558004897046e+01,5.325309305134125815e+00,2.547860281904027691e+00,9.259025299089072902e+00,3.683539913974692048e+00,-2.090474296123960851e+00,-4.264833441011254500e+00,6.273965144359079371e-01,4.737158775445411418e-01,4.464336680304421989e+00,9.939894375881653588e+00,-2.846478435807767937e+00
4.206622506139997775e+00,-2.490879563954089804e+01,7.587587505547630506e-01,6.848393234696501963e+00,2.097311459276832935e+01,-7.263832236912577400e+00,5.756901831175385453e+00,3.593580919371541427e+01,6.047720052389434109e+00,2.063000064142661927e+01,3.504313264104098824e+00,3.041533550733577584e+01,4.214861155587339425e+00,4.298315625802540296e+01,-2.228990551326822001e+01,4.220820106244666192e+00,2.920329428033412889e+00,5.221547394715992141e+01,3.001737786502530092e+00,7.007052061318708169e+00,1.016716044802424435e+01,6.039126131992678559e+00,6.364681842152878133e+00,2.027885763521343065e+01,4.828985185873857944e+00,5.095565293680422769e+01,5.239040878721469952e+00,5.656639258194378073e+00,9.741162930522456520e+00,2.328087397235159894e+00,7.328596089768528721e+00,7.862987926273291350e+00,6.303154328832893505e+00,4.249762121882572075e+00,8.068474387313877116e+00,2.364516357626585830e+01,4.846667234466317531e+00,3.067694403476417975e+01,7.782038673180300847e+00,7.655931207032235619e+00,-2.917587966016502321e+01,1.614343624087370532e+00,2.679447519864264660e+00,3.742928955119495527e+00,2.088361803635757852e+01,3.532856044570478815e+01,2.442069573271110272e+01,1.633517392187783557e+01,9.531880920843853744e+00,4.516778301638886717e+00,-2.696907223107697149e+01,2.029498576740983662e+00,6.547737658285622153e+00,4.619066170320906828e+00,6.757313813067550301e-01,8.381851498829007596e+00,-2.129484294907990005e+01,7.510945125968758518e+00,5.291512433248962033e+00,4.709180449542502700e+00,5.625986946958350998e+00,3.802020581917243458e+00,4.035274292523263995e+01,2.039118086426854504e+01,5.446674901168449878e+00,3.512583322267373909e+00,2.079510993280011988e+01,8.208442535604568491e+00,8.087688357622260238e-01,-2.493942300609861817e+01,3.288510444467924732e+00,6.654051793968371875e+00,8.478432216260134879e+00,7.263703507692871320e+00,1.231926675986589892e+01,3.302182121753164523e+01,5.400361952478608174e+00,-1.168494695281503581e+01,3.848350318808056336e+00,9.136846586522548108e+00,-8.888769735129415039e+00,3.989254712698735439e+00,2.189351236607712536e+01,2.480770342685007179e+00,7.191671431605783482e+00,-1.321238030487486625e+01,7.405530388960731791e+00,3.326655382688196028e+01,-1.078561163776391396e+01,5.753385467907111028e+00,6.714368683875166610e+00,-5.963168411606687869e+00,-7.296431009126817635e+00,2.061811174465263130e-01,3.002576475710974080e+00,-7.982005399720714323e+00,6.510381293610684850e+00,2.971280642124455085e+01,4.046448081347475778e+01,5.582965856209441746e+00
-1.016720342897377005e+00,-2.178738703593273485e+01,3.778363449692908382e+00,-4.034397905842482812e-01,5.110596854348026241e-02,-4.513792079594304063e+00,-1.605561081023919368e+00,1.967663157077874203e+01,4.311275812763617488e+00,-1.029877629009670281e+00,1.000337245613634352e+01,1.918566442943091133e+01,4.431451361609705764e+00,2.158945867358368176e+01,-2.003121530558649965e+01,-1.737069424593186362e+00,2.872319633429874841e+00,1.917169033848018955e+01,8.361022134645464732e+00,-2.175131011659168667e+00,4.726107205478301543e-01,2.262224150758863850e+00,-7.649896070882586940e-01,-1.438062513123951724e+00,9.979911818732931650e-01,2.260865073262925407e+01,1.348386977893647831e+01,4.453729358788128811e-01,-2.128650543782801385e+00,1.401412070519406861e+00,1.207830956057039051e+00,2.414133760117650684e+00,1.320442239187131328e+00,1.382818812703335176e+00,1.713852579376369256e-01,3.249066323487391372e+01,3.694189707044638560e+00,2.594203801157272693e+01,3.890402332569446564e+00,-1.230167981775899655e+01,-3.625935045115445376e+01,-1.340228525570034357e+00,6.821204471324610275e+00,-8.203401543405590690e-01,-3.242750868241200735e+00,2.108552565316652050e+01,-3.202528791487567084e+00,4.324983928761811924e-01,-4.367938807258640033e+00,-3.651564608315810645e+00,-2.268481115514632762e+01,6.153087203111897718e-01,5.097819167751368674e+00,-6.613450475987457722e+00,4.770599581200688277e+00,-3.639127320687402634e+00,-2.146035388870416938e+01,-5.231943043332047516e+00,-3.363066139931550236e+00,9.379379829823453196e-01,3.985384149395326148e+00,1.104873879917599133e+01,2.505941364266495697e+01,-2.840718808531236483e+00,-2.180646643586342304e+00,-3.900828585866064735e+00,-8.191724080243110162e-01,-5.183916362728909988e+00,-1.898527964681581359e+00,-2.480689815226206818e+01,2.320838900966210705e+00,-2.291979351734500181e+00,-7.262613406250231662e+00,-6.250533525786873490e+00,-1.063197866600242492e+01,1.522912121088391579e+01,-1.041120338160848391e+01,1.395926791228259134e+00,-6.277350008925908220e-01,-1.038334269153943890e+00,-4.700367410382041200e+00,-8.042558460318412372e+00,-5.942014820670446618e+00,9.595029030604623088e+00,3.385900169675133409e+00,4.776290115377308076e+00,3.041268263002571137e-01,2.760677779997631376e+01,-5.387277173145770703e+00,4.666245216876804491e+00,-2.854590043902566432e+00,5.363566777163894628e+00,3.692355534211890333e+00,-8.914193326982353671e-01,4.096457109297078070e+00,1.571254108968722996e+01,-1.450028155606428282e+00,2.213034996629580320e+01,1.647962081984599081e+01,-1.676732630892448839e+00
-3.781973785245679842e+00,-6.060395497973592782e+00,-2.526083160562709651e+00,-7.036430256027620622e+00,2.163754305403923883e+00,-5.591472172819042186e+00,-5.330361111620144143e+00,2.957446408972777885e+00,-5.552061807166973395e+00,3.904692861127012637e+00,6.551896936028238194e+00,-6.735753354842144880e+00,-2.354982755016238549e+00,8.313423808608437326e+00,-1.684290748015902173e+00,-3.039728609175755381e+00,-1.294931231334226274e+00,-1.045074719209835745e+00,8.174100840859658490e+00,-1.296451150951932263e+01,6.004936259253230713e-01,-9.275771595918000934e-01,3.230459091573337105e+00,-4.093401054201086353e+00,-4.922883238085493218e+00,4.463507157814468052e-01,6.256662818133873039e+00,-3.767833363825201953e+00,-4.108985140364051603e+00,-3.109345593820657339e+00,-4.757047368152105271e+00,2.314701006171516084e+00,-2.620620312578187505e+00,-4.709327424449869515e-01,-1.197075839320884016e+00,2.414353346108509157e+00,1.583114231448809806e+00,5.700538234947374328e-01,5.283655626271482220e+00,-3.302715096340876677e+00,-1.272436038186281948e+01,-6.401504806172481077e-01,-8.754016741656235112e+00,-3.922308307496343627e+00,-6.239179670610646156e+00,-3.511346224383212089e+00,-3.487309134965885793e+00,-4.206831028336249112e+00,-1.361664692415654265e+01,-6.451536812987304970e+00,-8.594988055130190929e+00,-5.392582346376697089e+00,-3.713192378348969314e+00,-3.218410165036150516e+00,6.114369843044753505e-01,-5.856849394018771804e+00,-4.801160180936287603e+00,-1.117420761555340292e+01,4.207442272462711408e-01,-4.709835937365941305e+00,-1.584306441948130750e+00,2.313735342888416646e+00,1.346156268660300359e+00,-3.528140670346223473e+00,1.174829514077115000e+00,-9.134083208006201104e+00,-2.951548524561462550e+00,-2.472529215012408521e+00,-3.223422071631631081e+00,-7.893856795521445591e+00,-3.709649163286289575e+00,2.166844324332366956e+00,-2.164901769400413123e+00,-6.899970984002859353e+00,-6.229620814832928843e+00,1.229045632475529892e+00,-8.287015799327299703e+00,2.889774623351709426e+00,-3.855861757559293501e+00,-2.903739604022016252e+00,5.764372771216663693e-03,-8.130338595911261734e+00,-6.755648934608485590e+00,-1.207844637353048256e-01,-5.623073739257516301e+00,-5.584842842562249388e+00,1.273174229771776744e+00,7.091996780294372194e+00,-2.992624003870292260e+00,-3.423412895987884230e+00,-3.530894418883541608e+00,-3.419325761492402638e+00,-3.210641346278756636e+00,-1.064998032640698034e+00,-2.928634990190116305e+00,-1.561731779131002806e+00,-1.281245050283600584e+00,5.315782339313788185e-01,-3.049557801070500229e+00,-6.139912439813411282e+00
1.904381300209827987e+00,1.428540791073509375e+01,-4.732442187894439378e+00,4.243793699268073816e+00,3.310090092675908480e+00,3.881969937188693542e+00,4.386171630450255599e+00,2.441873578263823674e+00,-1.455258720047329035e+00,3.941142976754291816e+00,-6.875265355167862857e+00,-5.076799032481604357e+00,-2.065434727664463566e+00,-8.849753185225161189e+00,1.367047916419079634e+01,-2.156381352726470357e+00,2.076806166391527597e+00,-6.015047701246562184e+00,-8.442640165609574865e+00,2.777637844914758514e+00,8.262180605581637138e-01,3.437137623395641217e+00,1.663812691554347412e+00,6.114001910581631449e+00,-1.415791516366528668e+00,-9.390680285537904126e+00,-7.995332623818358186e+00,-5.432641509058777629e+00,5.261255767259520155e+00,-2.167050883831088903e+00,8.179586405334869914e-01,1.700614667309724881e+00,3.153904595319711568e+00,-3.214402791634466627e+00,-1.244813107262760177e+00,-1.280612734551939980e+01,2.268800244722099180e+00,-1.101914625735856212e+01,-3.905455176986596388e+00,5.084774923725234430e+00,2.158806649264010602e+01,4.764416695968956006e+00,6.993353984430342507e+00,3.891404844227088766e+00,4.304051549909472030e+00,-6.965344841232665729e+00,4.508024940258397173e-01,-9.705711037825606180e-01,7.747730806683148508e+00,4.091137626208211309e+00,1.366598401919774908e+01,-1.831099754111331634e+00,1.216826178847135731e-01,9.986000160437182416e+00,3.090839644698285316e+00,-5.334556926736377935e-01,9.236854684728728060e+00,1.018818396773110635e+01,3.843911576858902723e+00,1.971702112305593113e+00,8.399216926987930876e+00,-6.354580191520223131e+00,-9.671349670405289700e+00,3.874979372546572431e+00,4.883265740854744408e+00,3.486954108468632185e+00,4.738765580231243391e+00,9.008056998345452371e+00,-8.263850978245190770e-01,1.754846157895482150e+01,9.568433390093854740e+00,3.117183242151779776e+00,1.173249876260151403e+01,6.402054872545516417e+00,1.025263281968912210e+01,-7.743751657988868331e+00,1.236652067972314661e+01,3.867666902012574237e-01,-2.850882334434406751e+00,-7.751172061293249982e-01,6.779597863073377084e+00,1.479507274422255669e+01,3.950703051853995618e+00,-1.144455089734825926e+01,-4.195915124475236624e+00,7.424478875899259478e+00,-1.212752421533710212e+00,-1.210042060176676060e+01,3.947482856712082100e+00,3.214986986203022923e+00,8.493373384636970780e-01,1.041585932050547836e+00,-2.856417602368510167e+00,-2.216755798551079071e+00,5.308746075191305147e-01,-1.184581819674232683e+01,2.373126204705966913e+00,-9.416908245912274822e+00,-7.622013330091708561e+00,-2.401861661026772232e+00
-3.145183908854042532e+00,4.601477222565953262e+00,-1.266122160834082688e+00,-4.357064433951479465e+00,-6.784057359731125558e+00,8.240079049216475937e+00,-9.010323715107128040e-01,-4.586153223888763120e-01,-1.837681735455087617e+00,2.157359448913641842e+00,-6.509416057178523118e-01,-5.065395137323466912e+00,-6.527671092057436564e-01,-3.307288427177058843e+00,2.013174213954149749e-01,5.757315919579090169e-01,-7.640481423794205362e-01,-7.709347838453004087e+00,2.660327058654443633e-01,-5.344984817288437995e+00,-4.518568102079821180e+00,-2.731549975588396073e+00,1.550528667578149333e+00,-2.509316932497922537e+00,1.016202471488304893e+00,-5.466621103392670378e+00,-4.461891767724929458e+00,1.176619128271517933e+00,-5.894258485211814613e-02,2.802973328798482822e+00,-3.081388464586996001e+00,6.099834973203885902e-01,-1.957456128578226595e-01,-2.684765577705503947e+00,-9.715619519484874900e-01,-7.884205408044139274e-01,-6.939055494981375416e-01,-3.671065366755683179e+00,4.871244644013661418e-02,2.099623749034090547e+00,1.000255476336527849e+01,4.953863309514320301e-01,-4.678316539615974712e+00,4.437171437850059519e+00,-4.744176562215431936e+00,-5.314878996803679811e+00,-1.490426551124262033e-01,-4.826902289911694233e+00,-1.719090645665068973e+00,-4.511113263619915159e+00,4.399111376881577939e+00,-3.540793775149964961e+00,3.250453323842752873e+00,5.357090515109074857e+00,1.790614830750371311e+00,-2.713157360888299507e+00,2.829622511564590770e+00,-2.000390724760995109e+00,1.690298719815477746e+00,-5.616341770812731671e-01,-2.101055099140141103e+00,-3.559044676976887533e+00,-8.882036050505821123e+00,-7.192312267770995859e+00,-2.638448126100530367e+00,-1.092245006319814138e+00,-6.211297143671052012e+00,-7.175194095651447057e-01,-1.526090775604526995e+00,-4.601159373957841581e-02,-3.376305593727997323e+00,-1.344631832595899468e-01,3.575694970117962779e+00,1.398641065983081910e+00,-2.948095865914083902e+00,3.976593215355641142e+00,5.075023036626672202e+00,8.068680003573199144e+00,-1.168201755328692082e+00,3.162674992171748745e+00,6.043743103828585816e+00,7.525907344891825446e+00,-5.815470932944320381e+00,-1.406086064184214779e+00,-6.537985627435634051e+00,2.454941092265518154e+00,1.517248583546244589e+00,-3.976931119506593060e+00,6.926847093161043745e+00,-3.439038155504785976e+00,-1.657187248927485479e+00,5.804944753804548441e+00,3.632404431984469273e+00,6.089537624624385970e-02,-3.702889664006611348e+00,-3.226766552259665133e+00,-3.993232741515741147e+00,-4.358270457485660110e+00,1.512674845286267722e+00,1.988597738717809538e+00
-6.138633011388502148e+00,2.958957510159181403e+00,-1.556103646299433763e-02,-8.384686098175752278e+00,6.441900545953897606e+00,-2.301243907992659210e+00,-4.417073775266814550e+00,-3.271161745620094763e-01,-6.385333037148054558e+00,7.032789452652547624e+00,-1.293302744504100943e+01,-9.908421810890626347e+00,-1.502629841181014614e+00,-7.297901279039082922e+00,4.403805457361620768e+00,-1.857452735463374749e+00,7.973951444524389753e-01,-2.891863145743290175e+00,-4.815298002273165956e+00,-7.173440684961168046e+00,-6.455674179937317958e-02,1.191832834408142361e+00,2.456818305225918042e+00,3.512245312121974994e+00,5.977197453623659396e-01,-4.640462343419081037e+00,-1.068606366486344328e+01,-6.005360112321323385e+00,-5.647225690439512391e+00,3.071793730760044916e+00,-1.431623794582219666e+00,-4.697951289758566240e+00,-4.748455134936331312e+00,1.638878114613401826e-01,-3.598491804830227458e+00,-1.849693478071680630e+01,-7.795254317598012683e-01,-4.567185713633543642e+00,8.195982117623095142e-01,6.739000645184002991e+00,1.571973642288497786e+01,-1.854911959427091306e+00,-3.310418779561332236e+00,-2.509329750789715430e+00,2.233271390226339470e+00,-6.592825145749205085e+00,4.747619300951633647e+00,4.616369447510126456e+00,4.279533118147672788e+00,-2.564508611529035420e+00,-2.004897424561500774e+00,1.648563468125105125e+00,-7.162288409271951872e-01,5.107524492400150606e+00,-2.902924765273031227e+00,-2.138855050230599186e+00,1.986002027791936797e+00,7.234479825274053866e+00,-1.391894650491683816e+00,1.561213533105373363e+00,2.112345143999891484e+00,-5.387591577134129395e+00,-5.170115440237093019e+00,2.795850199051304497e+00,-5.787108885939213465e+00,-2.792613199915291666e+00,5.701394900758721462e+00,7.784054198111403977e+00,-2.775290377973454348e+00,7.345189857611435613e+00,-7.080865306433164363e+00,8.134790819038824061e-01,4.458994141692034674e+00,4.406904962764507161e+00,7.953909816425806412e+00,-6.702980670431996302e+00,3.014887533128259633e+00,-5.835200004824196540e+00,-5.110479785453598822e-01,2.834146248315056127e+00,4.580009809737141779e+00,1.257259093129489003e+01,5.109972018640801750e+00,-4.852127222979004451e+00,-3.085016032721735524e+00,-1.028200518382442041e+01,-2.724295881504962935e+00,-1.050910082463481743e+01,-5.207808519519820933e-01,-2.758092575962202808e+00,-2.788947412465249798e+00,-5.376005382845770342e+00,-4.443660527593161547e+00,-2.143807137920133721e-01,-1.380461472996385774e+00,-1.740781492454023294e+01,-5.553005809196579712e+00,-4.808035532517619615e+00,-1.508357121138395041e+00,-5.565753612421462382e-01
3.274739377807970975e+00,3.010405116600966835e+01,2.917368682061302287e+00,-2.478284079981607047e+00,2.932469035561859450e+00,-3.159167184507710502e+00,2.199802917342403408e+00,-3.090782172164032815e+01,2.881203820304201635e+00,8.816773043990629333e+00,4.079860633662215186e+00,-2.012838594550145643e+01,1.333913423436564827e+00,-2.539715447051985819e+01,2.350256048975563061e+01,-3.382413526775237766e+00,3.955095709718454700e+00,-2.307340517166478477e+01,5.511735344071188258e+00,-8.877033081089743538e-01,1.096771285093696813e+00,-1.257781988454668820e+00,-2.638248927175417702e+00,5.772088550208581026e+00,3.867749982966046662e+00,-3.082572783552488715e+01,9.113716249157068461e+00,4.902484307568951039e+00,2.834299914974069523e+00,-2.303673507758510208e-01,3.432535618955492751e+00,-2.917981163814447054e+00,4.909255941793349010e-01,-2.152190822981356444e+00,2.420724572033878363e+00,-3.483973527387257008e+01,-9.117214378746800740e-01,-3.071525215176437840e+01,-1.602609989728741136e+00,-3.625435526458900437e+00,3.616128818910999598e+01,-2.735809933800026350e+00,5.512056770479789591e+00,-1.017444555683266749e-01,6.689094032957645375e+00,-2.991309500338425309e+01,5.552942067238333834e+00,6.635370296456017947e-01,-2.172547662401751012e+00,6.958805419284491478e+00,2.959604973190578647e+01,2.733752370859109604e+00,2.704477791877453186e+00,-5.554424831510402782e+00,1.093034349846630837e+00,1.102771696318497030e+00,3.283231055432642620e+01,-8.301760085763358887e-01,2.906043780931337306e+00,3.694366449478119208e+00,9.153978774574850874e+00,2.458035337319122604e+00,-3.044623042703953075e+01,2.907071638652237500e+00,2.941724378733248546e+00,4.495410160372733444e+00,2.274342705698431111e-01,3.559012984837650606e-02,3.241470645023196262e+00,3.268449042358372481e+01,-3.098514413664441136e+00,1.825210502874378360e+00,-4.295093505708022619e+00,-5.601119888743896880e+00,8.064241906447389141e-01,-2.572205762438011334e+01,-5.378403498258264470e+00,-1.096601599367597935e+00,-2.498146292635551990e+00,2.381807627793448567e+00,-6.195727499891360068e+00,-6.074554255414368775e+00,6.551234737406698372e+00,5.086736385026102703e+00,5.510577734258127691e+00,2.287792008157470747e+00,1.195083465986382265e+00,-3.397603279339885773e+01,-4.664376030537900064e+00,-6.459640750222430228e+00,-6.160619716999448103e-01,1.813734937166328276e+00,-4.754573990975747844e-01,7.584188659364027529e+00,-1.968675035425238695e+00,3.189155814379832865e+00,-4.097002409220635855e+00,-2.666393482611227483e+01,-2.917732837760548747e+01,7.350713547608209275e+00
8.955468933366399487e-01,-1.857452973959942000e+01,8.199267351996077480e+00,2.522712087675166526e+00,2.281397143010908568e+00,1.195033891172927687e+00,-4.412001729849910348e-01,1.569392679342566055e+01,-5.135033079060571382e-01,1.248577685588735608e+00,7.888948830701206560e+00,1.914479518164202432e+01,-2.778544471941675198e+00,2.712964689092363102e+01,-1.703619356214024450e+01,6.375579813168571697e+00,-3.885220086121894401e-01,1.828128459950839613e+01,1.586493927268809756e+01,1.639085989854478509e+00,1.133069107227829608e+00,3.993517691639403733e+00,8.224407082363676125e+00,-7.704838061107723846e-01,6.044689852432647115e+00,2.412182707060876297e+01,1.209406927573705737e+01,6.653147074475924683e+00,-5.002397416545596442e-01,3.876929844258122593e+00,6.836482884759302436e+00,6.801508557086672901e+00,7.139516413079349810e+00,-4.857925482408644857e-01,3.188517620442890887e+00,2.968765392206042009e+01,1.083683991419780446e+00,2.303640262403013494e+01,-3.297158445221736844e+00,-5.952369207662778550e+00,-2.687031987997599458e+01,2.731764230789072379e+00,-6.212427212604936244e-01,-3.393567384591671399e+00,-2.069129154212717481e+00,2.471505712334004556e+01,-5.514821345220187077e+00,1.782300337007773905e+00,-6.625980460021683172e+00,2.477654298168419089e-01,-2.331323081776682571e+01,3.574538624007160603e+00,-2.058052830583749326e+00,-4.771445947682853905e+00,5.556956840925496799e+00,1.349675595301169206e+00,-1.364765160362442487e+01,-1.126075577898460800e+00,3.019497305381535490e+00,5.480667654505839259e+00,4.107410669445811457e+00,1.698009934431201273e+01,2.713884352984952386e+01,-3.177518723713237847e+00,1.255811634115443276e+00,3.026251893185712749e+00,-4.432910435584002329e+00,-6.393527226330657953e+00,1.266679663159153924e+00,-1.379832119343236840e+01,4.259825436301375667e+00,1.922766452144785365e+00,-2.084648542657967951e+00,1.308796210470356769e+00,-1.296187659881955945e+00,1.913035032756783593e+01,-1.097302483432273590e+01,6.605499112201491663e+00,7.395061872443045026e+00,4.950151136060132462e-01,9.124314311016576085e+00,3.275667295255959566e-01,-3.930345794471406862e+00,8.032567448126251008e+00,4.559649997034800784e+00,6.105485040144588815e+00,-2.459942621459679124e+00,2.283053744138398855e+01,-1.826573509701672648e+00,3.135046922447212836e+00,7.241542088193366311e+00,6.782082927831634578e+00,1.169448629717547661e+01,4.755213598281671672e+00,3.257677184132293124e+00,7.787031127764699079e+00,4.232760480483632293e+00,2.484253213147975003e+01,1.827806977030200386e+01,3.255479837075761496e-02
2.774076456412312375e+00,5.243341761074208129e+00,-9.227299577852252632e-01,8.166052828455091506e-01,6.515669434551967676e+00,1.086761475589249848e+00,7.916041976160911098e+00,9.416582310243191145e+00,9.824514154851401448e-01,3.861431617106696912e+00,-3.415668260777095622e+00,5.496906612496578859e+00,2.145692748783201598e+00,1.813777842933118833e+00,-8.766918616167376221e-01,-9.120024141846043708e-01,9.512417717551687746e-01,1.191487013879382140e+01,-2.431152377502084683e+00,3.976227172199241267e+00,3.129414472730428276e+00,-1.584500843460512787e+00,4.417077913771491282e+00,2.727142072962604580e+00,2.429610665717211848e+00,1.036700903841701304e+01,-2.592644105369870111e-01,-1.628813621694618075e+00,3.844476886177487174e+00,-4.904713679689233885e+00,2.639813130862847412e+00,4.950630487542812652e+00,1.019643038658245127e+00,-8.025111276046030806e-01,1.023315693527674153e+00,5.209377668031208941e+00,1.813187471458863165e+00,3.949817492316157086e+00,6.431242426129886169e-01,7.239555283399026209e+00,-1.667279824170837088e+00,3.386092466190563144e+00,2.661321797499811126e+00,1.642859555250709702e+00,5.969273755464583608e+00,7.923029230752513641e+00,4.763603389553942691e+00,5.287526464911973534e+00,7.838363502395059967e+00,5.703553494524593148e+00,-5.841148302378050161e+00,1.960344174070796308e+00,2.892740312564080707e+00,4.851742729885608618e+00,3.631147952453530614e+00,3.061325079063150323e+00,-2.340989947848521879e-01,6.561828814839422819e+00,-2.297477923157640323e-01,1.671897931754617872e+00,-1.119165087762280297e+00,3.185764481379287361e-01,8.654007483656437572e+00,4.899932777147506968e+00,5.257828043091086201e+00,5.843088724012686974e+00,4.552289324449321661e+00,-7.956413248329980981e-01,-1.351789003829701574e+00,-1.483346449981445936e+00,2.868868108227925262e+00,-2.875765179480512135e+00,1.984488025815517975e+00,8.056894549298272423e+00,2.706843081181199651e+00,4.444924352728526706e+00,7.099021651764374496e+00,4.643986644622857263e+00,-3.264343360072036404e+00,3.085933154650227550e+00,-3.608627381732458339e+00,1.283723488701341786e+00,8.050921122120357154e+00,6.697081162576621338e-01,2.384627163768873626e+00,7.880749695940121313e-01,2.495658862743629580e+00,7.556623118499495639e+00,5.166939637843158906e+00,2.548529507747101519e+00,6.335610135862480341e+00,-3.179299767503969143e-01,-4.979667864960666712e+00,2.544832097029388507e+00,1.316296691274039699e+00,-4.404102358936158979e+00,-2.875956676515471599e+00,1.023022573383182809e+00,6.024476814993626306e+00,-3.453884770531153059e+00
-4.086447607846606100e-01,-5.823807970742187479e+00,3.829133652488725836e+00,8.850509908223436195e-02,-1.136190124380791566e+01,1.516734922537941976e+01,1.953993146466612929e+00,1.405909836564167570e+01,-1.224900361417819328e+00,-8.745505398451168588e+00,3.987431581684399706e+00,1.142632037017363800e+01,4.324242486293701226e+00,1.285361843548751182e+01,-6.368243287934508778e+00,4.387042497893060222e+00,-8.358785312077223750e-01,4.750770734081543267e+00,4.073702767899066934e+00,2.457981273027426194e+00,5.466962590995640525e+00,1.896586225846136564e+00,1.146694948275605475e+00,-7.017631679561135094e+00,7.338631755374742660e+00,2.055987199154793554e+00,1.796757658554942294e+00,-1.065143600631680343e+00,-1.858994502955477301e+00,1.018537555376818338e+00,6.040666629461772796e-01,7.134115588185041545e+00,5.502966328097622650e+00,5.998462789873308942e+00,4.053634115881192379e+00,2.455953289704747178e+01,7.023280169269196627e+00,1.042831155922356956e+01,8.775968589620944726e+00,4.117593820720213849e+00,-7.409566856378390298e+00,-9.835311655038054823e-01,1.371751255228371047e+00,8.191498224218474178e-01,-1.260199809912470847e+01,1.505913412389603323e+01,-1.068126878887277442e+01,-6.082824489233861875e+00,4.942255088837463006e+00,2.947241345023805970e+00,-1.120308393491196242e+01,3.753697215820585575e-01,5.600951924173798169e-01,3.367525465344109126e+00,4.764851219692374684e+00,-1.208024554635418468e+00,-7.110785276922591436e+00,1.150297839667469013e+00,-4.176101878454773764e-01,-2.762334880896134326e+00,9.551397713230673769e-01,-2.198537195049399706e+00,1.468250610466362183e+01,-8.850000635210093947e+00,-1.109122020143734177e+00,2.192489787906506393e+00,-5.142885643568072318e+00,5.620820678829452355e+00,2.470481442427164609e+00,-9.222276941288159335e+00,3.423265685242393275e+00,9.372895491241495236e-02,6.396388070710399276e+00,6.077159559713706471e+00,8.183926085220076807e-01,1.430463566434688971e+01,1.568842257774141213e+00,1.285926527574169498e+01,3.473949731524915485e+00,2.714967420954985666e+00,1.636575255029778830e+01,1.000224716227119615e+00,-8.901581943282266707e+00,8.196777260332630544e-01,2.013683981173497006e+00,1.472764301759766603e+01,8.180693725338250566e-03,1.115134473509934665e+01,7.658759500069838744e+00,4.437841938989404156e+00,-7.590813290566684746e-01,1.145529530564107112e+01,1.369765298157102684e+01,-6.289463169747261162e+00,3.113169910970718934e+00,9.008384108194427142e+00,-7.374551254513226350e-01,1.235350747031815644e+01,7.512602471783338842e+00,3.124519937287100202e+00
-8.809685274583877401e+00,-1.202185646829449794e+01,1.619799433562359559e+00,-5.435649549175424866e+00,-2.533861444356793946e+00,-1.518628774940967929e+01,-2.320568583488365810e+00,2.645842180626925888e+00,-5.587169424308148891e+00,5.215147367405146284e-01,-2.406246005239183194e+00,5.598424686106568515e+00,-5.162636039115093389e+00,1.085223133001121987e+01,-1.223678429555674541e+01,-5.169324380573324440e+00,-4.365747734848998363e+00,1.598974819786110757e+01,1.212315657529037694e+00,-7.904453293832014893e+00,-3.692569633164298093e+00,-3.089135170646067907e-01,-8.981869300226930086e-01,4.743205649503167365e+00,-8.027695255659170748e-01,7.659184696292948402e+00,3.628441691922863477e-01,-7.515768143696653247e+00,-2.780620577574152374e+00,8.052668242429072976e-02,-5.279188123923315601e+00,-2.734204783041648490e+00,-2.481799292524859979e+00,-2.328205654577609085e+00,1.083757558379789820e+00,2.146158294842273051e+00,-3.784273529289158500e+00,8.694008653891089011e+00,-1.812100785591787444e+00,-7.084100173720820237e+00,-1.581994884849444816e+01,5.490907196453154171e-02,-5.830583255049306857e+00,-2.912083599158694192e+00,-8.331180467995089600e-01,8.966567475984421165e+00,2.160134577165478298e+00,5.391967656805014109e+00,-4.767042638353604644e+00,-4.670544702759369393e+00,-1.787711171379001129e+01,-1.561287708228451532e+00,-4.561126316946918280e+00,-7.895971839837837791e+00,-4.143521016847940608e+00,-9.196750891626507496e+00,-9.105016251376367720e+00,-7.569477204036057394e+00,-6.826438028430695582e+00,4.432850195986499653e-01,1.226423936594899011e+00,-1.645411480242262137e+00,6.443450585006806008e+00,1.341743625949138874e-01,-3.643188610265145844e+00,-5.054122083607778038e+00,-2.767361910622492260e+00,-3.073919393205518880e+00,-7.861594487869301595e+00,-1.338356187242188255e+01,-1.047340150108266243e+01,-4.864958738103554836e+00,-1.115181772637707169e+01,-9.283398664284639779e+00,1.429575567994924246e+00,4.950307341269727601e+00,-8.359168316971690160e+00,-7.595698873477747526e+00,-6.426179284063364250e+00,-5.514189082344074677e+00,-1.047732639707491842e+01,-7.293958443494204857e+00,2.439512437698684089e+00,-5.585122103574029495e+00,-2.112586217380543196e+00,-1.220813024661634927e+01,-5.484002294037583880e+00,1.982340626163975106e+00,-1.859280812059012078e+01,-5.063647625337086566e+00,-3.999602835233458720e+00,-1.047481960361142050e+01,-9.251505916106360417e+00,-3.069099881169483179e+00,-3.462942865727390185e+00,-3.405399582775887168e+00,-4.519330911529796602e+00,2.686783480669895141e+00,4.141517442978825514e+00,-8.107215852507463794e+00
3.353254258846265490e+00,-4.450137653106188473e+00,3.756667262712570121e+00,5.934707504507238163e+00,3.016468580237910313e+00,2.885545736336094347e+00,1.130088662913417030e+00,3.408483456113032162e+00,-1.336432773857080036e+00,3.739352466507975592e+00,2.292529867622108863e+00,6.076833265901457892e+00,1.323739871907781973e+00,9.249254310530927725e+00,-7.353101692740326989e-01,2.279715447066744893e+00,4.701906767714318036e+00,5.925952214719675482e+00,1.263208148674111575e+00,2.771497673619276458e+00,3.846336185481156633e+00,7.511032551323459927e-01,2.725797505193127801e+00,-2.229867148821360168e+00,6.943542599617357425e+00,5.637439395297537459e+00,-1.468374924168261320e+00,2.646352365506229543e+00,9.923726137606496689e-01,3.694997879668990848e+00,1.375981868677357500e+00,1.087396131862828241e+00,-2.929087366899046918e-01,1.986083918832363404e-01,5.298724307298321445e-01,1.052124995786424222e+01,3.549842903913471570e-01,1.006286325030730211e+01,5.759305520546506685e+00,4.893046490812364979e+00,-2.596846752520963086e+00,-2.833614207373633676e-01,-1.584297053482453421e+00,1.005039254395495796e+00,-2.960215956491392575e+00,5.038085793171499738e+00,5.703641719317547931e+00,1.299844440270045975e+00,4.472066316431564381e-01,3.660755736320146170e+00,-2.149388306225013423e+00,6.029752150293759883e+00,3.276965497456902465e+00,-1.464644925104637396e+00,3.821681159062929378e+00,3.415866471373500524e+00,1.121169158336078109e+00,5.253191739652874892e-01,6.425515859018882114e-01,6.282209223479515714e+00,5.901273596189413162e+00,2.935964764220056811e+00,4.662343163899975274e+00,3.985001553717548717e+00,1.757908359954925004e+00,5.204791335492977566e+00,-1.182141294734041281e+00,7.720887702026587363e+00,3.532591226737268997e+00,-1.330985310641655595e+00,-5.801379377520103908e-01,-7.060136321787772173e-01,6.710332633372193545e-01,-1.539966863998791347e+00,3.249972788582495831e+00,1.050888142341218190e+00,1.443730964936547068e+00,2.375583159958760682e+00,2.988527921897660367e+00,-1.389222160548719609e+00,8.736562374518144214e-01,2.789755551091280150e+00,-1.916124557119628813e+00,-8.684397097372112961e-01,4.557221493470295037e+00,2.800096776317801517e+00,1.423945218919877131e+00,1.005710552640381561e+00,-2.172900595964513126e+00,-1.644928053010333624e+00,1.125391354707813818e+00,-2.021819652787450128e+00,4.822024854563053964e+00,3.697314114511272454e+00,9.004671437080798979e-01,7.695055951419640827e+00,3.169794426299196388e+00,5.595677156386026141e+00,3.843611835918818720e+00,5.552411972210400393e+00
-2.357964245736230424e+00,1.146142129974101387e+01,3.298457109406304877e+00,1.049684011781447879e+00,-9.808559935225911186e-01,1.119672821291084253e+00,-2.445522750014062829e+00,-1.475346560064695112e+01,1.330839368335636763e+00,2.089906471980530256e+00,-3.738369167505234625e+00,-1.546084758253473623e+01,-8.660063881834847432e-01,-1.383628755128571086e+01,1.205215460572274466e+01,8.935468414620806321e-02,-1.580111770453805908e+00,-1.271000579530610786e+01,-7.405201269814510212e+00,5.649753626251625249e+00,5.991280855085970858e-01,-2.410473625749771642e-01,-5.638001426830657081e+00,-1.210596696086922996e-01,-1.510162929658214637e+00,-1.782092649873665380e+01,-1.032122221544363327e+01,5.619580454194115227e-01,-2.331907911223614072e+00,2.774039848043263756e+00,6.027754012511106652e+00,-2.340441529198463932e+00,-4.152178285415008219e+00,-9.546035424338288333e-01,-9.130930202838168919e-01,-1.734610043010630420e+01,1.431038947297921027e+00,-9.882985938669275328e+00,-7.887606845563079006e+00,5.245804734525523649e+00,1.871769338449317033e+01,-2.896166394630488305e+00,-3.691914860906083895e+00,-7.982582108802525056e+00,2.143093216899552456e+00,-1.587291201908137239e+01,4.567460458887718566e+00,2.600055359005678746e+00,2.142158010283550240e-01,5.990209695205963136e+00,1.439145907989897921e+01,9.602070970388081328e-01,-5.256678760770723269e-01,3.870938372892884338e+00,3.193801921793022025e+00,2.648701484171923415e+00,1.157002528341983805e+01,7.488072323537411368e-01,-4.970625160727172975e+00,3.609942372790520437e+00,-1.945622208892249461e+00,-5.155232856068057146e+00,-1.696362712760512181e+01,6.854861114318488990e-01,-1.284156587711295039e+00,4.874505354240278088e+00,2.921117755664512039e+00,1.153097754159725596e+00,-4.221970029443635752e-01,1.424549557973659475e+01,-8.611956158769222824e-01,-1.584175165414402287e+00,1.765872208320453662e+00,2.726851140884574143e-01,-2.878673040994356835e+00,-1.573869377273267922e+01,2.651015310870148411e-01,-7.455046744008729576e+00,1.618980368895854394e+00,3.981073992814225804e+00,-1.978674286188890852e+00,-4.355086090312250136e+00,-1.588145248418983524e+00,-4.666493418547936756e+00,-2.383456118011997749e+00,-4.800017304021186426e+00,1.341140006227956594e+00,-1.855033494496144542e+01,2.695011551193827515e+00,4.507315333717014205e+00,4.840208978344428536e-01,-9.644499166735434059e+00,-6.519925432124560771e+00,3.854581566425639760e+00,3.159623411009526706e-01,-2.927192235881215243e-02,2.983504799220638493e+00,-1.400326706787034681e+01,-9.632054777470255402e+00,-2.776225115565707391e+00
-1.534580582503975776e+00,-5.523731505329593006e+00,-2.320984812419887078e+00,1.871702631860021615e+00,2.608058764498507820e+00,-1.065711384750497359e+01,-1.003802675265406119e-01,5.176497365110673599e+00,1.435038903964073409e+00,7.099495784092260564e+00,-8.713087050999924088e+00,1.428760980218791499e+00,-2.308665610710659344e+00,4.279850476329585263e+00,-9.199703910982293564e+00,-6.129769151667852078e+00,1.445587280836634569e+00,1.069211218172423372e+01,-2.518242350314819245e+00,-3.079830508615865714e+00,-1.160330316909681386e-01,-2.938041414104028970e+00,-5.167304331214197521e-01,3.445411874080315684e+00,-1.477727173112593828e+00,1.400532169384385561e+01,-6.480801575019422778e+00,-2.959515424959435315e+00,-3.085266556998833565e-01,-1.727396116737081488e+00,-2.175935257293646341e+00,-3.678024935349988755e+00,-1.938754781293444251e+00,-3.423481379557217430e+00,-5.633625694727207867e-01,-5.233114382551007360e+00,-2.310751517174020275e+00,-6.368988918284621548e-01,-3.683311264579577582e+00,3.716752108620672068e+00,-2.345972889442147213e-01,-1.948123085908295415e-01,2.398192382061612449e+00,5.151438519736595723e+00,8.931755408346109704e+00,1.790258882110358218e+00,3.774586534182216013e+00,2.439491468466893576e+00,4.766370988025654398e+00,-2.281436876959449300e+00,-6.549729116960708808e+00,-2.978951840644094240e+00,-2.849639990495948183e+00,6.279807682299167304e+00,9.622275726940058282e-01,-3.551100710471390975e+00,-6.105914682631363277e+00,1.139012011578553896e+01,-7.730624637815256550e-01,-1.646509992596013827e+00,-1.775287128142676085e+00,-1.132399359017800755e+01,2.643205541805972558e+00,7.254096298633657902e+00,-2.166739587382876309e+00,-6.972544986400850409e-01,1.477287765873273706e+00,3.853078769713445428e+00,-1.136496569787267319e+00,-3.923939112189636091e+00,-3.592949444370918677e+00,-1.759429217700398285e+00,5.137963313439545487e+00,-2.016041327124152183e+00,8.043754018057438060e+00,1.404637132100388097e+00,1.001710073126018230e+01,-8.466801526850218806e+00,-3.428463009717089172e+00,-4.794808130102049759e+00,-1.486862374525387054e+00,4.355087084596776847e+00,6.749345259896767146e+00,-5.107746813397669783e+00,-5.083186993141657339e+00,-1.036224449919067681e+01,-1.696088921071590816e+00,-1.867325992797654877e-01,-4.740217284944781895e+00,-1.804640004639705975e+00,-6.864747761779747215e+00,-1.058184103943024645e+01,-7.728230975443068473e+00,-1.275484367024690480e+00,-1.526386556170617581e+00,-1.582467310427770890e+01,-2.593311202827734530e+00,1.440455461005747395e-01,1.271803352499770057e+01,-3.078584025046381178e+00
-2.052637535574325156e+00,7.873370618673799726e+00,2.710596214164924245e+00,1.497584013082868148e+00,-9.102746044194201858e+00,1.551439624247283788e+01,2.879424628276695763e+00,-4.046739726443361107e+00,-4.595360566033791727e+00,-9.716997389897532145e+00,2.618268789300717270e-01,-8.014465891703096645e+00,-2.834770210877214147e+00,-2.894962406688529555e+00,5.302747749154290702e+00,-1.816881375514800556e+00,3.237337906676803767e-01,-1.326630702987489485e+01,1.808626158744571111e+00,9.869168081540014015e-02,3.118765149771479450e+00,3.534223382464541707e+00,3.458644006050480613e+00,-1.128844988459179710e+01,1.424313010991317796e+00,-1.494656828915452529e+01,2.361917208377309230e+00,-2.387810193277968729e+00,1.337056506149308266e+00,1.529067577473530726e-01,1.375714331356851838e+00,3.870903586689332432e+00,2.618357904818600090e+00,-3.055361091213445235e+00,-2.656063236120334459e+00,3.563600960065558709e+00,-3.588168506773678601e+00,-9.125747429052688986e+00,2.158265719753693634e+00,8.305775676534985497e-01,1.169339319072645544e+01,5.436206995769157224e-01,1.427001409090787876e+00,-1.191852328119517246e+00,-6.761758860533126914e+00,-5.538572289071439947e+00,-1.432351628930250520e+01,-6.596469050540623158e+00,-3.072828827067769275e+00,-2.705458479193562304e+00,6.648384620592056038e+00,-2.228423658916923733e-01,-6.913989884103833861e-01,5.351373963436542702e+00,9.763622923478043614e-02,9.160239939993930491e-01,8.165641327360011914e+00,1.216747506958830716e+00,2.851023237311988812e+00,1.704126797959100603e+00,-1.249063671426595690e-01,4.210438275014347198e+00,-6.015039678455765149e+00,-4.634181302631451338e+00,3.162784969558724679e+00,3.516056861048125981e+00,-1.379346394075476034e+01,3.441550772102731415e+00,4.656431010397668047e+00,8.246797189470063572e+00,-8.846932327776881877e-01,7.956574808934217202e+00,4.026569135366146135e+00,3.029344540457940216e+00,3.685259843605305452e+00,-6.738999216044287088e+00,1.437799448251697143e+00,1.224190308394897997e+01,2.179876232731552399e+00,5.028894819662841797e+00,1.482501064326491402e+01,9.008557412257083286e+00,-1.115718311811501096e+01,-7.962756696964257142e-01,2.989562483117335745e+00,9.844174631650769669e+00,-1.450110445317302599e+00,-3.819823370713193000e+00,4.882249975078976512e+00,-3.172165579080557407e+00,3.109864660589178875e+00,1.087482861861637140e+01,1.173049368395371062e+01,3.646311161122269606e+00,-1.506341761031775306e-01,8.848921689200967222e+00,1.569360199889806795e+00,-2.847541620913554450e+00,-8.221489138351559589e+00,7.678909530748462275e-01
1.702085812707986756e+00,9.671681569500482079e-01,-6.069409717721674369e-01,-5.080025649573258195e-02,2.468155917328273219e+00,-7.801310015149185872e+00,-1.872567757616047324e+00,-2.143053500837139413e+00,-2.829944396406469220e+00,1.923568503354280423e-01,1.958062905028130629e-01,-6.694963704923873493e+00,-1.302327760879588014e+00,-2.418976994548018844e-01,-2.541292004333384202e-01,-4.035711678399911406e+00,-8.566943587992150722e-01,-9.827886790206123990e-01,7.866550388747991507e-01,-1.625112041523878670e+00,-1.344882485773091219e+00,6.118462403993392140e-01,2.252745373761576353e+00,5.991051635189243996e-01,-3.024701198753407816e+00,1.497517976062561651e+00,-2.978923400945364008e+00,3.121890364746954472e+00,-1.304658025405918576e+00,-5.631970056382227696e+00,-2.073021641663469250e+00,-1.167494610777692454e+00,-3.718499619353367258e+00,1.104582863351000199e-02,-2.319757745552116113e+00,-5.675522231341066259e+00,2.036028558325594151e+00,7.015513955563841275e-01,-1.754913508435794078e+00,-6.211318221762673453e+00,-5.659608609083075947e+00,-8.461799414973114608e-02,-2.789127640138653330e+00,-5.855734835378481051e-01,-4.072154413277572438e+00,-6.580783235129290532e-01,4.887253624134273444e+00,2.681665435824067245e+00,4.330979712556870531e-02,-2.469203853789377678e+00,-2.345710893834849653e+00,-3.934025532619843890e+00,-3.831004089748422103e+00,-2.219601275062257351e+00,-5.082828410124642815e+00,-3.526461965053158121e+00,-2.121608335497000564e+00,-1.133659089061849423e+00,-1.404730532859823633e+00,-2.702653626298012313e+00,-1.943149000452761177e+00,-9.190492608195508506e-01,-5.793962133466632469e-01,-6.717986648466451882e-01,-3.578133574755009150e-01,-2.411194806125534218e-01,4.953139517122530755e+00,-3.622754937709746770e+00,-5.296826089268571458e-01,-2.833961680025970153e+00,-1.070376582049193281e+00,-5.827258525351404206e-01,-7.453616582914492028e+00,-4.649785876062930257e+00,-4.249093171912396549e+00,-2.709717212516231211e+00,-2.158252273442841318e+00,-8.113071405310194883e-01,-5.974146957281885051e+00,-3.967391289411010824e+00,-7.860442802016867070e+00,-2.600028616667853676e+00,6.586544729286323729e+00,-2.071014565073396874e+00,-5.280514701189389370e+00,-4.913257965968314878e+00,8.396631539442565018e-01,-1.632185168841355338e+00,-6.116286390627705849e+00,-1.029460364116505655e+00,-3.031136182805428403e-01,-4.628062682045691822e+00,-6.916517622880373750e+00,1.873665899826410408e+00,-2.261195103865223377e+00,-7.963058041401870568e+00,7.615887686753366470e-01,-2.576658560702893563e-02,-6.941182752308128201e-01,-1.995495660894227807e+00
-3.768429967872903852e+00,-2.078730494390318384e+01,5.228716007735516591e-01,-3.694445545727241154e+00,-1.626296536541689264e+01,2.933851265085142757e+01,-2.526080312128381244e+00,4.070551664103785328e+01,-8.844640859660408694e+00,-7.020918625334200414e+00,-1.806519643409782461e+01,1.373528129543214682e+01,-3.416058041014127689e+00,2.802672320450688659e+01,-1.426518597125510723e+01,-4.046985872737173473e+00,-5.751602194786747946e-01,1.142195155508639459e+01,-8.214610182733176558e+00,-7.410229549469947941e+00,-2.936793848353358882e+00,-3.864269035831314536e+00,4.768317318785911141e+00,-1.847187486812745405e+01,-5.074993674965357915e-01,1.581107639707363965e+01,-1.605884823778731274e+01,-8.179523640960100650e+00,-1.680751719524806953e+00,3.585191147602695416e-01,-2.665255547323411633e+00,2.677062904642139252e+00,-6.290669905454315369e+00,-7.912239768444895294e-01,-4.845138092911986938e+00,3.035575593991676513e+01,-2.967630996520514763e+00,2.219842547933023980e+01,-1.739526122599615476e+00,1.492387187198864673e+01,-8.499108591474493934e+00,-3.261501515463589129e+00,2.690452885002211358e-01,-9.009319048127444329e-01,-1.508124338457286839e+01,2.035559364382829983e+01,-1.185124239868371987e+01,-1.176061469065794540e+01,1.073867617282078157e+01,-4.850258363517565563e+00,-3.262899583893876354e+01,-2.228967161106873096e+00,3.536784538416213763e+00,1.337175397382380737e+01,2.236157043308586445e+00,-3.635657920709187252e+00,-1.784256321407598023e+01,1.049279469077024274e+01,2.671831817468767856e+00,2.322419812798740768e+00,3.551019144981888864e+00,-1.606965299418020621e+01,2.382448884817636170e+01,-1.612104287137254133e+01,-4.654902982059478056e+00,-4.346784627360752218e+00,-2.146110538514507837e+01,1.939658406979290461e+01,2.959893457206437262e+00,-2.537002959718986972e+01,-9.380407321288839029e+00,2.026713877426339572e+00,1.283116697522412153e+01,1.337606080587147339e+01,2.137411375402134439e+01,2.006942410889432082e+01,1.364541600570233726e+01,7.739884692193958138e+00,4.569302048337110733e+00,-7.909876315847958139e+00,3.144330513176780784e+01,2.277237478595400333e+01,-1.221699212911999766e+01,-1.206494314729854800e+01,1.860822648064963669e-02,9.633196609121945642e+00,8.186646553511729429e-01,1.624118097876236533e+01,2.436445371939780458e+01,-5.479121990387492147e+00,-2.370335696631550526e+00,1.181026934497790215e+01,1.578670383376691788e+01,1.540197849145799047e-01,2.498087995794470828e+00,-1.178707194734324659e+01,-1.814971035853042425e+00,2.121683283773173301e+01,3.313172360864513166e+01,-7.065254996035226220e-01
-2.503091720012023735e+00,-1.367915312521405635e+00,-1.055673766400178515e+00,4.068223004494783801e+00,-6.134404191944708984e+00,4.729857738071268081e-01,1.121845904576998620e+00,7.220638600505422389e+00,-2.358886118783148245e+00,-4.444603737996104975e+00,-5.046250939394059110e-02,1.555320104909552192e-01,-7.013295193845034969e-01,3.414837660884546544e-01,-6.756669027216261725e+00,-4.108333436791448356e+00,-1.518818052749713043e+00,4.865753132017996307e+00,2.943159846475036368e+00,-4.436998562602947338e+00,-1.815125997305316874e+00,2.079610386276018463e-01,4.776733529793615318e+00,-2.023434841962572062e+00,-8.509672833879551312e-01,1.421829251381605541e+00,-3.137432958325582444e+00,-1.629381235286142093e+00,5.014152087456106521e+00,-7.290426331383739189e-01,-3.475222451366549059e+00,9.748643757519803721e-02,1.593031716554662358e+00,-1.001025397997919786e+00,-1.124061472372435144e+00,-9.493287190588146629e-01,2.662796120285613632e+00,3.434449469337137018e+00,2.260018872465593187e+00,2.727854263734647677e+00,5.152267942881956664e+00,5.960150879248240940e+00,2.359005496397551305e+00,6.821850559358273891e+00,3.432859039338919116e-01,-1.507293850189502571e+00,-3.867554930220744147e+00,-1.701709313408142465e+00,1.338167027485444915e+00,-4.675742639152849378e+00,-6.757599874122918848e+00,-3.370255510900789231e-01,-4.195870467967358408e+00,1.631239544774195194e+00,3.670078932988268594e+00,-6.149237179629352124e-01,7.239993075013817503e-02,8.062952386192495879e+00,7.849545440623552750e+00,3.529026067242478915e-01,8.363216616466715436e+00,-4.271787566689786431e+00,2.021406135085341393e+00,3.159425238396177171e+00,-8.747022292025334878e-01,2.772235199290598473e+00,-6.513726967328376638e+00,2.400750334037560219e+00,-3.618824294466058689e+00,3.133983560607505936e+00,2.891649202744038583e+00,2.751364466907528339e+00,5.944755198129999307e+00,6.049903696202786563e+00,3.996722149191546780e+00,4.365556621455310982e+00,1.147441350722944442e+01,2.793884215657183034e-02,-1.417303644094419557e+00,-5.476204222586899206e+00,4.589006859024068241e+00,2.340302256476343157e+00,-1.436151793258348075e+00,1.216050201496012839e-01,-4.201606279982671666e+00,-2.737136112942031296e-01,-2.017980061882263865e+00,-9.576789844907117599e-01,5.107506283048144802e+00,-2.347942334595855662e+00,-5.413922956266955744e+00,-3.138890487012367281e+00,1.540978229506186459e+00,-4.753173536688921175e+00,-8.720653256611345938e-01,-6.752076136946000950e+00,4.021176915098271465e+00,-1.572975370150008434e+00,7.429865385724437665e+00,8.437420718235489892e-01
-4.097458318201306682e+00,1.169763511685639301e+01,-6.034779086180891428e-02,-1.888943543696139926e+00,-6.693806662328205093e+00,1.355613141423187784e+01,-3.316974211339366319e-01,-9.461626986103222947e+00,-6.324451830797658047e+00,-7.375153163444318594e+00,-1.429111820696161272e+00,-1.817872830076812463e+01,-2.576285048328483818e+00,-1.152124709874637709e+01,1.535804673370951257e+01,1.980323112306716871e+00,-7.354460634373176653e-01,-2.268556639160134480e+01,-3.825750842099618687e+00,-1.006676349618260247e+00,5.446631115692628367e-01,-1.218965404673298947e-01,-3.056922510701814311e+00,-8.877925455499497076e+00,-1.811174790478237817e+00,-2.614421507641044684e+01,1.297644060109349073e+00,-2.378877730004213209e+00,-9.028366427038438946e-01,-5.083300406019414908e+00,1.021946012402654480e+00,-7.310418558406706069e-01,-1.503668687051218367e-01,-2.680860412305216212e+00,-1.061408413861647304e+00,-1.217843928718564328e+01,4.503045849473630291e-01,-1.861491340289988372e+01,2.197074192814576943e+00,2.951763246029815324e+00,1.513579765011168909e+01,3.424130744132260484e-01,-5.552127215177239394e-01,-5.953177219097570472e+00,-8.614147793027665756e+00,-1.482081016708939813e+01,-1.130943341976032812e+01,-6.662378499920863284e+00,3.144518744993855197e+00,-1.324038477295417238e-01,1.456565767619445140e+01,-1.987531370853105051e+00,1.428423426562947185e+00,5.468435831509343537e+00,-2.005621116173273322e+00,-2.673743760428639149e+00,1.024973117234599940e+01,4.628430275864782395e+00,-9.977007086183861118e-01,2.753279878035866268e+00,1.343269899953680735e+00,-4.281494763409583904e+00,-2.574455161101836609e+01,-6.345486875569527285e+00,7.001321121727535068e-01,-1.370877870365299067e+00,-1.045615113212802427e+01,2.905700339408305410e+00,1.807935835343663866e+00,1.964802445438976974e+01,1.307070012283747307e+00,-2.892066944958483710e+00,8.423787729911953903e+00,1.581606538138897733e+00,3.842540993680545469e+00,-1.710184493186554633e+01,4.883652486850165175e+00,6.445814781179795894e+00,3.354758668206298644e+00,-2.709881354201001402e-01,1.485328034929218965e+01,6.279850246291669436e+00,-6.160040028525555655e+00,-2.165859531525146764e+00,-1.307779771702241245e+00,6.146906634969749206e+00,-3.106039631886121199e+00,-1.273642916274601689e+01,4.647341608535848323e+00,-2.713349346370537152e+00,-1.502372379046080120e+00,4.151549656682541389e+00,8.438554821524348881e+00,3.430719475888894809e-01,-6.500116129316302782e+00,3.391516056931900724e+00,2.042134655695025280e+00,-1.800429433072160634e+01,-1.321287947337866875e+01,5.588228255695401714e+00
-3.856893481531050938e+00,-7.363610026873391057e+00,-7.429736892140055282e-01,-5.741188386817997369e+00,-9.874077874090046336e+00,3.160962222340932382e+00,-5.468714487838084892e+00,-4.882230185244331722e+00,-1.265912546307033537e+01,-7.257536306974469831e+00,5.895037267084200394e+00,2.573576085049965378e+00,-1.895627751554115781e+00,1.832130375794717381e+00,-1.129506423482951760e+01,-7.459191528635813473e-01,-2.152896258791470618e+00,-2.019351157712630851e+00,8.592088180687072807e+00,-7.973834043271736505e+00,-1.558503625704295459e+00,-5.872272290840657938e+00,1.238528493864485158e+00,-1.878540018358617658e+01,-4.325210913932106216e+00,-2.592858918755206687e+00,7.657236085174160323e+00,-6.905299633382254498e+00,-7.485073510134315100e+00,-3.372921339009318231e-01,-1.356716102571078109e+00,-2.731293247554227754e+00,-9.282612329886413605e+00,-4.321844207514033975e+00,-2.388918943972253572e-01,7.677928385223691699e+00,-4.551111946314532197e+00,1.627201640485040013e+00,-2.918501191772596037e+00,-1.234251230058412396e+01,-1.325295337313325206e+01,-8.238364630942225375e+00,-4.027451285789339863e+00,-4.628910240826991540e+00,-1.098702943594431858e+01,-3.122671174315376774e-01,-1.506810623391784176e+01,-1.547421606645114167e+01,-1.432516822856688599e+01,-6.163805125180525479e+00,-9.209930857832002715e+00,-2.816279109583465612e+00,-7.487899672515844429e+00,-9.993636520612973584e+00,-3.043133366848938870e+00,-2.992872681699869641e+00,-7.142723831039107907e+00,-1.451339932323806536e+01,-5.689852206795455558e+00,4.319774256444089744e+00,-1.544901838227514368e+00,8.097252010511812870e+00,3.955945306938463357e+00,-8.400559146940516086e+00,-4.395009784105337936e+00,-4.080996063896742854e+00,-1.219565138673283045e+01,-1.023713770286121871e+01,-5.790119605324782093e+00,-9.000137420094640461e+00,-4.703109783126622645e+00,-2.364652270566536707e+00,-1.619548038451208427e+01,-1.171837046876001054e+01,-5.673708692619532812e+00,3.873658957651888723e+00,-1.154930012098509806e+01,4.262974778760728611e+00,-5.082681108612481680e+00,-2.555808635569975173e+00,7.098799740906978073e-01,-7.239897449878617941e+00,-1.235437286068688678e+01,7.799237161287990716e-01,-4.850934702092969175e+00,1.189460539803723904e-01,-3.017934585777765744e+00,5.085368250350764896e+00,-1.183335810708163294e+01,-6.516067263735736859e+00,-4.985352034497600116e+00,1.789834854286782573e-01,9.480371903704034153e+00,-7.472149860959978795e+00,-9.977613707310595270e-01,1.107153846786894213e+01,-6.084063784585473478e+00,3.392794613679437798e+00,-7.859486566696356036e+00,-7.519495540340421336e+00
-2.345804619249591827e+00,1.947353160538363781e+01,2.003211376760402285e+00,1.000165084551852157e+00,-5.180986230208045384e+00,-6.980174423957676844e-01,4.283221373681907806e+00,-1.647716423727604962e+01,1.916705111347477786e+00,5.604517276615705867e-02,-3.338434261717096785e+00,-1.691301029556079527e+01,-1.209564284119734490e+00,-1.871096245496427102e+01,1.920241134268969674e+01,-4.835712541816952204e+00,2.722344507443100525e+00,-1.669137284136957788e+01,1.455598666892170545e-01,-3.826372622475122665e+00,2.589267001174394789e+00,-3.718421609524736660e+00,-5.639831363124589991e-01,2.766508810363029980e+00,-3.474637431358301498e+00,-2.622966551119460377e+01,-9.073208981622541414e-01,3.258885993115812618e-01,-3.557767205828883395e-01,-3.640387209821934977e+00,-3.997724451003598745e+00,-8.435320431741527569e-01,3.358982950718880645e+00,-2.590730185151147502e+00,-4.557931170168782131e+00,-2.627876581499131348e+01,-1.768261970377762449e-01,-1.956735950309411720e+01,-1.810107926233169628e+00,1.751357425339133522e+00,2.211073902312333317e+01,2.795575645136872289e+00,5.954444245156636839e+00,3.986883067071117281e+00,3.010243416235262703e+00,-2.041842225460938920e+01,1.132246456962322068e+00,1.671719300567537703e+00,1.220579790285947652e+00,-1.374075176867094239e+00,1.158650134491378658e+01,-1.201827578683147379e+00,-1.378709045526884225e+00,-1.649839964382957547e-01,8.909669659748369330e-01,-6.684545441232243590e-01,2.275541938999300484e+01,1.350302145856290048e+00,-2.142171075195125951e+00,-2.087516555160686238e+00,4.304648456513413102e+00,-5.148468202268875693e+00,-2.416373050687432311e+01,1.799106038557502174e+00,4.184350335794851716e+00,1.770206479302888880e+00,-4.484112903825948848e+00,2.280808421195918534e+00,2.919788997390345919e+00,2.272281803865833538e+01,-3.323560260053547655e+00,2.823063495250028865e-01,6.206103951645418615e-01,-3.226447898934093672e+00,-1.732254753531581315e+00,-1.452021994041756159e+01,7.430952049454855324e-01,2.097614451242082012e+00,-6.888376835631218498e+00,-1.157509204433557981e+00,-6.940420371277073563e+00,5.762138722953446646e+00,4.508749585903955470e+00,-1.566618725285434888e+00,-1.362207263384005884e+00,-4.702236632550897966e+00,9.280683515741184886e-01,-2.730318970580252369e+01,2.032393382240804680e+00,-8.028463958911403964e+00,-6.574486171227956532e+00,1.945632040087724057e+00,-2.055298092828362844e+00,-2.457775026793743045e+00,1.135152476841042368e+00,-1.007560422860675153e+01,-2.783297695826554286e-01,-2.013435124149816957e+01,-1.652846791711902341e+01,4.036996481769974388e+00
4.865404754327644632e+00,-4.273727201737612447e+00,-5.064594694539418462e+00,-5.904442173364712332e-01,-5.834293210781220651e+00,1.317909224078731256e+01,3.010259415806459948e+00,2.431960659606572150e+01,-1.144060608877133234e+00,-4.786823715542443125e+00,4.362126640674210520e+00,1.561590993969701735e+01,5.022988883227434975e+00,2.461829311372815354e+01,-8.719221481248343508e+00,-3.469284764999235104e+00,6.538041909388350170e+00,8.549492985334129713e+00,3.094457447189781440e+00,-1.227030937921555820e+00,1.442198383085870006e+00,2.400179853426864796e+00,3.970603010634814911e+00,-7.750773860301517715e+00,7.562284226684634625e-01,5.223674913211114657e+00,-3.107674303885827882e-01,1.821418662650813314e+00,7.643857104071207331e+00,-7.268654676875225817e-01,4.000601739617950514e+00,4.758994019424491739e+00,5.814707009183723407e+00,-3.400081862457868809e+00,3.933728691565695712e+00,3.130213860806743753e+01,2.359830326887932372e+00,1.416406180922494329e+01,3.423371814321422679e+00,6.332073770978288607e+00,-7.697360940027252241e+00,7.154542540256095151e+00,6.743890382285663065e+00,4.862441337169750355e+00,-1.087536881520601995e+01,1.468437865130095865e+01,-9.473682381325243540e-01,-7.629379689599401715e+00,7.266766968874085464e+00,-1.849007270176127093e+00,-1.439496041929163361e+01,1.289246513383995651e+00,-7.587976837834506383e-02,7.168656686495910257e+00,2.844400448772909762e+00,-5.000682784313075224e-01,-5.975449214501720618e+00,5.702371446666604449e+00,7.117776301449248777e+00,2.764191854388490910e+00,5.417158891317892078e+00,-1.645903472329759420e+00,1.177285077416168413e+01,-8.184787772833654884e+00,7.519184561287107549e+00,5.866528697683917493e+00,-4.916748608807101739e+00,9.007388902153662613e+00,3.685132367696530409e+00,-1.034541698470974147e+01,2.967073803750716721e+00,-7.593278399603919926e-02,9.405297645778345483e+00,7.024983337189853572e+00,9.285437268334304051e+00,1.481857534830617951e+01,4.556095276050309728e+00,1.924085525835002741e+01,-2.240675953657597752e+00,-3.929022176767656305e+00,1.516121096095337961e+01,3.707372709840527580e+00,-8.060209151473680222e+00,6.526293982444202335e+00,-5.947647741666810539e-01,1.281817234586780963e+01,5.929704090081253653e+00,1.043380764565549512e+01,1.692466440914389381e+01,4.607846455226781046e+00,-1.927274729810932452e-01,1.510232440456255532e+01,1.307257195303358621e+01,-1.791648737752057352e+00,7.685981892994068865e+00,3.670467430114908947e+00,2.182058669353778679e+00,1.973216448583255556e+01,1.613619978830807966e+01,4.165395350600372026e+00
-1.260209852999726765e+00,-4.803029137192075027e+00,5.177871092265835529e-01,-8.235013501645784828e-01,-1.023010138690478499e+01,1.472492032973507614e+00,1.015645508819931875e+00,2.593071695682308775e+00,-2.338212838829393014e+00,-6.791406756619822183e+00,-4.118557004762087637e+00,4.507894211918692662e+00,-4.287632183612183567e+00,3.881984483788473828e+00,-7.156509306264369208e+00,-2.546997060737913321e-01,-2.674351023072915723e+00,3.423899102465332689e+00,-3.259578665409039733e+00,1.387781128169004674e+00,-6.306919076508036293e-01,-4.610808826918837866e+00,-2.609236337412895068e+00,-2.087146864569966898e+00,-3.786366079106574745e+00,2.704741734538140818e-02,-2.768442325060783027e+00,6.775828276833433250e-01,-8.536112818889205478e-01,3.971652914526329070e-01,-4.154736740973809184e+00,-4.424473684881832014e+00,-6.674301023468613536e+00,-1.255486164356864220e+00,-4.448511156627938945e+00,2.306451735827585114e+00,-1.081002817318122311e+00,4.046823338499442535e+00,7.161118012252669640e-01,-2.011544426416944642e+00,2.628713231567667563e+00,-3.644665000985991998e+00,-1.103514336101905080e+00,-1.217940505386941430e+00,2.676146063787931517e+00,-1.531847862900889812e+00,-1.351607972426366322e+00,-6.004967393896511574e+00,-1.345467075614759089e-01,-1.409799422933928792e+00,-7.233959628029483113e+00,-5.996776543282038574e+00,-2.063943709968343754e+00,-6.410390969797825633e+00,-9.147746133429471849e-01,-1.590200963422526037e+00,-6.641834230150629459e-01,-1.890571299560384055e+00,-7.005476803392857832e+00,1.619427692902152494e+00,4.673697354603339349e+00,-1.922438392821502973e+00,6.940627761998720224e+00,-5.684086788399145718e+00,-3.097435239495466952e+00,-2.647303622755184715e+00,-2.299072559064120114e+00,-7.180333832597052712e+00,5.332103253643625251e+00,-3.444384190025619574e+00,-5.902573096223719062e+00,4.549167078332091663e+00,-1.905273985967758765e+00,-2.784904057686497403e+00,2.038450714183901447e-01,5.008943859135420063e+00,-4.731414715700791973e+00,-1.308890660700823272e-01,4.915537805496983381e-01,4.745972607698594192e-01,4.013119274439539419e-01,2.655177298826342236e-01,-3.697138917783262535e+00,-2.354105465251230100e+00,4.302440168651151531e-01,5.766855391231457961e-01,-1.670456217802860799e+00,-8.782539334605845127e+00,5.392670688564596304e+00,-2.102090994084238940e+00,-2.999007359187337407e+00,2.659228916760766115e+00,-7.768533057035229561e-01,-3.216828939119523501e+00,-6.033264861459421979e+00,-1.368323882722233265e+00,7.174811092676579571e-01,1.844865053531981491e+00,6.363604753462214880e+00,1.248108489604431215e+00
2.369830208819896811e+00,-5.465177841512543822e+00,3.344699745441189087e+00,3.553161608166131580e-01,1.582049990703139564e+00,-3.384450068462975914e+00,7.139506800763017580e+00,1.611916765709823451e+01,-2.498810111020404179e+00,4.391909573550595525e+00,-1.415409042385784577e+00,9.643681912689640257e+00,3.452364878131320758e+00,1.102264271431046083e+01,-5.073963292453554708e+00,1.498584519604402754e+00,5.861678597047752071e+00,1.735042859263817405e+01,1.794288215712435797e+00,-1.173680582198292077e+00,-4.764042824619974525e-01,2.923131132473069549e+00,4.429444802723516261e+00,7.169754386726392426e+00,1.322824743283278925e+00,1.297222328150506954e+01,4.383438279978036256e+00,1.212337180872382403e+00,-1.159911956539021682e+00,-5.107962460701563900e-01,3.182887893615520269e-01,-1.903578480211471913e+00,7.993721484834350743e-01,-1.429826832666184711e+00,1.731532520116287666e+00,1.110245083069620620e+01,-1.645070466364806361e+00,1.506287965187988576e+01,1.915129916621564732e+00,4.853968347415799300e+00,-9.737884701268544774e+00,2.330773292972412314e+00,9.596668418967545522e-01,6.172433850604708283e+00,4.883769556800155343e+00,1.089624455946768222e+01,2.115704834731768180e+00,2.081966620888530350e+00,2.754155691873591660e+00,-3.370328944572640761e+00,-1.291258111279541865e+01,3.890277512643049995e+00,2.502145238685277384e+00,-1.272878152163543497e+00,6.775123610644491201e+00,-1.402963726046924986e+00,-9.307120598900969100e+00,-4.088821252359335912e-01,-2.244906090580620184e+00,5.013208561929600293e+00,2.404705156796639542e+00,2.344829081484983035e+00,8.996835444322705655e+00,2.019245804064765615e+00,6.092098838884638212e+00,3.213617384417492562e-01,7.214979751229901872e-01,-4.414203872072093304e-01,4.231499168839941483e+00,-7.676019201351182986e+00,-3.995468749771724504e-02,1.115686299030414297e+01,-3.535005036886306407e+00,4.153078486054440077e-01,3.552715422194577144e+00,1.306147522666243788e+01,2.152361146167341754e+00,3.214677285238476401e+00,-1.049784668857412395e+00,-1.056042848839729098e+00,-1.006140995911634306e+00,8.018290330699914037e+00,5.498479450845165317e+00,1.410116808169540326e-01,1.463325886572851786e+00,2.172130795141652193e+00,5.488679730018375835e+00,6.390449370182498257e+00,6.141637195999812171e+00,-2.477004148984603304e+00,2.731244347979473908e+00,6.357606574630901841e-01,3.267883084864942056e+00,3.782427900411326149e+00,1.280817928892739488e+00,-3.791133586475963213e+00,4.181790575924065223e+00,1.101140064254786566e+01,1.535056334341515338e+01,3.486033117129326619e+00
5.075625506536662002e+00,-2.376845783749856444e+00,5.793542043990659529e+00,-1.839499932734002030e+00,-3.218847820588046638e+00,1.144896539243847577e+01,2.052324318622526622e+00,1.153482397082316169e+01,-2.907940311691389113e+00,6.214249341163607276e+00,-8.633412945216383250e+00,2.016688848654736965e+00,-3.095149854544109180e-01,3.591071917229962995e+00,-1.349393992082193794e+00,1.755263914734561004e+00,3.801085032659490270e+00,3.148674090984185270e+00,-3.677818121285373554e+00,1.373757321817082655e+00,2.276782617743330350e-01,6.009438359287078146e-03,1.133411577699090733e+00,6.960361284614833277e-01,6.757683277703598890e+00,7.984037433375590354e-01,-6.710735846639872548e+00,-2.734318658605579877e+00,-4.013860466681975936e+00,4.917875420580437584e+00,-3.368409330343561159e+00,-2.095771027724815827e+00,-1.875245607879498122e+00,2.345693719235075747e+00,-1.416149286233117088e-01,4.805859691324235961e+00,-2.190239208425130091e+00,3.489225024479996939e+00,2.515061357155608412e+00,1.141933601207045967e+01,6.686267447130064490e+00,-1.834433800548498361e+00,-2.661260451688801432e+00,-2.109483716929813291e+00,-3.095127566271552055e+00,1.851227798553223280e-02,-2.998814516977260425e+00,-6.800567236318770803e-01,9.255443378985182434e+00,-3.131594244067977595e+00,-1.879777392546795545e+00,2.480103012290184594e+00,2.103624068116408008e+00,9.436053499282653689e+00,2.226372155052227964e+00,-4.025194136639205666e+00,9.062056216639198247e-01,5.906709012833836425e+00,-3.347380349099129404e+00,-1.322489526383599179e+00,1.952569133642985122e-01,-8.059702637040576434e+00,6.726115314842635584e+00,-5.264174138321619623e+00,-1.309650919341081909e+00,-1.228881898696371655e+00,6.352948161647991476e+00,1.134210866726961520e+01,7.335279855620306932e+00,-3.448750281895950565e+00,-4.999840504075636183e+00,7.255506320254657915e+00,8.629678277468958214e+00,5.662093768127695270e+00,9.635177014199406642e+00,2.493969760805845315e-01,6.822732971738509455e+00,6.079469159306931658e-01,-9.483845492657647647e-01,3.069454543113724121e+00,1.355991473960360594e+01,1.966649972431595472e+01,1.708301756045091047e+00,-7.144976168021349494e+00,3.854206102125290911e+00,2.125773916409536390e+00,3.259900248146116120e+00,4.880713905815611042e+00,1.338284103704940442e+01,6.292598890111269494e-01,-1.571213411476969579e+00,8.734258678357069705e-01,1.743812181183541865e+00,7.359450501805330447e+00,1.791704397913471025e+00,-6.801585083128527387e-01,3.693386869769287095e+00,5.924675595191411404e+00,1.872034808538264272e+01,7.390933680537141726e-01
-2.662215072456152409e+00,8.502998652244526667e+00,-2.432503007387263327e+00,2.253152347112345577e+00,-1.354157470225132975e+01,1.019086315627832917e+01,1.024644875992413162e+00,-1.226498575157170734e+01,3.693953983612964898e+00,-9.843819007502503382e+00,-3.499239217154929804e+00,-1.492075034276610523e+01,-8.022577471225343926e-01,-1.904997867732723904e+01,8.392579692155230475e+00,-5.100469908384186901e+00,-1.163159641741448480e+00,-2.686730962140665824e+01,-3.569294199306269899e+00,7.202181669020931709e-01,-5.823804704876072158e-01,-2.017639928154487894e+00,-1.627301330672438651e+00,-6.731999347933044220e+00,1.387196632486624503e+00,-2.815441861761986786e+01,-4.625521985316657592e+00,-4.984263110227946214e+00,-4.315341514824794444e+00,-1.153923835395764375e+00,-6.963439876066947143e+00,-4.195594878268384953e+00,-3.694863430070621568e+00,-5.280485913491197003e+00,-3.816636028031009875e+00,-4.847900444985748791e+00,7.026338436175949553e-02,-1.261913206562376288e+01,-2.620093709256322345e+00,-3.585399109421598673e+00,1.007989429005512250e+01,-2.934730841192532136e+00,-3.965586738230981734e+00,2.944563620303547680e+00,-1.202226189678543200e+01,-1.427038679721354697e+01,-1.091826874199934494e+01,-1.324512279104037482e+01,5.763038674862228206e+00,2.349982304389134136e+00,5.333448474928624172e+00,2.471768349875125725e+00,-1.560730612304961795e+00,-4.194182330748471799e+00,8.639197975914845173e-01,-4.356796381352978642e+00,1.264288520341105482e+01,5.051735455462487145e-01,-4.295858683193398697e-02,-8.018407515690071374e-01,4.677052664063522158e+00,-1.776339985083674300e+00,-2.118294918609018396e+01,-1.463289720798767490e+01,5.841814189257030776e-01,3.860181606663139586e+00,-7.266205304192268954e+00,-3.810108876690112556e+00,2.688895742288469393e+00,1.129025866215522989e+01,-4.453367145437090002e+00,-1.011662195564819733e+00,-2.692719184896994022e+00,-4.599569350042465032e+00,7.990224536168978320e-01,-1.572811239360724045e+01,6.258876388942029578e-01,7.267518106975638048e+00,-1.590814544372151751e+00,-3.518771724687427938e+00,1.122814672331754871e+01,9.494889827314941799e-01,-1.253379960906421253e+01,-7.557615525927414701e-01,3.429521538216545373e+00,1.137077797300658588e+01,3.400899420319108968e-01,-2.266131829636856310e+01,1.302622666892819403e+01,-8.630202381405512213e+00,-6.854585991452336380e+00,8.685952953316633085e+00,1.146160599655792467e+01,2.665322866695934767e+00,-4.483868720397062191e+00,1.312108976472497091e+01,-5.223351681986226902e-01,-1.485027129583468941e+01,-7.220980258006615138e+00,9.331057312297144080e-01
-1.418078210176938247e+00,-1.341369839992287538e+00,-2.046052353150409342e+00,-1.693036877114640903e+00,-1.202258735095622200e+01,9.067283494073839378e+00,-1.489809255505391228e+00,2.719284459183332281e+00,-1.474046718308364312e+00,-3.044174649769081586e+00,-1.183902203951363497e+01,-3.091879297099895396e-01,-6.067105792426155553e+00,-3.608745913622079193e+00,-4.894895922484498563e+00,-2.274142570061952195e-01,2.270941814031091965e+00,-7.115634735623331153e+00,-1.103912396085934056e+01,-1.536766479537869046e+00,-4.086975247933115618e+00,-1.662930230610325744e+00,-3.500373797181186131e+00,-9.273491331119790848e-01,-1.302248427178034573e+00,-1.129562823248188241e+00,-9.668812789502153393e+00,-4.196417528357883953e+00,-3.394496297624953307e+00,-2.835531482831330052e+00,-2.343140821160395681e+00,-2.944469332004127082e+00,-9.981228803095418822e-01,2.031056213133718202e+00,-1.654059434154777408e+00,-7.532506740557145974e+00,5.486649731519739337e-01,-5.002442045610143495e+00,-2.561706409497695791e+00,3.384434140226252108e+00,6.018806027340403375e+00,1.258377199451941042e+00,-2.508892979604300688e+00,5.330954415434199234e-01,-4.486745960042898274e-02,-4.026584267849239396e+00,-3.235133067048792110e+00,5.973018611184945925e-01,3.417332834807528030e+00,9.947543560565947907e-01,8.861233590247697967e-01,-8.833753226635943090e-01,-1.399210623456854874e+00,2.361676883212516564e+00,1.156935979318877816e+00,1.149936433012729520e+00,2.632879343961027629e+00,9.707721345721477491e+00,-2.192360433227663830e+00,-4.812709945243225818e+00,4.060142236172756824e+00,-5.625574842244359886e+00,-1.815134888310527828e+00,-1.671392531648659530e+00,-5.046217742807825424e+00,-1.153324400976043940e+00,-6.218570743064889328e+00,-4.345808547434737434e-01,4.425480538941306108e+00,1.982306091148693827e+00,-3.982062452517020290e+00,3.838842287757000094e+00,2.765135050873134492e+00,7.790393816176179875e-01,3.114003024975184886e+00,-3.321030872141463419e+00,7.504632460447282050e+00,-1.919012206819634248e+00,-1.970866969235910870e+00,3.183212975849434745e+00,5.705659274382105295e+00,5.385343040947994098e+00,-2.798476914431911489e+00,-7.751596539775968964e+00,3.758809534014429410e+00,1.288827039393665164e+00,-2.180871840773549231e+00,-6.271573021712297802e+00,4.606239202517549813e+00,-1.223845337006651768e+00,3.026632441931340622e-01,2.997131082655022372e+00,1.808610096999037076e-01,-1.243887783980165862e+00,2.463747747674627675e+00,-1.524921909501944173e+00,-3.671147446813546322e-01,-1.263872518161151426e+00,3.520961523029265905e+00,-4.997925344959002203e+00
8.381859766293358049e+00,1.104731987310338504e+00,4.241317018033274877e+00,7.075902666755297332e+00,1.021116687654199673e+01,-1.859324885853491338e+01,5.268217451210452040e+00,-1.556438607027909704e+01,8.890726333617454458e+00,7.378388454692261789e+00,2.694499785273978887e+01,1.076699678594408383e+01,5.474680956525311615e+00,2.529353636586233911e+00,2.650456160726877286e+00,3.068178102693963183e+00,6.529878526117701476e+00,9.020389373775293151e+00,1.999517329219868600e+01,9.183191262159265733e+00,4.208683079312308450e+00,7.289709781234749997e+00,2.873802827318239661e+00,8.891370916608684283e+00,5.865303894482310376e+00,1.539181852140499096e+01,2.476167830923576929e+01,7.583560878840673425e+00,2.881145371001045508e+00,1.286435521062576637e-01,1.151757038492244867e+00,4.755112127252791865e-02,4.442683225670605474e+00,6.685817910157159538e+00,5.725791532689957108e+00,7.578291496959451479e+00,5.132715515564528097e+00,1.091502949074462059e+01,1.074017390839692609e+00,-2.033142230876921985e+01,-2.134880906181833637e+01,6.230827369839339269e+00,1.408509606391369795e+00,2.221864216164812333e+00,1.344610423900872043e+01,9.405872735981144928e+00,1.037054310220872466e+01,1.161242554250040193e+01,-1.505011337827523477e+01,2.597601242326241344e+00,6.084786541556157502e+00,5.848448315661143759e+00,6.932465478449233665e+00,-1.266495240353378726e+01,7.013993138576430475e+00,8.212775888853339978e+00,-9.248645250085205660e-01,-1.262671929222696221e+01,3.996106712292708085e+00,5.866545360914330765e+00,8.422276284171159588e+00,2.294347381610211656e+01,5.661274565082480947e+00,1.267703768322866864e+01,4.840813922406125513e+00,7.659586871289369547e+00,8.517691319401881955e+00,-1.950584698616785673e+01,1.168992879816050845e+01,9.521136278813031595e-01,9.949630040831644706e+00,5.766804455575726074e+00,-1.825611859204897769e+01,-1.678431388824195736e+01,-1.841350061815099792e+01,6.623070671164621004e+00,-1.355568662878567210e+01,-1.190912940889157223e+00,5.965917559161721506e+00,5.593813129026368181e+00,-1.729403370207583635e+01,-2.005610251216403839e+01,6.659463056343465581e+00,2.064634228637959268e+01,4.944651867112398236e+00,6.402747792392116111e+00,7.381711883163674770e+00,9.130036717761029763e+00,-1.749504273674061849e+01,8.404317323348868385e+00,2.936330054532288791e+00,2.120124361544439839e+00,-2.394102654493339699e-01,5.210743707589705842e+00,4.550305508430787960e+00,2.913090938707375699e+01,5.611293606628195541e+00,1.090730770375748904e+01,-8.662153327900277588e+00,1.350328270623018412e+00
5.330528521488259841e+00,4.839709770158517887e-01,-1.837079770442750615e+00,8.863122431596485384e+00,2.026595984754642288e+01,-1.000537048587072420e+01,-1.270164634344189469e+00,4.213502718613071352e-01,1.254938935060874172e+00,1.251480153526906491e+01,2.248321149903338423e+00,-1.800743117379745684e+00,1.532416734663029523e+00,1.132068467809428380e+00,-2.323181986285072220e+00,2.605645729544200151e+00,-2.264358360281935934e+00,1.276023175476123406e+01,3.922566452786710123e+00,2.122409922708675456e+00,-1.606409254345353865e+00,-4.052319562229318439e-01,2.447591521611765408e+00,7.866907874629960773e+00,-1.869105793789671344e+00,9.962911009969303677e+00,7.694106830047964252e-02,3.096187216578778045e+00,-1.679579704844000210e+00,2.318080988644416696e+00,9.345791808219339192e-01,4.567815201418870430e+00,4.216687552998483746e+00,4.676739819531837483e+00,1.167132778185748787e+00,-1.349292492964612933e+01,2.946033552420255219e+00,3.537079226224114858e+00,6.394807191892496689e+00,1.591910806711400728e+00,-7.756141923520549319e+00,-1.788591651348372835e+00,1.403388628266228899e+00,1.611879480231024342e+00,8.597341215055678276e+00,4.400681576403284723e+00,1.196733465003630847e+01,5.565108190068569272e+00,-2.739361171077554502e+00,-2.283157340215080655e+00,5.483626485683062768e+00,1.648177913999001598e-01,-1.049067582941583865e+00,1.230954048036829951e+00,1.229521258294450137e+00,4.291971139866953777e+00,1.205566337077224048e-01,-2.026275648156728337e+00,8.693528295292102470e+00,2.994194318751915773e+00,-1.193392104910484530e+00,6.405029216685649729e+00,2.676209691445081695e+00,1.172933040573434127e+01,-3.036916328045925262e+00,-2.374050337597032545e+00,1.293549703781314086e+01,2.192567949883001077e+00,1.725616471609447977e-01,3.397444251305778984e-01,5.820633431442047367e+00,-6.849821011224201950e-01,2.311660803823401444e+00,4.419698700806412361e+00,-3.114907150562106430e+00,2.909332533797298392e+00,-5.060345107345169069e+00,-1.025100515642041366e+01,7.653947777246437489e+00,3.881899345856459682e+00,-1.098927828430313269e+01,-4.016820911287160456e+00,1.211224608663879465e+01,8.936456399158789754e-01,2.829425990059095675e+00,-7.957838058954965987e+00,-4.347500062622009498e-01,6.931256092062928253e+00,-1.386698128207473601e+01,3.232874337152233046e+00,-5.508373926231873163e-01,-1.102597624147083444e+01,-1.203992762424804752e+01,-7.736933812162083424e-02,2.543033301975614613e+00,-6.115585312546254926e+00,-3.686263003790696269e-01,3.317500704986048987e+00,-7.819430969785361896e+00,-4.423155774562823161e+00
3.008145837630766817e+00,-2.772238038388162806e+01,-2.132371745497548599e+00,-3.772240715097008312e-01,-5.066458416925119224e+00,-6.628681091053538310e+00,7.851997141983726447e-01,2.051864517172982971e+01,2.738477750860166982e+00,-5.204558090614566979e+00,1.016647256073555994e+01,2.835817796365525822e+01,2.762682151112906492e+00,3.006129612980429755e+01,-2.429671077816024649e+01,9.485069520904366724e-01,-3.256923237198120713e+00,2.816932268871115852e+01,1.294541662662375714e+01,1.681113281836506879e+00,1.846375205490540905e+00,1.316730381303705233e+00,-3.174439057480886284e+00,-2.464535886096288042e+00,1.041159534555989863e+00,3.395949504367005289e+01,1.091166763013804974e+01,2.650842788129288863e+00,2.780638873306041425e+00,-3.140375306535338584e+00,3.163843629789012457e+00,-2.721531129989408715e+00,-1.694810213041647362e+00,3.785507336765643327e-01,-1.890990023778141571e-01,3.982915259868771329e+01,1.745376339772406027e+00,2.845011962180300102e+01,-4.174889922078216742e+00,-1.405237676585905859e+01,-4.230688422629284418e+01,5.589752664045112063e+00,3.666330561107123409e-01,1.265157612812582988e-01,-2.598308926425640486e+00,2.590919511256560526e+01,2.041850534512915427e+00,-1.653706533343314300e+00,-7.106739733757841293e+00,2.380022503227731345e+00,-2.451191949188399377e+01,4.680100226464616320e+00,-2.039164490486907511e+00,-9.328599334173773627e+00,1.050774135519964458e+00,2.538086775641234638e+00,-2.573399858183735844e+01,-1.601158280527007705e+01,-2.226350198861991814e+00,-8.711591280960884198e-01,-9.897304889959157581e-02,1.373011354893528591e+01,3.358093431795721528e+01,-5.009021894559976040e+00,1.931747947225176176e+00,-5.873293989701552364e-01,-2.917856354389084306e+00,-1.357873963024862896e+01,4.678959493476169129e-01,-3.109030863347421914e+01,-4.153525600630000980e+00,1.285696922850790624e+00,-1.064098506424416968e+01,-8.834024653218106593e+00,-9.129559906244004708e+00,2.185867316217026257e+01,-8.399418433132328943e+00,4.162249216998334944e+00,-3.040588031986768414e-01,1.019798758308684938e+00,-1.269038812664659943e+01,-1.091749577284283212e+01,-3.785565958863096991e+00,1.295602134171389608e+01,-4.831249969166913072e-01,8.736586457274523099e+00,1.781304867673327186e+00,2.876147228657546862e+01,-9.436831659746742318e+00,-1.778720849961218820e+00,3.545153964399772040e+00,6.755477244520268876e+00,3.356982847526079894e-02,3.822452335837694726e+00,-7.484279928120597392e-01,2.392015197012183947e+01,9.388051062755216059e-01,3.343973145429350069e+01,1.863762502235060481e+01,2.285318359557554579e+00
7.185826602337855862e-01,1.757769845691329991e+01,2.833618709461430463e+00,2.004317679569294519e+00,-2.243539520877021687e+01,5.274580409460452479e+00,2.777863701341697578e+00,-9.714865736189121748e+00,1.917829040596851886e+00,-7.435406504419349361e+00,-2.791678150375327405e+00,-8.806139200444448534e+00,5.287712941484175033e+00,-1.037148285384691704e+01,1.365590360772632295e+01,5.493318776787636804e-01,2.176781298329819592e+00,-1.077668361648107975e+01,-2.548476501125902516e+00,-2.125004428667642387e+00,3.424322702116989969e+00,4.493015936696080903e-01,-5.059865592277892787e+00,-6.970843925572157929e+00,-9.795398725912572990e-01,-1.943118541903843521e+01,-4.370365026511656481e+00,1.729908498312505705e+00,-4.227717303801531656e+00,-3.362614848826160685e+00,-8.603407735906380971e-01,-3.865326704273022163e+00,-4.736658219584799490e+00,-3.518049446628873422e+00,-3.440703268866114328e+00,-8.217940496805232087e+00,1.945136662869880517e+00,-1.363675913177185350e+01,-1.397424567973917231e+00,4.645602864782755193e-01,1.770447065255332930e+01,2.320095718245812400e+00,-2.892628081744188506e+00,6.576249374681033544e+00,-7.026693901459291070e-02,-1.084282921017642209e+01,-6.159859842286310894e+00,-3.270349469380328777e+00,2.210694476701386080e+00,5.908961417472324840e+00,1.186689184097754257e+01,-4.403519407951235198e-01,-2.017721221038794255e+00,-4.026192974136870717e+00,3.915461341592968436e-01,-1.126600246614408274e+00,1.977216944126452702e+01,5.483543210927584788e+00,1.042656468439802087e+00,1.096734512849618426e+00,2.068537464003814552e+00,2.227452917632748886e+00,-1.087112173803412141e+01,-7.529800425405166919e+00,3.473731478740319289e+00,-5.369703706220123607e+00,-1.329555069693677538e+01,-1.209856774961128423e+00,7.467213389062402840e+00,2.109268634174177848e+01,-7.771595033428052801e+00,6.081583502900437033e+00,-3.380907052883624253e+00,-9.682995083407071490e+00,3.059552943226665711e+00,-7.552212263722692498e+00,2.230603581475390396e+00,3.015469912026108368e+00,-4.625936230696804152e+00,-4.622285947464156664e+00,4.891760427988841364e+00,6.048611868143599857e+00,-2.128713780840408631e+00,3.824313883588121854e+00,2.832372548448844007e+00,8.695759314542303997e+00,1.304621521888450264e+00,-2.099063573975325170e+01,1.521430572465327558e+01,-8.202907842988931719e+00,-3.870773045690547143e+00,9.477783363433619712e+00,9.091156127289707456e+00,5.151054583117855579e-01,3.113564660702276221e+00,5.173961572193949365e+00,2.633684888143421166e+00,-1.328244819519980524e+01,-8.486567943595051844e+00,-9.870319294445373259e-01
2.035879558257567279e+00,9.075241425357175373e+00,-5.995316021609886636e-01,3.451913242446825514e+00,2.970407673003964799e+00,-6.444974269434139202e+00,1.183518039946222178e+00,-1.693821272208766615e+01,2.596980387708286209e+00,4.013674363485545626e+00,4.224087262954011379e+00,-1.239814714244679550e+01,2.663098638197877843e+00,-1.340811538075293896e+01,9.318337982595897628e+00,4.171361369916412598e-01,-1.344205517901096103e+00,-8.935725162378661324e+00,1.462609547536902310e+00,4.611760053465222775e+00,2.906481007185681253e+00,4.540495929845898004e+00,3.514850602066259100e+00,-2.161358639340097199e+00,-2.029046673030520775e+00,-1.109064129046570812e+01,2.322787338409731284e+00,4.421015282216872677e+00,-5.424527211992564713e-01,2.031285526084791737e+00,-9.652965002171136621e-01,6.807485213267116642e+00,2.909294751907746779e+00,5.554499640193736321e-01,1.714773607519860743e+00,-1.506423916938950036e+01,3.836216321209036550e+00,-1.020497649674742213e+01,1.350256267965844525e+00,-4.973686688602247052e+00,8.323463765820068971e+00,-5.747213789657168448e-01,-3.205245963303555268e+00,5.353185040279290874e+00,6.408531277463804798e+00,-1.048540097024921636e+01,5.544269611958839050e+00,-4.909409192746112538e-01,2.778558957122303497e-01,2.366224902604826763e+00,1.021147555108802862e+01,3.340757448591031409e+00,2.985865697517787076e+00,7.772697011328344452e-02,6.542633046007558129e+00,-2.352361531809438855e+00,8.890706812509060697e+00,-5.399333992205419541e-01,-3.070174519328828122e+00,2.311104618886452577e-01,5.571968460094019804e+00,3.162705001832530893e-01,-1.231447922604109557e+01,1.069137088290660564e+00,4.108044225192094001e-01,-6.466651001307249791e-02,4.014724370526103314e+00,-4.941254025304656627e-01,1.695478189208587283e+00,1.147384465195708003e+01,2.389321287495019153e+00,1.558981425269711618e+00,-6.653870301757922157e+00,2.898394610784909897e+00,-1.557788364060163300e+00,-9.715373024924577550e+00,-7.656309036019917080e-01,-2.054556185574056837e+00,2.326432581795832011e+00,6.170376118577756586e+00,-4.153743911873481132e+00,-1.876496947755166955e+00,-2.456612856081180407e+00,-7.127959847209242028e-01,-2.311049492791197590e-01,-5.042235015598897085e-01,2.155335209219747306e+00,-1.186620320481900848e+01,-2.062337955840650494e+00,-2.779598463311799605e+00,-7.830252392338467038e-01,-2.936416891137771934e+00,-3.097374656870409915e+00,-1.436568187783309636e+00,-1.667926738220923744e+00,1.180028283326390870e+00,-1.442300070835486503e+00,-7.132099378572307913e+00,-1.892620926250348035e+01,-4.048863174108712215e+00
-7.338353687497794375e+00,-3.724109983067831919e+00,2.434695002135318642e+00,-2.808881092605030272e+00,-3.761396371320209209e+00,2.456691468260367106e+00,-4.119373325266996844e+00,4.136792711551833257e-01,2.413441859805380396e+00,-4.510803501496418733e-02,-3.018384099872411408e+00,-3.491065354940047882e+00,-5.846181620949227664e+00,-4.102409309278910676e+00,-8.654569194216229278e+00,1.913335310789842758e+00,8.240657448668500251e-01,-4.302412741567711585e+00,-9.969109248748637242e+00,2.950117587622576032e+00,-2.531240337919962169e+00,-2.177121748024279491e+00,-7.808593681696448741e+00,-5.409682569652574990e+00,-3.273213156591403994e+00,8.270310597363400573e-01,-1.003513535962900249e+01,-3.045508601074842225e+00,-3.987718424520094285e+00,1.901822488719212556e-02,-1.263530217990231908e+00,-3.786526387943696559e+00,-4.182435164984164899e+00,-3.631070166627399676e+00,7.499716112004617408e-03,9.633589225790126775e-01,-5.401048903288633296e-01,-5.408165226541306936e+00,-5.042258820845698430e+00,7.643673552453060793e-01,1.917568743059328451e+00,-2.479861812012180700e+00,-1.330367577742862517e+00,-2.045101204968503339e+00,-2.926450828215002353e+00,-6.595067277560424657e+00,-5.720473624611338792e+00,-8.680525728891021586e+00,1.056567605069961502e+00,-2.912312338209985807e+00,-4.341818240415731722e+00,-1.048278100351367925e+00,3.008549381654496369e+00,-4.624883256460989855e-01,-7.374216394386404971e+00,1.132692967551345742e+00,-8.426238139635213287e+00,-5.360905360148615628e-02,-3.721672507068449320e+00,-1.771070654425445312e+00,-7.935913712418040333e+00,-5.226030739210879794e+00,4.990856372239452776e-01,-4.733359459366469402e+00,-7.648189000874551446e+00,-4.581093729389922764e+00,-3.019677571751758105e+00,2.504672201739066129e+00,-4.896454390588029781e+00,-5.887738097672537307e+00,-3.831383872125460055e+00,-7.561425665757123937e+00,-1.351905112156686073e+00,-7.247126037165174672e-01,-1.768875491360039298e+00,-5.417934554735048813e+00,4.111023869113801688e+00,-2.719225525933188781e+00,-3.914385120999777534e+00,-3.894368284565000504e+00,4.727961418690771467e-01,-3.029552429156509685e+00,-2.472033561018172954e+00,-5.635171625035554577e+00,-4.267641337259430401e+00,1.086807715279488606e+00,3.458255625298298774e+00,-3.673331899455905436e+00,3.479531564590650827e+00,-2.349694078667985409e+00,-3.829190665037876862e+00,2.127892547876050866e+00,-6.993986723738330191e+00,-5.127958406958621040e+00,-5.397129071920228061e-01,-4.079042758315639894e+00,-3.869793590492923929e+00,-1.894533334240126266e+00,6.022431693434847411e+00,-8.049328392917788122e+00
1.772723210279663952e+00,1.402761212968832538e+01,-5.801605112859840929e+00,2.587459647198501855e+00,-1.783409068097168415e+01,1.925971303078393504e+01,-1.281728957880437392e+00,-1.797201475532965986e+01,1.664292774369594774e+00,-1.249465155233265889e+01,3.943514354918655762e+00,-8.981671168857417342e+00,2.387811107492785467e+00,-2.322938787366611280e+01,1.099877727786621051e+01,2.552973709249394929e+00,-6.245714453083559548e-01,-3.226698725670984658e+01,2.839456583273885393e+00,7.269824390039517858e+00,-8.154702650465801561e-01,9.449116914465238715e-01,-2.536974332576697577e+00,-9.102708814476663690e+00,1.516946760283720330e+00,-3.261955992015356287e+01,-7.835303524224668248e-01,-4.160533920142297504e-01,-2.112247519896435222e-01,-1.084808501480235332e+00,5.583419685556345602e-02,-4.530791220885844517e+00,-2.067041517187148791e+00,-6.565157257301443394e+00,8.727836120411713861e-01,-7.403143541040253517e-01,1.154785714376838079e+00,-1.509942950923739957e+01,-4.413113910085764147e-02,-3.056578815727693410e+00,1.856031954042567378e+01,-2.812853495375790658e+00,-5.362895889276990680e-01,4.123559497582626854e+00,-8.062925610669946508e+00,-1.748145635198823911e+01,-1.371386514459031503e+01,-7.113883546778184908e+00,1.237505685894294327e+00,4.706917319939133648e+00,2.002329221743699605e+01,3.427216877661425798e+00,1.423029271502030291e+00,-5.783442565924778123e+00,-1.124110688853424023e+00,8.605682551761439925e-01,1.439513309675489694e+01,-3.811436983018452462e+00,-2.429875853853460832e+00,-6.153860074554859949e+00,-1.331735451183547303e+00,-2.568948867355471677e+00,-2.231156454282232460e+01,-1.245288897315001186e+01,2.256917957841153122e+00,-3.585533507800446884e+00,-1.462546932645411601e+01,-2.258157491578188569e+00,4.407962287385744027e+00,1.841461307270568781e+01,-4.741463933502154671e-01,-4.573927267619499304e+00,1.861419533648731139e+00,8.692802240190569130e-01,-3.506428921735708304e+00,-1.620807753351270364e+01,1.029505516512686736e+00,9.249771937666135813e+00,-4.027402442134115468e+00,-2.279490279552994103e+00,1.138698105846091480e+01,1.172456131077210806e+00,-1.196700394541227830e+01,-2.527418983533712193e+00,-2.617548665998424617e+00,1.399630752532253908e+01,3.611600429364547615e-01,-2.121782254582334559e+01,1.156782254650336839e+01,1.708896041525052034e+00,2.474475682339513760e+00,1.423390050503112647e+01,1.371410483346806686e+01,-3.301987700597781572e+00,2.948402305992119832e+00,1.878228970229379513e+01,1.110696148694334529e+00,-1.505404033720350476e+01,-1.530970899723796919e+01,-5.901904232920704430e-02
1.737038224219942029e+00,1.529466879897221965e+00,1.526995645420437642e+00,-4.596062257446013710e+00,-4.252448841907089161e+00,8.434708896613742013e+00,5.779063241343653345e+00,5.416822580150497224e+00,8.475178478661073989e-01,-7.084445265663711133e+00,-1.017201158380837001e+01,-4.189309331783337420e+00,-8.956013153739149635e-01,-8.615551682116173282e+00,-1.585969384624009493e+00,1.167715332828664909e-01,-3.991463653241924980e+00,-9.776991643169516522e+00,-1.201920998571009847e+01,-2.589164850213142355e+00,-1.238009502167554121e+00,-9.376276448012942355e-01,5.705810090816226809e-01,-4.843206740706473390e+00,-2.079695115863353649e+00,-9.782919525419695006e+00,-9.143947954617640761e+00,2.794346926824987420e+00,2.558198820055574529e+00,2.758978480313277526e+00,-2.494885915102816654e+00,2.360502019104064875e+00,1.209881766667612935e+00,3.017130991469341605e+00,-9.773794966229446546e-01,-9.192246532288429250e+00,1.158684637287888286e+00,-6.353824989581376315e+00,-1.097834539811436416e+00,8.776120851516903798e+00,1.519037278739319419e+01,5.399803991921648283e+00,1.358636798398741297e-01,-3.952951049990385268e-01,-1.673633717075783789e+00,-2.970543548797049738e+00,-1.405560864625977624e+00,-2.087537206937847056e+00,8.713644799090296544e+00,1.230796622802839968e-01,6.179022194337362883e+00,3.175124304660787988e-01,1.486743552001045798e-01,3.009527617264088128e+00,-1.237937903828765229e-01,4.940776839228133710e-02,7.274693158086870781e+00,6.462293036840411453e+00,9.949314601733092456e-01,1.932004482319105154e+00,-3.625288046855199564e+00,-1.055368073876966051e+01,-1.517318884732350437e+00,-2.198900008708101428e+00,3.639719168337646416e+00,-4.595943460392206248e+00,-1.115465661032924105e+00,7.855742764122138233e+00,-3.876317947390295338e-02,5.349736804151061342e+00,2.906517942323347370e+00,5.829172790957709571e-01,1.166588127644054751e+01,1.046928547460031922e+01,9.000297540313901834e+00,-2.470588083475290464e+00,1.019741470719164589e+01,2.637635834009884661e+00,-2.256783122723277302e+00,1.833144419473885067e+00,9.675091202537526414e+00,8.213580733927374311e+00,1.007534802001972096e+00,-8.528185463491521290e+00,-2.400857282739485843e+00,4.301557937203320137e+00,1.280413707588428096e+00,-4.750817496665759698e+00,1.526496040261336873e+01,2.022503190704889597e+00,-3.155483084699250984e-01,6.870723715354902339e+00,1.687951711658701281e+00,2.615213111318912098e+00,2.495593301163248512e+00,-1.256671351005654458e+01,-4.038038705767847958e+00,-4.527591434356915912e+00,1.016498066680222401e+01,5.807876773735119735e-02
4.363159843069722044e+00,3.606221214031222644e+00,5.190521807134766519e+00,-1.591035797807914598e+00,9.355645624575197772e+00,-3.848364600926244883e+00,-5.570669736460759580e+00,-7.905809339965829352e+00,3.811825184149093104e+00,1.839121818233131922e+00,2.796261355078126343e+00,-6.067569231770988836e+00,-5.049582043256394925e+00,-1.045512376242049335e+01,1.127239775515224451e+01,4.256749825499079876e+00,5.139817175408746053e+00,-9.440832845772762383e+00,-1.707411378409075420e+00,6.983968392914723822e+00,-1.158089379489378734e+00,1.383145104601320785e+00,-1.461408406578076802e+00,-1.059059595082479266e+00,-1.257559603965603401e-01,5.016154758636304223e-02,-1.897479409928759519e+00,1.426231985177509820e+00,6.479014057879480815e-01,-4.307669257251144357e-01,4.247190271126607186e+00,5.330892856284284775e+00,7.529806353464846502e+00,6.537493864243519859e-01,8.643843773495447635e+00,-1.154509024110899240e+01,3.963079309744043321e+00,-3.974114413182004313e+00,7.986190554178576484e+00,4.425873440730530461e+00,1.452612256072215668e+00,-5.107038197100862043e+00,-2.416056462773111591e+00,-2.072753800897464860e+00,2.251725034948971249e+00,-3.725705981075067452e+00,1.928875244663384558e+00,4.015797120948013443e+00,-1.672762688956517474e+00,-1.961993350683111981e+00,1.580553595777829123e+01,-1.094467909933304617e-01,5.637578661623971144e+00,4.526011324177728667e+00,-3.610350795442830441e-01,-5.520234307682854169e-01,7.012331498977590449e+00,7.211321846111871992e+00,-5.383637259232342265e-01,1.549297513811062732e+00,-1.392195175254268058e+00,5.818739967600839336e+00,-7.901877336906645510e+00,4.871517788043151498e+00,2.076862390541076575e-01,1.800417413805097899e+00,1.132816036370260981e+01,4.415588499174349479e+00,-2.685684585795613533e+00,5.674608374642593489e+00,5.609272731997518413e+00,-2.251741153284026797e+00,7.228601543132778140e+00,3.859179156539525479e+00,-5.938900919261123512e+00,-4.130729601401297302e+00,-2.934717494472288912e+00,-2.795332807898153860e+00,9.734429520886019205e+00,3.771054680205278231e+00,-1.309750157236643897e+00,4.066928283138005362e+00,-9.668417711327714770e-01,2.334106684971758661e+00,-3.290015329618696249e-01,9.368414120636185949e-01,-5.972099424026257042e-01,3.472926014577812914e-01,-3.121697867332843490e+00,7.158322925355410149e+00,6.003069880675726111e+00,2.330099887250794310e+00,-5.746134090135729622e+00,9.074127614099847250e-01,-2.103625139706090330e+00,1.287745997645749929e+00,-4.513549807470020880e-01,-3.713608487386557577e+00,-1.249228299389208274e+01,-7.742766494767876040e+00
-6.614740654763666683e+00,1.180943284445979735e+01,-1.120274638100115183e+00,-8.788225117655111163e+00,-1.895086799036627134e+00,-8.484081223032706731e+00,-3.326443901215316856e+00,-2.126786193156100424e+01,-5.472788052643088541e+00,1.279305430357136952e+00,-8.652145711839221320e+00,-1.687895743910496194e+01,-6.694277480993269691e+00,-1.732820829243460636e+01,1.367749066272049419e+01,-2.679591638962666167e+00,-5.753432343810892746e+00,-1.845423691611757278e+01,2.902470607736425734e+00,-1.017671264434750711e+01,-6.766178297621198823e+00,-9.492718193838145524e+00,-4.613217676921766319e+00,2.996433757486750338e+00,-2.255567065053168285e+00,-1.414879126757891115e+01,-4.232211195280036087e+00,-8.068063021508452337e+00,-8.515502131610233505e+00,-1.954895369379533232e+00,-4.913309009344863476e+00,-1.265600298802728396e+01,-7.015378190087488974e+00,-9.376259304518086424e+00,-6.593409847788187506e+00,-3.031320984981086042e+01,-6.872253888692259949e+00,-3.095168850904287439e+01,4.294807303910426199e-01,-2.137673170134675171e+00,1.787387622957959366e+01,-2.897317946074540185e+00,-2.165659308070932099e+00,-3.520644645990016475e+00,1.563412537887309384e+00,-2.592611111908979993e+01,2.526870650538991292e+00,-8.685441660889892113e-01,1.179488382444138506e-01,-4.694769883761665596e+00,4.383402156936619498e+00,-4.091010776299685681e+00,-5.911148096389799989e+00,-7.004651007693485809e+00,-6.779212505419440760e-02,-3.355038190613549354e+00,2.020435163764949493e+01,-4.273576153171865677e+00,-7.604647682057981584e+00,-7.178588923263222732e-01,2.414806396058475357e-01,-5.504781567534458908e+00,-2.109290457469582236e+01,-1.360504025125226502e+00,-2.074528007306148392e-01,-6.333000752313095560e+00,-1.490439262182289504e+00,-5.655373052042667048e-01,2.898865211954926302e-01,1.039788394777851011e+01,-9.222749943318346411e+00,3.660291297198726035e+00,-1.849438365760218028e+00,-7.289942342304939871e+00,-2.772625908774059234e+00,-2.193899763883088383e+01,-3.280326703237951946e+00,-3.556833421388295058e+00,-7.470443609191563361e+00,-5.756367191157416130e+00,-5.233024300975681165e+00,-7.454679697648991521e-02,4.400755122457415958e+00,-8.427685413516734059e+00,1.565207889062387281e+00,-6.875267710258549769e+00,-7.328241816303053824e+00,-2.948320949960703530e+01,-4.775193874023296203e+00,-8.514674227778439075e+00,-7.346843845787834226e+00,-9.515891080334965224e+00,-2.920794306411163554e-01,-4.742721689505668081e+00,-9.023230899100682656e-01,-1.501578653252069095e+01,-3.246602494481257928e+00,-2.247983836208447173e+01,-2.037430749630403426e+01,-1.722586465762033781e+00
4.906690403812485890e-01,5.758771921788737203e+00,6.881544885978878590e-01,-2.814306598478953703e+00,7.195246882681503031e-01,1.097352607219468368e+01,-5.740892113216271575e-01,4.273056984431330640e+00,-1.525330077694837971e+00,-2.126368328687516795e-01,-1.195858281016344549e+01,-1.118929658308216979e+01,6.233517778573167689e+00,-1.399515700588499101e+01,7.350017489983400765e+00,-5.018580561270299611e+00,-8.102513754270399549e-01,-8.239397229415500234e+00,-1.358064213362310468e+01,-2.028900983663150193e+00,2.335762898374158070e+00,6.255033587794632810e-01,-1.972787761565072406e+00,1.120418754929609406e+00,-4.922885915187504402e+00,-8.711366989576047715e+00,-1.868768399948259074e+01,-4.391227413155126769e+00,1.470123558454143886e-01,-1.646698275040592296e+00,-1.979393845077349390e+00,-3.795308812206763083e+00,-6.479142051971788163e+00,-4.663031954870454854e+00,-2.168484602499646474e+00,-1.014577607671060022e+01,4.513877179447827181e+00,-1.147583960748005794e+01,-2.434249418988802205e+00,1.553532064021346315e+01,1.552445165596851773e+01,1.309603738395058059e+00,-9.211164080898008866e-01,-1.491787546451981195e+00,8.387128469594696822e-01,-5.043869186458439735e+00,-1.820878571424974446e+00,-1.601783086516499477e-01,9.200053750332020996e+00,-3.313842511679486069e+00,7.061767640143665759e+00,7.893427967557858915e-02,2.191824132969400818e+00,1.457719961138426257e+01,-1.825771783167588147e+00,8.201786530709480605e-01,7.383857909712281398e+00,1.615925759844396126e+01,-1.138365714826297115e+00,-1.858542384762776667e+00,-6.879052394277741511e-01,-1.546650359904330330e+01,-1.399958099468261352e+01,1.776812548571878203e+00,-6.718063791742270308e-01,-3.448788714926345644e+00,4.363916296207293044e-01,1.050058349471976626e+01,-2.800175194563939929e+00,1.084646891537282087e+01,-5.893801026063809623e-01,-2.309628755225083374e+00,1.171973011256615216e+01,9.933615928415489904e+00,8.696848209666450558e+00,-8.830993586782007299e+00,1.259406285350188170e+01,2.400829728260509555e+00,-5.016025420747453722e+00,-1.659841995508310353e+00,1.205686925289778877e+01,8.906212372533353516e+00,2.649354685024178480e+00,-1.091582400216390347e+01,4.674896052261272583e-01,3.362794144300373933e+00,-3.433821600991064038e+00,-8.603228550878572634e+00,1.211574757439118599e+01,-1.214467363326123373e+00,-6.700182398609255685e-01,-2.647140832484305761e+00,-1.653725326011077135e+00,1.472900442259350573e-02,-2.339675614125556802e+00,-1.690430128098378404e+01,2.033995155740723204e-01,-8.370561354338171611e+00,-2.327927732568814356e+00,-1.785474525068305729e+00
1.030688990577344866e+00,-3.962147233495604048e+00,-5.660563912103743434e+00,-5.187029021691273556e+00,-3.201605593481668066e+00,1.935066864929970709e+00,2.982547145374113029e+00,1.251131024801957459e+01,-1.212834123751396209e+00,-3.673957357064384421e+00,5.188596178879711474e+00,1.039439521536522193e+01,4.491489570549699550e+00,1.178491853608189999e+01,-8.469071139908594503e+00,-2.093072822633815999e+00,-2.228220627636133599e+00,2.072909308762783454e+00,-1.351540441312884422e+00,-3.188280873077730782e+00,6.539716489622102280e+00,1.761847726635225930e+00,1.775523232018909381e+00,-7.542316087995223128e+00,-3.220377068200331649e+00,1.029249618774939812e+00,-1.430927752196471836e+00,8.248683428760456238e+00,4.917709972952440722e+00,-3.800480912650927579e+00,-5.052893511307709140e+00,-4.254626070752609568e-01,-3.109445056716520828e+00,-1.427463099132877611e+00,-1.493814419066342714e+00,1.105484534342001091e+01,-3.758065461305177379e+00,1.124432854596433806e+01,-9.444796992230877208e-01,-1.768656570938619943e+00,-4.429183072166051005e+00,4.200426593989086577e+00,1.492865043486572452e+00,-2.965567046151884600e+00,2.098241654100609477e+00,1.031499533739025587e+01,-8.671776706928584488e+00,-4.557356541571857100e+00,2.013128024474229449e-01,1.321739159884780523e-01,-1.237416152688184567e+01,-5.188233884686134445e+00,-4.223348194497022590e+00,8.531323760229735376e-01,-1.735302551236718394e+00,1.866828568977476621e+00,-5.336527116184394792e+00,-1.283809557187820527e+00,-7.786874222739290641e-01,-3.384615578551183113e+00,1.875468818256625259e+00,-3.015162064428538180e+00,5.845781455895251888e+00,-2.930197765739105176e+00,1.168775226194344707e+00,2.962439379190177746e+00,-5.998758181450407179e+00,4.186111596803826496e-01,6.672502130144726262e-01,-7.161344670485817687e+00,5.139916365976398893e+00,3.044539646100796304e+00,1.909612938554954509e+00,-2.174641643698947746e+00,3.661772934611990937e-01,8.504808823915647409e+00,4.676706272728157643e+00,3.285347141031853546e+00,-1.233066497444795573e+00,-3.571131819520570794e+00,-1.302441068218846976e+00,-3.357995458014522150e+00,-5.223464720967045949e-01,-5.554434968856083454e-01,-3.573386633097536791e+00,8.092212489707648615e-01,-2.219108537616731880e+00,6.468609997190792882e+00,7.879178064921255498e+00,1.339009496352634887e+00,1.974480854402910435e+00,2.620055974969343282e+00,1.233215497783969994e+00,-2.761461534501414850e+00,-9.300442326612708976e-01,8.276994029916933115e-01,-1.722989571860398250e-01,7.586757968932730023e+00,1.122252063408130240e+01,3.048897417164300627e+00
2.324873773182001280e-01,8.124954763396635471e+00,-1.811925416080609974e+00,2.863842628505625765e+00,1.265699828210852029e+00,1.105422440252450816e-01,-1.299727842504602826e+00,-5.886207400741502838e+00,1.961570171946550811e+00,2.514655074921077205e+00,1.541944005474508828e+00,-7.884907662742699941e+00,2.095538623787310151e+00,-1.068892379833476625e+01,5.854538399973360896e+00,-1.740272004728867339e+00,2.110078036889761588e+00,-6.670495589921535462e+00,1.713118257518798426e+00,-1.371133281121775793e+00,1.034992924631262801e+00,-2.711720678375771687e+00,5.179108693713009304e-01,-3.351968884298886842e+00,-3.667699017270821926e+00,-9.510893174506064085e+00,2.453006033650973805e+00,3.886092697630383341e-01,4.608653604984818131e-01,2.522978609856521004e-01,-6.000033444580058495e-01,1.728852993457415277e+00,-1.361641724336659198e+00,2.071283914052728381e+00,-2.407308855227078936e+00,-7.724263734738977760e+00,-2.029930898722028587e+00,-1.363723026531912019e+01,-4.986776811689869859e+00,-5.466649722061399430e+00,1.095720098633876027e+01,6.192405948220652157e+00,6.365464072341466384e+00,1.522471028259358983e+00,1.739979658327058365e+00,-9.616009161726481125e+00,-2.662698843067096810e+00,6.976837601245557963e-01,7.064672143415060557e-01,-4.506407832441931660e+00,9.336094342134172663e+00,4.293692888669720098e-01,-1.079697991038954363e+00,9.805276687505072308e-01,-4.631468614136622364e+00,-4.697539901377854932e+00,5.508622814881380947e+00,-1.660386910196542498e+00,8.892308325195155128e-01,3.276849061678720698e+00,-3.033838368580741296e+00,6.424260719537064901e-01,-1.158254276415703998e+01,6.294034305712036259e-01,5.730141590380617433e-01,3.123467083532478927e+00,-3.022065061460514457e+00,-1.986588597838442993e+00,1.478428342896113801e+00,1.284718515746238054e+01,7.340573140377482098e-01,-1.418858927481751353e+00,2.366057779123593718e+00,-2.158592966531570845e+00,-2.685191366826231718e-01,-1.061015470146552531e+01,-1.147211291870891436e+00,2.542330510359003259e-01,-5.254180121850840379e+00,-6.355624601535143636e-01,-4.668015593480741465e+00,-2.401384055195252110e+00,2.439594506546178820e+00,-2.018076817449200533e+00,-6.960729583400476983e+00,-1.660735732722862901e+00,-2.157413606805667072e+00,-6.347072114590379677e+00,-5.344813308574983823e-01,5.271259419199335605e-01,1.246629271142669415e+00,1.232266339095450025e+00,-5.037838200463462535e+00,-1.324564882684694744e+00,4.755665352915854349e+00,-3.469845415574299707e-01,3.357904567626889270e-01,-1.172076409020607457e+01,-1.003692924972378897e+01,-1.830775277124964351e+00
-7.206050012041769648e+00,-1.179341331592700826e+01,-8.624849134479976698e+00,-4.589694056368328390e+00,-5.857633353730579806e+00,-1.642233696298357870e+01,7.493158431944881848e-01,-1.290322513121376247e+00,-9.105487298725548628e-01,-4.453634666669969988e+00,4.068808213713920097e+00,6.481824839359246582e+00,-7.399048995541189555e+00,3.752345210456637936e+00,-1.504826049436197621e+01,-2.284476330686622259e+00,9.765051567049580772e-01,1.117847338517165312e+01,5.042137909942079332e+00,-3.853556038311277909e+00,-7.260188800799279862e-01,-5.296437045983657832e+00,-8.153275329418152584e-01,-2.503027810247336671e+00,-5.823119133195198138e+00,8.895876688800765208e+00,4.111424342642993501e+00,-1.160705166577308267e-01,-4.720458962103981193e+00,-2.937016376861523170e+00,-6.566318579358333629e+00,-6.320507483977849006e+00,-8.375050240907540910e+00,-6.034826628869001119e+00,-4.154940812391600069e+00,8.186466148469076387e+00,-5.669774785960501884e-01,7.521682471973852202e+00,-2.770177541029075763e-01,-1.569252966971719943e+01,-1.610158524297725435e+01,-4.330056865146429068e+00,-2.847659317720902639e+00,-2.476694811240398586e-01,-3.101812709746461838e+00,8.554594451113864295e+00,5.629355236698054821e-01,-2.537177298716714269e+00,-1.181269693076216143e+01,-3.202817874940152354e+00,-1.535394554019521962e+01,-2.126734482723659614e+00,7.623780914007001197e-01,-9.788435151838426052e+00,-5.340654330023501650e+00,-9.970349759816647506e+00,-1.471537010402405521e+01,-1.115439388434807810e+01,-2.044195694337846980e+00,-5.326052858482880126e+00,-3.576952294058826531e+00,2.184355702580803360e+00,7.297076696534712248e+00,1.866157550908654095e+00,-1.361720680090996671e+00,-1.486061286520787172e+00,-2.169408679046387789e+00,-1.456050059096998339e+01,1.607849796608066928e+00,-1.673076748106246825e+01,-6.515870798682406928e+00,-1.488878851398883096e+00,-1.384766553407940393e+01,-1.184592162324565834e+01,-1.118818234644937704e+01,5.304161700307020944e+00,-1.211778599973771620e+01,-2.484807234587690594e+00,-9.511357131744183846e+00,-3.182958750482284049e+00,-9.165878507682933218e+00,-9.806150128485244366e+00,-1.046564069747629500e+00,4.869826018324967087e+00,-4.659651981459247416e+00,-7.414047086164116784e+00,-2.191572207400605876e+00,7.458039873392952046e+00,-7.671336283764514263e+00,-5.312379670902683593e+00,-7.112060713476427765e+00,-1.153087670831261136e+01,-5.027249568526639401e+00,-6.811346609964448184e+00,-1.061396074999290340e+00,2.035234972696175593e+00,-6.658023733188597193e-01,8.249812926176826267e+00,-3.657519401840607642e-01,-1.001368708803330065e+00
1.125419557680481519e-01,-1.322678411276320887e+01,-6.627845630214584283e+00,-5.901959710738465148e+00,6.757185304690879413e+00,-3.244522945945102599e+00,-3.957097371225382521e+00,1.669166951786976583e+01,-7.004603776724500186e+00,-2.135745888640826706e+00,-1.111028302399419054e+01,1.038713124467516558e+01,-1.152463202434840284e+01,8.524536184188457710e+00,-1.335247100795685427e+01,-4.789829551367900784e+00,-2.388164169082992672e+00,1.526402950729050012e+01,-1.193234301019861832e+01,2.589258246584618561e+00,-1.936720753766125513e+00,-5.870744853923666184e-01,-4.536117217015406489e+00,3.666834163188124052e+00,-7.282179594267656597e+00,1.593976941986240803e+01,-8.198724812132484274e+00,-1.898650430490693708e-01,-2.420094379897918646e+00,-7.531759403227070493e+00,-3.303184940250127433e+00,-1.396499437381894193e+00,5.415121336144236963e+00,-2.635106363112027505e+00,4.671678028836135366e-01,4.636107569373919546e+00,-7.075231078065749024e-01,1.021918080408895513e+01,-4.488983293688413312e+00,5.515643730096437380e+00,-7.560513436518972341e+00,-5.068868135860249424e+00,-3.284172210044251194e+00,-2.360772985697484838e+00,-2.244179278177764303e+00,1.011080692894417510e+01,1.955164040627757949e+00,8.037408903545381733e+00,2.506978689065134880e+00,-2.764084550192784651e+00,-2.082784749713640693e+01,6.544584923188290215e-02,-4.457401092637656603e+00,3.535889465805132303e+00,-3.968043772161953697e+00,6.079116238496806712e-02,-1.678484085462110187e+01,5.864904390004055834e+00,-1.044982198994569789e+00,-2.637582110867114693e+00,-1.052298130021996414e+01,-1.239154022364199825e+01,5.611615610465793935e+00,7.838362370058205464e+00,-6.269936289617866088e+00,-3.480171404182308414e+00,-7.767702261875397696e-01,6.038969843333049425e+00,-9.646606173605487555e-01,-1.588111962868261173e+01,8.241605204764934633e-01,-6.621072465797620765e+00,6.699659083596818832e+00,6.640656095691191751e+00,8.838270725407024742e-01,3.818375051117154584e+00,2.875197638635929920e+00,-7.656799338071673233e+00,-2.613226032994411252e-01,-1.030045106491707507e+01,-3.405966759415959833e-01,7.726733030636824928e+00,7.417527169785635976e-01,-7.232976764688782367e+00,-8.972552945232399324e+00,-1.081105957197609158e+01,-4.303736086928084958e+00,9.806659342617418673e+00,-1.415698151739121613e+00,-1.062760295950899714e+00,-4.950115949915334213e+00,-1.071171738206426483e+01,-1.388305465656057258e+01,-5.213455703373814032e+00,-1.197264781259964295e+01,-2.236336618016142097e+01,-4.533199817460725534e+00,1.217675377888684451e+01,1.689946978356583074e+01,-6.663830372006835923e+00
2.481541456246655120e+00,1.015676880758883094e+01,2.532871332567518508e+00,-4.752763325740727574e+00,-4.089022965845760638e+00,-2.554764123051922020e+00,-4.701847818213289898e+00,-1.629772985560804699e+01,-5.651959742671703868e-01,-9.726913223725329516e+00,4.478043268787448739e+00,-7.598678696596032900e+00,-5.405312873322813516e+00,-1.219395279247329356e+01,1.237206148213965662e+01,-8.087006682241215660e-02,-1.832054868656760593e-01,-1.417572150248185991e+01,7.455673185378177692e+00,-6.711435071059063340e+00,-9.175057797187367026e-01,-1.002623773724760525e+00,5.062243521056098317e+00,-9.528093120079851985e+00,4.992648621401448494e+00,-1.575936346719799985e+01,1.201466706365472703e+01,1.966268121431609117e+00,-5.658641015105234651e-01,4.831355900282913396e+00,3.425618656442428467e+00,-5.693088488986417062e+00,-9.578352971983156161e-01,-2.638561643619520947e+00,-1.108696810970427604e+00,-5.126955723193885817e+00,-1.558156778120243446e+00,-1.117404168773280304e+01,1.883808010449256720e+00,-5.356088879221356791e+00,5.627879655506208501e+00,6.903569333346342596e+00,-1.752833069009331446e+00,3.368770976568702391e-02,-9.332677396462926822e+00,-1.404280959383510918e+01,-2.198544776976023574e+00,-4.782779680643284514e+00,-7.365536651555792957e+00,-2.919368759773104394e+00,8.771847585213489396e+00,5.874636000806271463e-02,3.614095936931654762e+00,-8.020973469119866195e+00,1.122929666349335776e+00,-6.489004433507827407e+00,7.505594256849985157e+00,-5.920281366239480647e+00,-2.969848265345749638e+00,9.888742792216196342e-01,2.020534550742620450e+00,1.132058497035461464e+01,-1.368706579074455476e+01,-6.849308715411360104e+00,4.587799982326547621e+00,-2.466848742864235611e+00,-9.060044791784452656e+00,-3.985278745868738426e+00,3.590488292441428309e-01,9.565096639963266867e+00,-3.618654948532280979e+00,6.753093794986336995e+00,-9.143668566580956281e+00,-3.998247434126592115e+00,-6.368159447087812453e+00,-1.355990117181424282e+01,-9.581157860748559685e+00,4.440826593619521923e+00,6.570601804724348627e-01,-5.836119900367044977e+00,5.243227521866105079e-01,8.552824434495089889e-01,-9.282023487346611645e+00,1.215246694210693335e+01,-7.449810376898282627e-01,2.403244735692643186e+00,5.203137098501086300e+00,-1.115601370289963867e+01,-5.401054853298090208e+00,5.407539289969864882e-02,-3.010306238372256971e+00,6.368858901167024023e+00,8.136448290098224234e+00,3.144629521725549992e+00,-6.449277815608598363e-01,1.292004658705488040e+01,4.112408444076494085e+00,-9.200380258374094566e+00,-1.786463494794983475e+01,4.326479251641454304e+00
3.819597337347989896e+00,2.059791857182280417e+00,7.790125946986129257e+00,2.194446404370686832e+00,5.319491372916884231e+00,1.018681057036245896e+00,6.497651478852576545e+00,7.516631072306521943e+00,3.507293009473426704e+00,8.295267796949719497e+00,3.993427842191723087e+00,7.595446376095090990e+00,6.449939008298815502e+00,1.356112172097034385e+00,5.060205564575095849e+00,5.151890694384761993e+00,6.403287454705491655e+00,7.666265201133014351e+00,5.632651868835615083e+00,3.401666988691202320e+00,6.297930732401407994e+00,3.162133631593175842e+00,2.904818897782862841e+00,8.282150761946049045e+00,5.959384747440024555e+00,1.029504555239608088e+01,8.049301250513561712e+00,3.286053787364150214e+00,-3.112426465815392174e-01,1.108217039074626342e+01,8.746689189812382637e+00,7.137899763880685811e+00,2.648533040668956673e+00,7.901719290559186426e+00,4.581270949915221991e+00,2.123622477659655949e+00,2.782393127612652783e+00,3.999848977880873679e+00,2.817592200676945158e+00,6.742395477267860038e+00,6.262019357230861338e-01,1.036178077005723175e+00,2.276465154698018800e+00,5.497206898355753157e-01,5.734373023848023720e+00,1.524468834850912780e+00,8.662301193704172064e+00,1.178010024044717952e+01,2.076544452651792216e+00,6.614937305758200381e+00,5.679156728287444444e+00,5.622732706484404375e+00,4.501100749876699503e+00,6.142534460421186004e+00,7.802339078098759373e+00,1.618719411641764916e+00,2.760495821911636227e+00,4.368762021545853358e+00,2.954740844299274194e+00,6.696452616909601474e+00,4.376039345417987114e+00,9.690204546660865503e+00,1.445794353337849358e+01,5.873923269495449517e+00,5.985908539230870851e+00,3.543167889951833072e+00,8.218512723666368203e+00,5.889538811954707853e+00,5.977085683586575549e+00,2.098751161386880337e+00,1.025532424507692442e+00,-1.757519065180088047e+00,3.220857251237848828e+00,7.786803349553026443e+00,6.349751630450962026e+00,2.077176620545374774e+00,2.139323035550184660e+00,-2.335335778193470269e-01,1.015076115773649335e+01,5.993814849532066447e+00,-2.517774755548630949e+00,7.887106423784196352e+00,9.679366268936405504e+00,4.245131047522056278e+00,3.868446527083803765e+00,-2.146501999706687869e+00,5.355601409751517217e+00,7.664149166779747446e+00,1.887257813601623369e+00,5.023252419454615314e+00,3.563572016725826241e+00,1.664099476981921732e+00,1.000695594019330503e+00,5.078183406316333581e+00,7.398599869259228967e+00,5.879535107786826309e+00,3.227377545900112388e+00,8.072390201615093019e+00,4.080903979708812024e+00,-2.802907049189292454e+00
-2.543658668449083837e+00,-4.233597713719168709e+00,-2.649289934464349017e+00,1.412792521275745838e-01,1.371757479016116932e+01,4.479820989569911482e+00,-9.496914648511505241e-01,-4.069477839305541522e+00,-2.178027345071487986e+00,8.122019064020968848e-01,-1.901194247023778150e+00,-1.856720134856320037e+00,-2.709787644812864826e+00,-2.698789661214906932e+00,-1.010874906847873955e-01,2.962114336671985537e+00,-3.879916623031260947e-01,-2.748582392485773518e+00,-1.455461249077950825e+00,2.210184333708369309e+00,-5.323685111958369909e+00,5.796446041513923397e+00,-2.910904316916418377e+00,-4.847401265326998221e+00,3.991017780148499838e+00,6.466294842668768084e+00,-1.416402481679744252e+00,-1.084035180715059443e-02,-2.601266579113171051e+00,2.201838952698798035e-01,1.261753585758768503e+00,3.852269266973993300e+00,-2.525683703273315039e+00,1.332348797294066856e+00,5.273639303937892819e+00,1.474177923878602581e+00,1.403829140527634411e+00,-1.858241112986465104e-01,-9.049174025524115983e-01,9.448685491022960292e+00,-2.222073093020568102e+00,-1.320658796603217056e+01,-5.825025683446465763e+00,-7.408303748608227046e+00,-2.909341937286911151e+00,-6.721320407465558588e-02,-1.451448877380074887e-01,1.125590340836660541e+00,2.519434789207187553e+00,-3.014110869173979967e+00,-9.403970712866831505e-01,2.627063155338676737e+00,4.493897120303169679e-02,8.242085593110038744e+00,-1.488085017103829344e+00,-5.512340036454347114e+00,-6.821317416801118583e+00,2.589422494301948596e+00,-1.455725781406066011e+00,-1.425541285687859538e+00,-4.281011341175385176e+00,-2.215726984575987490e-01,-1.230833678046478141e+00,1.470565313826643683e+00,-3.497929283028637926e+00,-2.704639746584990956e+00,2.435025276962146545e+00,4.780601134449603329e+00,-2.622828572122235080e+00,-9.103627490952920454e+00,3.142116210240844865e+00,-6.549328496216541673e+00,3.141885095436924846e+00,6.786959472023888829e+00,-2.566852310768888312e+00,-2.674143390526856567e+00,-8.192140901004101305e-01,-9.365001813582515267e-01,7.647177255994344058e+00,2.264620231767841663e+00,2.519690476170654669e+00,1.009602646526590597e-01,-2.716125154524161367e+00,-4.969506203236226050e+00,4.247614721481493660e+00,-8.136242772207420870e+00,-5.610465363563531760e+00,5.537267501712834772e+00,-1.090056851129775684e+00,1.968130822104984912e+00,4.962787677671404829e+00,-1.497557455931806336e+00,-2.867059558773750183e+00,-3.585413593542233990e+00,-1.484963582189217757e+00,-9.675622331578279667e-01,-1.525998344407998530e+00,3.202680628189691348e+00,2.131516965809829856e-01,-6.273061924937922695e-01
6.159669841888536501e-01,-1.809244524631329654e+01,1.955391668857613396e+00,-2.282591162074461444e+00,9.537950538218124663e+00,8.508884348635632477e-01,-4.257858366135593542e+00,1.656565748458622522e+01,1.486770349463645280e+00,9.164758471345106017e+00,-6.902532250375497114e+00,7.854280347122585049e+00,1.959347677148177980e-03,1.659799478863179090e+01,-1.332191080925203508e+01,1.806468742258890092e+00,3.297457755211615105e+00,2.420403079539775604e+01,-1.208796800600157084e+01,-4.024202110751833317e+00,2.848934223547062938e+00,2.278986725074065411e+00,-9.583203981138608274e-01,1.023686938338657448e+01,2.154616911626894282e+00,2.618019741750304163e+01,-4.333207248699764591e+00,-2.431918134077163618e+00,-3.678388521749625273e+00,3.166584394488399568e+00,3.131267328941127914e+00,-9.597182221750303333e-01,-6.141202009534072470e-01,2.842841064229127745e+00,1.775647004099123016e+00,6.032256923176553265e+00,2.310384338377682312e+00,1.573528997886001868e+01,3.849546026315829206e+00,8.004949988630158941e+00,-1.474583165352693648e+01,9.769687687978553248e-01,-2.289027186694344351e+00,1.550389239420550958e+00,8.734658768680276353e+00,1.269745848692489076e+01,1.096971610252567686e+01,9.360460970346196063e+00,3.450690457853587745e+00,-1.355051937642184345e+00,-1.106618021839245714e+01,-6.593289387555630654e+00,-3.953346027013294517e+00,6.695061139595296140e+00,-5.651620028300385901e-03,-5.499576203361482563e-01,-1.564737574343572746e+01,2.389034114675017584e+00,-4.948197007587584739e-01,2.049492472241155383e+00,4.568630284868123503e+00,-8.015000775749996365e+00,1.864195607271591371e+01,1.241364184857739517e+01,-1.700678113022532356e+00,-4.875960501160800042e+00,1.172735376062539459e+01,7.568047236985012916e+00,-1.985516854205319426e+00,-1.346222912496522461e+01,-9.141496333106115257e-02,-2.213052688105618504e+00,2.025617686443174748e+00,9.069531119261043273e+00,9.383367939120310197e+00,1.229089341156974768e+01,4.893388402439006413e+00,-8.553989871727882388e+00,-1.887549080864576290e+00,4.967014903223496702e+00,-5.748076245450462807e+00,3.250374800403083242e+00,1.540734286904708128e+01,-3.995847353836855298e+00,-2.539167800533960406e+00,-1.350021684532232769e+01,-8.664325358928228749e-01,1.843967556894497761e+01,-5.837715093626694163e+00,-3.433229263523493557e+00,1.859348152025582568e+00,-6.639678468675732859e+00,-7.145843955261315550e+00,-4.210092752011054262e-01,-1.604743772714479100e+00,-1.474749867106148216e+01,1.384505194285216012e+00,1.152015999179887196e+01,2.412353129019383147e+01,-3.647964348530279288e+00
3.370874745133879191e+00,7.637695813115385590e+00,4.077159509978820928e+00,6.350702616672171397e-01,-2.511850213072414295e+00,5.205007395701358064e+00,1.704566661230089819e+00,-7.606013703824734407e+00,2.943909558836427021e+00,6.796617806890505875e-01,-1.457878273164360472e+00,-3.440012776320628074e+00,6.820020711242845479e+00,-7.512883888512275732e+00,8.901607339647870987e+00,4.659005762461342348e-01,-4.380058789750028048e+00,-7.316710657907171012e+00,2.059465707946583457e+00,1.409374688215983662e+00,3.100316297462624604e+00,2.102129360399734193e+00,2.464738065335203121e+00,-2.796317192764782966e+00,8.089820140972665996e+00,-7.498614625732012762e+00,3.074830446710271836e+00,2.866177728302305994e+00,-2.151228519117108995e+00,2.574004914736595762e+00,-4.446096941886558795e+00,-8.516054464366438204e-01,5.200744248716076434e+00,3.282673170575205912e+00,6.103682944782051756e+00,-3.175361811584394456e+00,4.259579566141665552e+00,-8.854619469074657800e+00,-3.613769601633196160e+00,-1.180566889954086207e+00,2.993753820915905361e+00,1.460068118419890926e+00,1.024448907921871266e+00,4.109606994099433308e+00,3.211555066203475750e+00,-8.828095952950047121e+00,-7.514614028410737667e-01,1.742314667686954976e+00,-4.758470722590692148e+00,4.813288493916837218e+00,4.778550446053459133e+00,-3.044645396676535221e+00,2.727787955612827719e+00,-2.010929678204336213e+00,7.502055516135589741e+00,-1.033593920545237799e+00,8.568782656875782777e+00,3.780370588811843291e-02,2.076791826737642843e+00,-2.156343117069821957e+00,5.461136875966652759e+00,4.407810419514357037e+00,-4.005811227287953358e+00,-9.722159829409948717e-01,5.928083023730477130e-01,2.327543382445754094e+00,-1.606376552182572359e+00,-4.687848547450895964e+00,6.156712304073868047e-01,1.122389796674141493e+01,4.200048700995352213e+00,-8.729061930169015326e-01,1.591672920604135122e+00,-2.807934072857402263e+00,-9.181005104660104887e-01,-5.368487412446285134e+00,2.407876196507374278e+00,6.398829969554656216e+00,-1.054821982490844245e+00,2.417128191006371107e+00,3.511334275371099434e+00,8.529606393378750262e-01,-3.345200371360163683e+00,3.430632419647839271e+00,4.094795647041376441e+00,1.920019954477436563e+00,8.959636368304767506e-01,-2.438724820685477468e+00,-3.629648917554206378e+00,1.995521085453938914e+00,7.722547543925298297e-02,5.898361131993956619e+00,5.659091243831673168e+00,2.113372930765130553e-01,3.794726798612372498e+00,6.791905646505683514e+00,-7.171489415154190805e-01,9.156185311791338322e-01,-8.226045503996987307e+00,5.709882438268279792e+00
2.525677910515176094e+00,2.684631925406315567e+00,3.123926507747416981e+00,1.567337282055298875e+00,3.927140984944897717e+00,-9.941967927842904729e+00,2.692282077676230401e+00,-7.852508937898432961e+00,-2.322177697267248320e+00,1.673505631113434422e+00,1.063762438057852222e+01,-1.532678710628645469e+00,-1.199878856372667002e+00,6.442113163781071350e-01,5.160139223391944974e+00,9.038708834351654176e-01,3.821431203370281082e+00,-6.692619498293009173e+00,1.024859193700670446e+01,2.100739562753739520e+00,-2.522276590824081399e+00,-1.204426066483269775e+00,1.501860477409597383e+00,1.043695753727191144e+00,3.438680618411178891e+00,-3.363908708597757258e+00,8.861090761885330735e+00,-1.863449218705413468e+00,-2.714838132515255520e+00,1.364283696620763653e+00,1.802992579400367612e-01,1.031548684331198951e+00,7.997331661367481637e-01,4.795689653394473062e+00,3.448827909107239353e+00,-3.745739426437695307e-01,-9.210762817761923849e-01,-1.402880777943543933e+00,4.998911900200276648e+00,-9.444746493697618206e+00,-7.124490818943346682e+00,-3.106339368156711522e+00,-5.367427749791062741e-01,-5.205626248892013308e+00,-8.786733950340861909e+00,-2.023140729518973835e+00,-4.101646759601432213e-01,1.040450003747463159e-01,-9.470137881650128264e+00,-3.250793754666997160e+00,-2.133833591885223591e-01,-1.477008380842493196e+00,-1.511555614173179185e+00,-8.079715523270436961e+00,-1.535743883846004243e+00,1.161258721286172468e-01,5.148215896520738077e+00,-6.700295297453903842e+00,7.919522223693910012e-01,5.041576703137197413e+00,-7.049261104179227466e-01,8.663544455094559282e+00,3.983153712966407411e-01,-1.209347339084225093e+00,-8.334695370072202181e+00,-3.708012467295024872e-01,-1.382580218815286699e+00,-2.499016451792873461e+00,-5.327183860099592438e-01,1.026925401251673087e+00,-7.502360707002968532e+00,-4.416396878415281613e+00,-1.105651208964329157e+01,-8.481285235089732311e+00,-9.226343349686644046e+00,-1.805477392947519633e+00,-1.206592590006603061e+01,1.258158274291561129e+00,8.073500023821942762e+00,2.793123678753643979e+00,-6.550994018469857849e+00,-5.845604797374646999e+00,-3.688190959423332416e+00,5.104465531629534425e+00,7.331839581625112512e-01,-4.526413654703546285e+00,-1.576338987716612294e+00,-2.721355264168360044e+00,-1.095611777857048708e+01,-7.696789095515290668e-01,1.748952062232427274e+00,-3.376984952279619812e+00,2.098195341591502672e+00,5.777977672788538577e+00,7.125112473396501001e-01,7.258089084076841502e+00,-7.132909046455427893e-01,-5.330306216487898929e+00,-1.049957736727452584e+01,-1.466765258508940573e+00
-2.414949749297714554e-01,3.482705980607729401e+00,-1.163310833578187653e+00,2.649256765691239135e+00,-6.095666631621914355e-01,-1.636297183785677944e+01,-3.895830835797780001e+00,-1.702134675262588104e+01,7.353291241070216699e+00,1.751690042064735886e+00,1.348137968186999203e+01,-2.739122298904850705e+00,-8.110769751240266556e-01,-2.045790830360476154e+00,1.134858456714665342e+00,-1.604903039821439004e+00,1.299690785673723648e+00,-1.422878764343773472e+00,6.869507476266440982e+00,9.770713810007674027e+00,8.917290433927222981e-01,-3.906118615562105933e+00,-1.030864601001929781e+00,7.092697984087382501e+00,-1.510606541539859737e+00,-2.320302598715453968e+00,8.882361243446716514e+00,6.144436135972637381e-01,-8.932344785882306848e-01,5.950460045343115567e-01,-2.202584983698624654e+00,-4.232668881577861697e+00,-2.615081456387415404e+00,-5.163299172072808751e+00,5.676970280540194480e-02,-5.995729731414487063e+00,-2.601502128394906244e+00,-4.325461581805374323e+00,-4.653234301479442614e+00,-1.357157032503931582e+01,-5.779546396025985189e+00,-9.676510132814772902e-01,-4.834701990232297852e+00,2.419097042228330885e-01,4.211325848513334691e+00,-8.613953308163612377e+00,4.628262006351208768e+00,4.328070395622509281e+00,-8.594462392708855702e+00,2.587203058041431802e+00,2.363837203509457474e+00,-1.101728989171684714e-01,-1.630099455713563739e+00,-1.730785403688513924e+01,-3.960338640720790337e+00,2.253914961393924887e+00,-1.382168308569613036e+00,-1.188386353348996671e+01,-2.757226051961478408e+00,-2.018038374537826307e+00,1.855124430315645112e+00,1.305892479398156958e+01,-9.034185777440975063e-01,2.870755879623071216e+00,1.558562509893947290e+00,7.485954619128998289e-02,3.786683432534197813e+00,-1.167744992057989251e+01,1.034246923226642467e+00,3.432809433278206868e+00,-2.899526110456197348e+00,-1.484613557443095644e+00,-1.776959937218250829e+01,-7.584407621779475583e+00,-1.665722654432823546e+01,-2.187085401569374810e+00,-1.299726624167654521e+01,-4.318851838119967645e+00,-2.952938555238087126e+00,3.305622967620606367e+00,-2.230497190697195720e+01,-1.518478943148737770e+01,4.995710008974652006e+00,1.140103664518950488e+01,5.195409382401670051e+00,-1.765802483128938061e+00,9.199178785571749728e+00,-4.344058973864902917e+00,-1.108919129999372011e+01,1.171402709449571367e+00,-1.451588139800201738e-01,-2.780243029763457052e+00,-4.502246127663664055e+00,2.574739529239753466e+00,-2.314275817263946600e+00,1.172341081297031451e+01,-2.724209878276618202e+00,7.704127431575158447e-02,-9.178256769975469354e+00,2.141900054999678726e+00
-3.212797825086216030e-01,-1.526995598354797146e+01,-8.273632335327528509e+00,6.099044443804004345e+00,7.267941653078326070e+00,-3.964651605932201228e+00,2.745307505742222265e+00,2.185079687957469474e+01,4.116659765364672374e+00,7.935721908322381779e+00,-2.243216670060604212e+00,1.974463259847809127e+01,1.617018250556585546e+00,1.780332980853520652e+01,-1.535052614977038310e+01,-1.635863088488751949e+00,-3.380570000533914321e+00,2.700313166164110612e+01,-7.047136615460357412e+00,1.719374321907530145e+00,2.265403921088035233e+00,-4.295078801074984298e+00,-5.471986478853319014e+00,1.281806906280243297e+01,1.397478814839316907e+00,2.243475929325003548e+01,-4.820578517778464800e+00,1.091885842351763003e-01,4.587052094682640302e+00,-3.877805996010589062e+00,-3.114912420828913842e+00,-2.363082449990309808e+00,3.426779432809005765e+00,4.144247591446429624e+00,5.107189794901738633e-01,8.552462753273282203e+00,1.142299073978990887e+00,2.164479232745003046e+01,4.901294347646629745e-01,6.701661049266837367e+00,-1.136401128900755708e+01,4.299204882331095767e+00,4.656988854498196773e+00,4.924591318875154222e+00,7.567548428528637849e+00,2.137126208486154155e+01,1.103016442967321353e+01,9.723941070569628309e+00,5.708705226457627901e+00,1.742133735507271686e+00,-1.666826661566639345e+01,1.205067115508433595e+00,-1.035371845968193982e+00,6.151117405433773833e+00,2.602720024121371045e-01,5.092052616726178371e+00,-2.308879473615022704e+01,7.312610360044011770e+00,2.031539949087040053e+00,-3.540651802255409208e+00,-4.708435103876959182e+00,-5.502750724830995921e-02,1.682063875788861651e+01,8.248202000098327602e+00,-1.260383883852825182e+00,1.596819709167053736e+00,5.880586031721161788e+00,6.239180537402415183e+00,4.053050447611734164e+00,-1.669782474181140941e+01,1.513833114176350803e+00,2.500079631062790853e+00,6.148897878046912346e+00,5.151577269091302647e+00,5.139859356658729617e+00,1.538150877984737441e+01,4.895167062488759768e+00,-9.238008517527880770e+00,3.713367067659474774e+00,4.227492432112061049e-01,-1.000257667807947648e+01,3.648109869371007008e+00,8.831597167887112576e+00,-5.868440054344112866e+00,-6.796548375407809317e-01,-5.605115482926181336e+00,3.515380371017311489e+00,1.712487953687388753e+01,3.270061331682351025e+00,2.960427344012027895e+00,1.584097624016602035e+00,-4.310248732017406326e+00,-1.081173471081549664e+01,-1.532914079749407188e+00,2.439164836358371780e+00,-1.003412634196049424e+01,2.999255552923163926e+00,1.478045327012692489e+01,2.379896349015853119e+01,-2.017430232155844383e+00
-4.404346865723192117e-01,8.044452008958161704e-01,2.876133036465670756e+00,4.474287793652946821e-01,-6.242938531004734060e+00,-9.963015413087807914e+00,1.047747117853880416e+00,-1.118321681040129612e+01,9.948286308857016147e-01,-2.909559056495941931e+00,6.038608807008587931e+00,3.638012191011087637e+00,-3.126992500604929059e+00,-2.318349204792471419e+00,2.132741119022517839e+00,-4.505155522959127801e+00,-3.526206725032369205e-01,-6.170376307869967825e+00,1.122163295611230538e+01,2.853371844689112535e+00,4.021843777067371839e+00,-7.249898188394376941e-02,-1.937919135460106634e+00,-8.495065487679323013e+00,-4.689095067879560652e+00,-1.017593424593549045e+01,6.588358698535811797e+00,2.891836752414711498e+00,6.759343352102348268e-01,-1.999536772187139100e+00,1.851600259573680907e+00,-2.132392279550195724e+00,4.875799623182886400e+00,7.056487808319273913e-01,3.651479180220138065e+00,1.988838206556854171e+00,-4.411240655603974936e+00,-4.843844494798046796e+00,2.483377515145502645e+00,-7.344714861986158638e+00,-7.659978851506214603e+00,1.399195446670762788e+00,-3.174067051306300513e+00,8.620634484425713229e-01,-3.725315191945031579e+00,1.201244020387197686e-01,-4.689348309234208756e+00,-7.088510195667352853e+00,-5.602258632352963730e+00,-1.637989213766607222e+00,-2.546151721188003592e-01,3.111157798222809134e+00,3.792913925118315266e+00,-1.090758712981149436e+01,-3.541721472316919694e+00,3.617949185747212582e+00,8.640937018782308243e+00,-1.176281266356713573e+01,-2.647398182780832609e+00,-1.268242188648690982e+00,7.437151292288769477e-01,7.152912433215327326e+00,-5.779826484666566344e+00,-8.296547619840868748e+00,-1.260196559272896311e+00,5.823947482537295883e+00,-4.903222128672899416e+00,-1.224089700270529057e+01,-3.174621620547050771e+00,7.293159641881452604e-01,2.325799985762285749e-01,-1.209200599053435798e+00,-1.072957267114995261e+01,-1.082853687666991860e+01,-1.070594319965381125e+01,-1.573095719912087631e+00,-9.924742948451822144e+00,2.746973653950193217e+00,-2.307216861233460925e+00,1.004634474395547317e+00,-6.412533475548629625e+00,-1.145638764912494523e+01,-5.046701734121873173e+00,1.582878100385014086e+00,-4.691757592943194943e+00,5.277551817731908734e+00,-9.574239259344891062e-02,-3.890486689455271652e+00,-3.242624755616506427e+00,-2.778009615210398575e+00,3.597077445939905749e-02,-1.729795159865604504e+00,4.511406130723489838e+00,-3.206385901081327372e+00,-5.555834733026583372e+00,1.510507828270349506e+01,-3.535641431496930664e+00,9.730625376764330259e-01,-8.989320877208122340e+00,-4.312015518305866379e+00
-9.951295829056960862e-02,-7.967498302387463482e+00,-3.745715224248215680e+00,-3.390043753107523816e+00,-4.790619443283645751e+00,-5.470371774712563528e-01,6.991762715968722341e-01,5.076347402122562080e+00,-1.374585109872261901e+00,-1.078083957074518651e+01,5.475359316661064568e+00,1.026755847814810707e+01,-2.559379135349240997e+00,1.176030782616034998e+01,-1.554306726304791297e+01,8.274377628051672318e-01,-1.133677470024997191e+00,1.137920152436643839e+01,1.035654426088343705e+01,-2.005978733628271726e+00,-2.322246625827090849e+00,-6.930339954755286858e-01,5.608577987510979135e+00,-6.525986877131534136e+00,-4.379557587639376415e+00,6.329688556140503408e+00,6.870371351532730486e+00,-5.299815930445155310e+00,8.346578631755142696e-01,-3.102802475122603099e+00,-3.760286709836813679e-01,2.021096071672808137e+00,-2.364832795084439443e+00,-2.901557800771809692e+00,-1.799532363210244679e+00,2.062988883244540972e+01,-1.834768998210387192e+00,1.321666061434528316e+01,-2.162471946159451264e+00,-8.276461257885278755e+00,-2.060215912252424530e+01,2.371628604820606334e+00,-3.442288960669237952e+00,4.074544163617741965e+00,-1.833934554034281517e+00,8.447045557736002408e+00,-5.122084880314274891e+00,-6.848492559018068526e+00,-6.171671767249824470e+00,2.520055077792085374e+00,-1.156182681128941780e+01,3.712991733345968548e+00,2.405974015841679581e+00,-8.610191840903855365e+00,4.665936502085356707e+00,-3.924517115512210719e+00,-1.226000028446905787e+01,-1.271806547234282725e+01,-2.566186722019926147e+00,3.347067252434252627e+00,-6.299221443333506976e-01,6.087302022188176842e+00,9.219609705362348251e+00,-2.916007304190291638e+00,-1.375672052874605367e+00,-5.249780204328876820e+00,-7.773548522881984724e+00,-8.345632848216622435e+00,-1.058969800224334623e+00,-1.062889878145135825e+01,-2.435125479275319638e+00,-1.490370165936954816e+00,-6.318617958997894135e+00,-6.131082253084604083e+00,-6.656086409408698223e+00,8.700979054082699449e+00,-5.443635586063876985e+00,7.631521631896425184e-01,-3.601693594684341804e+00,-4.850249660797389950e-02,-4.691210595406076322e+00,-6.144841892060899369e+00,-3.869152993572038568e+00,1.097097755718443679e+01,-5.615123307287177568e+00,1.988948862752788926e+00,1.315576871762833999e+00,8.084366633856502560e+00,-5.249686148139170783e+00,-1.852185112290024360e+00,-1.274070427485291201e+00,5.560546674824466962e+00,1.729830595661737025e+00,-4.695837243895471858e+00,1.344157628711071473e+00,1.068016657638943556e+01,7.884399404696247338e-01,6.978533725376967922e+00,3.187161995383799074e+00,-3.684681061158328497e+00
-1.105615524976938824e+00,-1.285442983149542862e+01,-1.020900404818066320e+00,4.997258104198936124e-01,-1.538478156185352219e-02,2.057173828120760106e+01,6.074753961765727572e-01,3.195568110783144178e+01,3.158286338975568430e+00,-6.446918647041671724e-01,-1.235072657797232942e+01,1.114100962498005742e+01,-3.198512805202474496e+00,1.286769876048289518e+01,-1.009953763353023248e+01,9.519279119908643505e-01,2.760354004687831875e+00,1.665317840952989314e+01,-1.068900087554677114e+01,-3.417707266875328109e+00,2.609327140867503392e+00,1.520270395474714098e+00,4.309201818326521272e-01,-1.177759937071706675e+00,1.370377067333726329e+00,1.533806858930785211e+01,-1.245370448965964272e+01,-3.576283871109090517e-01,-2.220616340863166727e+00,6.114258045545883924e-01,-3.293407456710769399e+00,2.098474325119579653e+00,9.537831649722197103e-01,-9.094636765422862146e-01,-4.329395206226754889e-01,1.865731013682226802e+01,2.379789261379043896e+00,1.516202437422709970e+01,3.255566112170082960e-01,1.283396071927941584e+01,-1.056594146792447786e+00,1.537415119742095992e+00,1.763995397646443530e+00,4.527162078842936199e-01,6.537926522279016162e-01,1.436187104573027540e+01,5.100998526359390439e-01,-2.564371753218937400e+00,1.549968959820380476e+01,5.299531702076599515e+00,-1.785779048940091585e+01,3.004262291253121386e-01,3.707648230468287398e+00,1.634886791732135691e+01,5.075406967192224172e+00,-3.077750193390377476e+00,-1.687526899925646262e+01,1.537444759742558631e+01,-2.662871368276540363e+00,1.588660394224776229e-01,2.843712120680051747e+00,-1.675308770248576451e+01,1.433428351067378159e+01,-4.451042143201014767e+00,1.182800726220796239e+00,-1.715985356239776216e+00,1.150862786894906176e+00,1.265873193318059897e+01,1.975967697466363970e-01,-1.943631751714070433e+01,3.409856307029919265e-01,1.161569097341482726e+00,1.881381864071192922e+01,1.058801512378236431e+01,1.723351651735308110e+01,1.661380622383196481e+01,1.415950322479143075e+01,3.800201162054305914e+00,-3.482237747044362841e+00,-1.465345335070860289e+00,1.765163948477391642e+01,1.760598161744710666e+01,2.537566755695534582e+00,-8.378429456296949240e+00,2.558270873863600414e+00,2.901873210899272415e+00,-2.163422527452037780e+00,1.464095948888067156e+01,1.263727006437973444e+01,2.311432616975715337e+00,-1.064850411699266752e+00,6.665968527619583917e+00,1.892210313512008968e+00,4.011560911812137142e+00,1.469912855470286717e+00,-6.729968896580219351e+00,1.961610324978889208e+00,1.582451876237922761e+01,2.582859517419286632e+01,5.041623009831873503e+00
5.065683362099753229e-01,1.782212073510537209e+01,-2.287196119754807189e+00,-4.743788452556880308e+00,7.575417365224952349e+00,-2.401344687355878804e+01,-1.583083526396665830e+00,-2.901275662604270167e+01,-4.781051066678485562e+00,9.616192386208007647e+00,7.456530415113364896e-01,-1.908378114214536581e+01,-4.143738998984348498e+00,-1.732880345590850268e+01,7.473573933568511407e+00,-5.062095733913686502e+00,-4.806877992819540424e+00,-1.346957235855996160e+01,9.930298547465639558e+00,-1.497354717568186500e+00,-5.727084591234365973e+00,-1.515922188742709231e+00,-5.994948301055976536e+00,1.128565327063926027e+01,-1.029760644575973494e+00,-6.891214807375622087e+00,2.699206450382642952e+00,-6.262325093720239266e+00,-6.567163552393392223e+00,1.995934064472178582e+00,-4.740240184030189319e+00,-1.169504888130805575e+01,-5.543860159393331877e+00,-3.255589352467141318e+00,-9.747463837512619911e-01,-3.407095112982582918e+01,-6.406486377068759452e+00,-2.438149160493298950e+01,-4.922748713536904575e+00,-1.175396886853967970e+01,1.425449110954337861e+01,-6.810652508761226187e+00,-4.966773490983503514e+00,-4.970368641945317911e+00,1.005860050899784142e+01,-2.223466601262762410e+01,1.089663593059433566e+01,8.175662045033410763e+00,-6.920820694741067314e+00,-5.174757202973478520e+00,1.215399813169638321e+01,-6.575873855926918310e+00,-4.711594301657824779e+00,-1.514058195142311725e+01,-2.938644000629710096e+00,-5.514389466617680924e+00,9.525755501587390484e+00,-1.036188480039906601e+01,-1.014187098860995917e+01,-8.160545212294501027e-01,-1.907450984286931828e+00,8.137775729661189672e-01,-1.875443256489176491e+01,8.967493228824046980e+00,-8.035668232970746061e+00,-5.694601416427319540e-02,6.313494527872091311e+00,-1.392953228112854980e+01,-5.834384526664095461e+00,1.009918442521504645e+01,-7.074227346971170505e+00,-2.723376829121694875e+00,-1.359429464509435981e+01,-8.510136708538732719e+00,-9.857203983533194602e+00,-2.294602077463851941e+01,-1.351287037140337333e+01,-1.430136551758643293e+01,-3.768114085926999479e+00,-4.399662301426956468e+00,-2.672341838309634809e+01,-9.694882652610594675e+00,7.587943257946267117e+00,2.009786932879362276e+00,-3.715768038606500401e+00,-1.494647624781588569e+01,-1.957050746320988299e+00,-2.453924673563381376e+01,-2.381116669816854525e+01,-8.158306601514226486e+00,-7.191877427604294049e+00,-1.213346421578720680e+01,-1.031279880163063645e+01,-4.420525420761826751e+00,-1.650866649693940813e+00,-9.705143695054939457e+00,-3.708323536547049937e+00,-2.064721696907438897e+01,-2.606682544827764403e+01,-9.532408415056842443e+00
2.972661259156140212e-01,-9.486686447994630456e+00,9.663886628060627260e-01,6.963393566522073641e-01,-4.186053664599426405e+00,-2.087723732301653534e+00,-2.058513383214191972e+00,9.667419369778462723e+00,-4.818127770610697524e+00,2.561346635553150453e+00,-1.157307215831788083e+00,4.603783321458118749e+00,-2.910065910294810099e-01,7.952966718800842827e+00,-6.229137625549613588e+00,4.129747849964928719e-01,-1.699682302216110052e+00,4.232806411765250409e+00,3.946720661793847729e-01,1.541648162827143453e+00,-2.546332933098230722e+00,5.464862704559152462e-01,-2.255998236747470020e+00,-3.312971205741162439e+00,2.854494990637989282e+00,1.042689874458729804e+01,-1.179841100134869203e+00,1.146364895125062677e-01,-3.887561834579049247e+00,1.890218888435426070e+00,-1.898168447904112544e+00,-1.419628868429968938e+00,6.119390639518824671e-01,3.989692685966247154e+00,9.471204893037931116e-01,6.826746196500984354e+00,-2.474116055726008678e+00,9.757142524830923591e+00,-1.570004971108684089e+00,3.236845449781435846e+00,-7.573832420240107055e+00,3.070683367356726645e+00,2.027380154506869481e+00,-2.864696421996869358e+00,-3.510195669789642370e+00,7.217661805156540211e+00,-2.373872166483920854e+00,-3.916861267934372837e-01,-2.173162818080850212e+00,-4.262127823593496956e+00,-9.850897214450567319e+00,1.069849659601509906e+00,-9.241152648042185724e-01,7.592418703701467875e-01,-1.839825351739398762e+00,-1.348434495223390428e+00,-1.041377359015277015e+01,2.608935205933049950e+00,-1.381368406845600028e+00,6.201181250649812071e-01,-3.937255420537881800e+00,2.484987242931055107e+00,8.932251167440076856e+00,-5.967182979676369570e+00,-1.855501071161385518e+00,-1.751940091458821014e+00,-2.649849637507943001e+00,1.284367575685849694e+00,-1.272575009014774050e+00,-1.482866147265491108e+01,-1.350453705817283412e+00,3.327813821105861880e+00,-2.889232299435056994e+00,1.282882657994615094e-01,1.156563602239351063e+00,3.840431790145861335e+00,-5.117630126715717154e+00,-1.437002143313568236e-01,1.798409118022080255e+00,3.635805389139500576e+00,1.508419358957657774e+00,-1.714300291975483503e-01,4.636007520767215340e+00,-3.287912011420697223e+00,-1.888847392120634572e+00,3.005166450707611681e+00,-1.612900379301446807e-01,9.837002852000065189e+00,-3.828145454969917871e+00,7.635783466756815296e-02,1.238649505223705649e+00,-2.391720588130551661e+00,3.400827321606849640e+00,9.611271588638524710e-01,-1.697814899153593515e+00,3.998038163290211777e+00,-4.907623521149446333e+00,1.067432989529559784e+01,5.421882919635233833e+00,-3.325511365250149787e+00
4.866350196958263652e+00,-1.185050559423232208e+01,1.334294765384900883e+00,2.813252665792844165e-01,4.072690221481139794e+00,1.740590601720810149e+00,8.623618871814131559e-01,1.068409564668926670e+01,-1.956171638370096222e+00,2.428461391268379899e+00,4.113254315720961785e+00,1.187328312389704799e+01,-1.997389105027858047e+00,1.344701004826550950e+01,-1.431151264097739073e+01,-1.360238775855130422e+00,-4.092209892264857984e+00,2.050092859437933512e+01,-2.737690982478099944e+00,-3.514471164352178101e-01,-1.816968730924918729e+00,-6.678656097357709598e+00,-5.716435055267020005e+00,5.628922093337647148e+00,1.283588807849707636e-01,2.034268336931216226e+01,-2.274835153757845951e+00,-8.755808746638593654e-02,3.335709219223093491e+00,1.976877714941962960e+00,2.780457461120582341e-01,-2.576026572752349031e-01,-2.296724975902596722e+00,2.344040903125497621e+00,-3.159104836824869533e+00,8.129402192464777244e+00,2.583429700335143075e-01,1.375619668391871286e+01,-1.780792762481128610e+00,9.693852776893069345e-02,-1.535793916010333859e+01,4.273993394087496789e+00,1.031256902346100679e+00,8.435095400639776031e-01,5.099355417912887489e-01,1.214288165673253950e+01,3.611639425918919510e+00,6.187720794318690487e+00,-8.887560232847580011e-01,-1.161475312063323440e+00,-1.577891988967487436e+01,-1.119097929719364615e+00,5.321247826765781674e+00,-1.903029454238512885e+00,1.486098121855806919e+00,4.070865176512186157e-01,-1.614741605187376905e+01,3.033520472890284925e+00,1.452232329078182449e+00,8.727865303336599379e-01,-2.175486022691189625e+00,4.766318212291387191e+00,1.470489486498623677e+01,9.666356984467086022e+00,-2.937597444178035033e+00,-2.156138622455948450e+00,6.662129796392030734e+00,1.634268158892213885e+00,-4.276026260489977360e-01,-1.293649827199956270e+01,3.195027989387057232e+00,1.732791681359707958e+00,-1.000869367797762255e+00,-1.772265823778230054e+00,2.136261129564942518e-03,1.281898170729123088e+01,-2.052620591857741150e+00,-6.514792636270783532e+00,-8.463047630765204721e-01,-2.799467864176303777e+00,-8.040937786100618823e+00,-1.670951651520766745e-01,8.933252381600990333e+00,-1.330943311412084440e-01,-5.937798833949129218e+00,-7.224092908387405032e+00,-1.595545952655355704e+00,1.529809659402917887e+01,-6.807124923196815836e+00,8.094925683125977489e-01,2.086440155354259751e+00,-2.428393335330911729e+00,-6.213582490623432264e+00,-2.130680779300732075e-01,-1.792827270030891595e+00,-1.235012744724152967e+01,-1.171363570789367481e+00,1.131130165113684782e+01,1.619826372664624614e+01,-1.091539453209253274e+00
-3.180453305801659303e-01,-2.080945459687834287e+01,-8.349773652352299180e-01,-1.019351390189353168e+01,-1.053248420776098193e+01,8.420806738090330867e+00,-2.314999694802807095e+00,2.286176386292976304e+01,-5.254069974313779312e+00,-1.194605603823688256e+01,-5.348779564774829076e+00,1.529411878805610314e+01,1.632114559723203406e+00,2.648899517043368945e+01,-1.477334899669531509e+01,-4.900187513356875080e+00,-3.850395899617157891e+00,2.900807332272323791e+00,2.900392421406400079e+00,-9.062193255023460736e+00,-1.302700594640274323e+00,-7.471113587346986940e+00,-4.816776007243765534e+00,-1.611983563916228590e+01,1.236404078051521305e+00,1.694806548827391524e+01,-5.950306882501656069e+00,-1.101636001564231249e+00,-4.228858124110415062e+00,-8.244237165498633502e-01,-3.298645388066619777e+00,6.105105356331739230e+00,-2.155555366653461480e+00,-4.476316585210828869e+00,1.927774101505904891e+00,2.558319561090749517e+01,-6.052476091221777210e+00,1.782981832060961125e+01,3.921024759326118048e+00,2.086923080726763580e-01,-2.534654943541332628e+01,-6.783145940632466342e+00,-7.770559349996882581e+00,-1.737440351864793620e+00,-1.183233710687411211e+01,1.942436833453278311e+01,-1.505119666723016891e+01,-1.394006852743683211e+01,-1.255949379784244702e+00,-7.030844591914291897e+00,-2.381129641032986299e+01,-5.481932883296315673e+00,-1.693744630996776968e+00,1.425492327216925315e+00,-2.407622208063127989e+00,-1.020026079594533286e+01,-1.699872016882435588e+01,5.819236506669600573e-03,1.400739151333313837e+00,-7.179313711234738271e-01,-4.926647814719713470e-01,-1.083881669786519453e+00,1.908573921486602742e+01,-1.032435263109164936e+01,-2.226189388171462724e+00,-5.058017117594340029e+00,-1.484574097271088533e+01,-2.836347144081759808e+00,7.994390991387878564e-02,-2.174432941671537378e+01,-6.622050822759712574e+00,9.472512701597819440e-01,2.276938411131416817e+00,-3.617536027280385369e+00,2.401780750925402774e+00,2.055927104621878954e+01,-2.568208061292823530e+00,8.843480933072040528e+00,4.362799700205685083e-01,6.381649548789560811e-01,1.829366302847957826e+01,4.710757887224633400e+00,-1.037760232749765166e+01,-1.604153611399274482e+00,-2.174015228952471901e+00,6.543550544429050042e+00,-9.493020219445060803e-01,1.617417778360084668e+01,5.722834111036467775e+00,-3.531237399962245505e+00,1.239168871330618593e+00,5.968326462785356945e+00,6.200595163796708498e+00,-5.640875889540333255e-01,1.624052090776501478e+00,-1.577218843576650098e+00,-3.499163605795185816e+00,1.829676531150721175e+01,2.016692221737696755e+01,1.939237667593887382e+00
-1.055241776860753822e+00,-4.773785228462136487e+00,7.113862106525556506e+00,2.793477615038885364e+00,6.341658881098223510e+00,-7.405425822291011428e+00,2.759678360651242723e+00,1.126568000120737523e+01,2.300082431692452190e+00,6.775965378311876286e+00,1.193042713827986567e+01,9.201352947668359761e+00,-1.692198548051651041e+00,1.611713795617034606e+01,-5.431145752741602273e+00,2.174215166314901637e+00,3.910546879348007376e+00,1.517584133955156211e+01,1.916700382361471355e+01,6.371086463780408771e-01,4.695174672139490468e+00,-4.174481939532496355e+00,-1.127595402863320384e+00,4.178225125430071074e+00,1.299494461814852286e+00,1.759699097503419551e+01,1.417283217940593687e+01,3.088680605176800320e+00,1.057986722375447997e-03,1.905625737234042605e+00,2.429786087028501296e+00,1.253995018658826233e+00,2.237338808639222520e+00,3.832841606332229034e+00,4.156559175769802827e+00,9.727447187117013172e+00,1.664565680706593609e+00,2.045255425607035704e+01,1.683497194210438863e+00,-9.199831353839348580e+00,-1.896220308922089970e+01,1.536294888667741665e+00,1.114163538365146700e+00,-2.759206466913924682e+00,2.318283412403742361e+00,1.323430447124697729e+01,4.333542462802520312e+00,2.701439542242191294e+00,-5.691062308870699304e+00,5.187092317210575843e+00,-9.905081354103648650e+00,6.155093808812688749e+00,-2.336294600493956430e+00,-7.865043798223460669e+00,1.965603040497073462e+00,2.389829767739308775e+00,-3.782386476083411164e+00,-7.353655704652309666e+00,6.048346023237486158e+00,5.900854141056347757e+00,6.129558235685332868e+00,1.625237959172960700e+01,1.129239610401976179e+01,5.064487721710782431e+00,9.663493694146001456e-01,1.168026009583769120e+00,1.954874423227592473e-01,-5.415400698365835375e+00,7.073098889195383876e+00,-4.486045858564269295e+00,-1.247233721179995092e+00,5.969908567803750898e+00,-9.358040239675460725e+00,-1.096337404921760061e+01,-1.282344526499336723e+00,1.509312491659787980e+01,-1.138207304242232887e+01,1.662933656907044533e+00,-4.551671792905121805e+00,3.193301618169448020e+00,-8.139889316440212852e+00,-3.253684315835755125e+00,6.124393641531848509e+00,1.233379755502630282e+01,-1.488842538338779109e+00,-7.507717436050149740e-01,4.303537600348981584e+00,1.192385216174736762e+01,-8.319657766719091185e+00,2.752211152451922160e-01,-2.006622504057813394e+00,-1.141092027717508284e+00,2.689155353725403597e+00,3.515924305123468763e+00,2.469432661544862739e+00,8.354664214905533015e+00,4.125584246726727855e+00,1.075521478126139030e+01,1.167808875127144042e+01,1.072633921002927648e+00
3.400814286276216514e+00,1.101431087168912448e+01,-1.969906120504230085e-01,-1.385379122917900219e+00,3.571213765870298040e+00,4.496617289424375663e+00,-8.959138242118653839e-01,1.482482914809472252e+00,-1.015871853395625024e+00,1.912899993067926463e+00,-9.164105566066604425e+00,-4.694582903018115871e+00,2.157557420631028400e+00,-4.586616438841256027e+00,8.302626002052575060e+00,8.772578649207540824e-01,3.721245046804125822e-01,-7.722779773474295339e+00,-1.081298206285978392e+00,-1.454662841078284030e+00,2.931885270910952190e+00,-2.386553931140768192e+00,5.832023303096494082e-01,-8.532785789867461945e-01,1.139554420487877362e+00,-5.428280850795314194e+00,-7.724850369049521603e+00,-1.309838571088866255e+00,3.049299832300637725e+00,-2.160435817590121044e+00,-2.830494897683720756e-01,-1.009666663731481062e+00,-2.917359260775751029e+00,-7.520033689995221593e+00,-3.692414642987120743e+00,-4.523470090426206625e+00,1.685678759221234113e-01,-9.943734671800223524e+00,3.347608994107691416e+00,8.907300457195164611e+00,1.698205651122154336e+01,-1.696042299945421661e+00,6.211909142942282358e+00,2.100129017698086464e+00,4.643968568134740238e+00,-3.383294662628082872e+00,-4.352618311256579720e-01,-2.150964485057255793e+00,3.708268247008243979e+00,1.837396770139364310e+00,3.666197967081413545e+00,-3.184946613318818454e+00,4.867031425923240562e+00,8.920700011425729770e+00,2.503532698131179401e+00,2.390634316879103327e+00,3.970841703322561145e+00,7.452397571805989607e+00,-1.938653287729334984e+00,2.557481916324452209e-01,6.511456173035398365e+00,-6.981767112551853671e+00,-9.162601514033736905e+00,3.471502073003309263e+00,4.431612574777179070e+00,3.984064506608285150e+00,-3.906554254136048066e+00,2.582319802241736184e+00,3.867556469344737291e+00,1.023397530300621483e+01,7.698871866082079851e-01,-4.548445903723272732e-01,7.557825946334112643e+00,6.999799507166323487e+00,6.381395817897456801e+00,-4.831891150775085464e+00,6.304312281406240004e+00,1.056646751052819244e+00,-3.527325045602248910e+00,-7.231673315038156247e-02,3.398207476606796007e+00,3.715819796498025518e+00,3.992546357426824954e+00,-2.429921043138446368e+00,2.177150010347133957e+00,3.579970463569530637e-01,-3.057822504358390425e+00,-1.015624614669665959e+01,4.978759010728952106e+00,-1.822905182222363418e+00,1.058014516860718235e+00,9.314839333150859435e-01,-2.026569074741980003e+00,-2.598987797054049587e+00,-2.673596000507886927e+00,-3.382366016285184962e+00,5.178772808746545664e+00,-4.396266881863063247e+00,1.680631902760301166e+00,-5.085024872723222789e-01
3.615674844548294686e+00,1.536756909644880054e+01,2.697771439239200930e+00,4.786601514163911553e+00,2.473732413550236764e+00,1.223159089405218936e+01,-1.960684410390209464e+00,-1.133594979468939812e+01,6.257229582494550968e+00,4.056035835647604060e+00,-1.666839770037459978e+00,-1.017776883634104124e+01,8.946216109507765246e-01,-1.731078109063882664e+01,2.256647229713050962e+01,2.128776084230558308e+00,5.716300941135585845e+00,-2.259317907779939461e+01,-3.493616505629653091e-01,5.231956676848566801e+00,4.591202798935410279e+00,4.008146692997666349e+00,8.895367289424758184e-01,2.286089206845457245e+00,3.511074477685681039e+00,-1.527378509883201829e+01,4.658291670062456369e+00,6.874392370821091447e+00,4.087420013535028041e+00,4.595512121539866435e+00,2.689911651993555086e+00,5.527840877870007219e+00,6.053548828287036443e+00,2.429419195874000348e+00,3.467811711977890621e+00,-1.517534287384623148e+01,4.172406306731177850e+00,-1.266294865825915039e+01,6.707045489557477147e+00,9.292710930750075704e+00,2.857475220182978148e+01,9.731567136195742318e-01,8.995239791247643391e-01,7.101167672751289572e-01,-1.005512889051970449e+00,-1.693659913440795961e+01,-2.691534871695677289e+00,4.219848963770640005e+00,7.899743525326691440e+00,4.939368784835502346e+00,2.730712749567378239e+01,3.262252189861661655e+00,3.735348622322317347e+00,1.116978754245014827e+01,1.001177735666506585e+01,6.268612282532285640e+00,2.203563702402963287e+01,1.313415528013908862e+01,2.816066694048767527e+00,8.508133189416090758e+00,3.952438885661037293e+00,5.581064696030040295e-01,-1.881121310934308610e+01,6.090348508277125816e+00,6.114821002227907698e+00,8.165536977172394018e+00,3.997013393723274355e+00,5.448082150990146921e+00,2.486564432160156990e+00,2.290705625130190981e+01,3.213559794962730365e+00,5.642540138533818528e+00,8.659888833878678582e+00,1.163063276103766874e+01,4.802192306504009522e+00,-1.247555924974383679e+01,9.246670265166144986e+00,6.168349408714759008e+00,8.390392961387355797e+00,4.265136032092268437e+00,9.865504320648925685e+00,9.735993361777904198e+00,1.359065186635620481e+00,-2.347310278266372841e+00,5.043336669245566561e+00,3.808924428550554353e+00,5.098542374079964468e+00,-1.079095925497809283e+01,1.221914159468144234e+01,1.081232130394461954e+01,5.141488070066947635e+00,7.957636154703304321e+00,7.569611845433272812e+00,5.056619022320722578e+00,6.912227073193896842e+00,5.049146908927003352e+00,5.503200026262137001e+00,-1.495146611796230474e+01,-1.231910184570839917e+01,6.449787926303739205e+00
-3.756805185733698149e+00,-1.071131036426447913e+01,-6.210877939850986351e+00,-4.325239175531065072e+00,-4.397406361542380182e+00,-2.685779857813042071e-02,-7.263346735916305974e+00,8.852525315188032096e+00,-7.263462339665463396e+00,-2.927201417694307750e+00,-5.959162195591614086e+00,3.697534377714758236e+00,-3.907868024027014719e+00,4.498903411050418910e+00,-1.250384705013726716e+01,-5.918496717366850568e+00,9.611749776266916845e-01,3.055819687234074600e+00,-5.091722263671654147e+00,-5.579731477448869548e+00,-6.881877983722746173e+00,-4.491606420789528542e+00,-1.934483143691123397e+00,-2.413655000249190330e+00,-5.911671613161701977e+00,4.858959150085458312e+00,-9.469394893391321233e+00,-2.814113486691825372e+00,-4.581565722892772641e+00,-1.285869868784260461e+00,-3.140128716447182500e-01,-6.396164727805275341e+00,-6.369104826138557662e+00,-6.030480004994771548e+00,-4.499681193889799147e+00,6.884387915467566899e+00,-4.150720699642294953e+00,5.952443774251475972e+00,-8.174644520345248466e+00,4.849390910438716729e-01,-1.122651956981686183e+01,-1.606168629534059811e+00,-1.699768510409747746e+00,-1.063615580325308674e+00,-1.233359285131296890e+00,-2.453795926505891956e+00,-2.448205522554460778e+00,-2.612248018950803718e+00,-5.460790961146745559e+00,-5.524856467645795632e+00,-1.431850297223414259e+01,-7.108228362377229992e+00,-4.042976458231088976e+00,-4.823680348848003341e+00,-7.580244618203437756e-01,-2.023460063155252175e+00,-1.023794494451602333e+01,-1.538935621208810645e+01,-4.490163779557905244e+00,-9.054710506723691044e-01,-3.695779204194985512e-01,-8.125066869372940204e+00,5.969497702863598043e+00,-3.225104343576718158e+00,-6.771573454731649733e+00,-4.072029760565960999e+00,-1.219717271218618215e+01,-1.828840393631341765e+00,-6.248458990969226079e+00,-1.500633723498031280e+01,-3.127692012956852174e+00,-6.052047713575444909e+00,6.077797158208788630e-01,-3.681303259703581521e+00,3.129299471320014181e+00,-7.047126532215983730e-01,-4.644171362721955632e+00,-2.507828764020894052e+00,-2.548097159306456305e+00,-2.309521807044715214e+00,-1.494689934599010339e+00,-6.112508169914105949e+00,-4.168466398253283245e+00,-5.385441209063004386e+00,-3.850083084202727157e+00,-5.424266172023639143e+00,-5.032899480785824942e+00,1.890220953739999210e+00,-3.330205286106068030e+00,-6.959190630637726027e-01,-3.111395824300299262e-01,-5.401470944312585232e-01,-9.196417297768795240e-01,-8.294554766149920155e+00,-2.056434923997640940e+00,-4.107480169951941207e+00,-4.497868833996689020e+00,3.667245463223611335e+00,4.111964417659041082e+00,-5.332576075781764402e+00
3.893648586082109730e+00,-1.557196968518639935e+01,7.320705310790339482e+00,-3.116218482603939854e+00,1.178486808706722044e+01,-3.175226153918269567e+00,-4.429137712118706105e+00,7.657291874775468798e+00,2.733913965576051375e-02,1.346553458387423952e+01,6.946682092789425056e+00,8.689992693087230435e+00,2.674170421864677571e+00,1.057095830465933517e+01,-6.917660139955625453e+00,4.507419363571293580e+00,-1.330424222935140843e+00,1.986273105061611233e+01,1.329668925266229706e+01,3.066778904708360898e+00,1.819838470664505992e-01,-1.682152872429489576e-01,2.095330735516990117e+00,9.898723226244769080e+00,3.792965106741774672e+00,2.671562601792931702e+01,1.132939517654889983e+01,1.975476822034080371e+00,-3.103372628834911051e+00,1.007994237107663693e+01,5.309941833236450748e+00,2.163171917704581837e+00,3.690036268065163272e-01,5.731400827387649777e+00,7.490132547643866268e+00,5.858970597668919922e+00,3.118248951014184200e+00,1.230929385030046141e+01,3.025509980997946435e+00,-8.481353043483277787e+00,-1.694694487578059494e+01,-6.276188573498099998e+00,1.200162128669508999e+00,2.413061142639915779e+00,3.574514875167114525e+00,1.232066626315028657e+01,5.389763657967165500e+00,1.271253499225843342e+01,-7.113892736536847394e+00,-2.848196755879534692e+00,-8.715510803089424385e+00,3.513837674593457638e+00,3.423297770829806907e+00,-4.057904736870762363e+00,1.273452987304803274e+00,2.309839982677747816e+00,-1.098773290796771285e+01,-4.650850593887255080e+00,-5.100981544382217070e-01,-1.353052090675367580e+00,1.235673167238690695e+00,1.325917772440538656e+01,1.527174718593054870e+01,6.202152470441420817e+00,-1.568330809451152774e+00,-1.571676568631963589e+00,8.855626254847337009e+00,-1.684137452195038076e+00,2.807963891524391187e+00,-1.219196246269480888e+01,-9.324236642264361663e+00,4.326950656957468944e+00,-3.905167594572478862e+00,-3.234463147188308962e+00,-6.245607581909844441e+00,1.025391134272564209e+01,-1.426793846708155478e+01,-7.426191294065141335e+00,4.677885117472356136e+00,2.674811543723750518e+00,-8.069893201290129880e+00,3.561275219643126988e+00,6.858984398520065362e+00,8.345492401453267206e+00,4.565937280604630999e+00,-5.593911677722173792e+00,-5.179773211049710113e+00,1.185477607633158570e+01,-1.232473914537638571e+01,2.947618412559156464e+00,3.187799486256534642e+00,-6.385966813649178953e+00,7.686049423422591786e-02,4.733041578890190948e+00,7.977399926502314331e-01,-2.528152749425685464e+00,-4.682778379516316924e+00,1.711859337059296848e+01,7.177702855693214978e+00,-3.801638956847125606e+00
-1.196299562555892315e+00,-7.443555503513247906e+00,-3.033307326025564521e+00,3.607184716431283356e+00,9.400287448452544936e+00,9.384881251973272498e+00,-6.601929654457161512e-01,2.933929505002502225e+01,4.817404554802890537e+00,-8.900490578439079759e-01,-1.740287799956767412e+00,1.980804295749943833e+01,7.279017494502173946e+00,1.972322404591202627e+01,-1.585334022769852780e+01,1.398653800236644429e+00,2.639363579654596670e-01,2.516945092134530881e+01,-1.199088649768645887e+01,-9.338277000212613643e-01,6.431496255996204114e-01,3.919169772947840080e+00,2.339710852944345554e+00,1.088688938027131625e+00,-8.572507083480442880e-01,1.833095652544693976e+01,-9.140065405120434860e+00,8.309815102826384248e+00,4.866208711276661880e+00,-5.309269021259965804e+00,-3.084453996290115185e-01,4.952014577368391457e+00,4.247669192821028616e+00,-4.739106172069444511e+00,-3.206309521517864081e+00,2.288134866239426657e+01,7.625861254613024443e+00,2.360150680343284435e+01,-5.111216002585782903e+00,7.879866681341527013e+00,-5.273277107130945218e+00,2.009296338645495172e+00,7.660078909077691733e+00,3.960543137156375071e+00,4.180500363155005950e+00,1.679760140664092560e+01,1.993794748429644548e+00,-3.174151649911920448e-01,9.186229632428727143e+00,1.493639023649499187e+00,-1.648213340904999313e+01,1.060414499683899336e-01,-2.118617621548679608e-02,1.561221655145082110e+01,1.675564169112721657e+00,-1.891805703449252807e+00,-2.110808171912522369e+01,1.567310924186684318e+01,5.309857583613699639e+00,9.955645549634470903e-01,-5.717225084532823409e+00,-1.024117472218043368e+01,1.844353596893145664e+01,7.366369253326658040e+00,4.771853653983443522e+00,2.392213304144297226e+00,2.569077093930475009e+00,1.081853603676984932e+01,-2.856789748545898622e+00,-2.122032371196441147e+01,5.763513645433659960e+00,-1.615333555267506327e+00,1.657442416602664181e+01,1.232315791600280619e+01,1.051554155850492833e+01,2.163481833665199972e+01,1.933043473486128860e+01,6.715794738763334326e-01,-3.337074959818158604e+00,-2.329165345828020151e+00,3.637931042705048412e+00,5.501301844418950537e+00,3.594512964691784163e+00,-1.141494585423888530e+01,-2.364989247825556529e+00,1.515994914581785036e+00,1.380247408766827721e+00,2.059612153650738264e+01,9.069667805682284367e+00,5.645776993357273454e+00,4.943141005003665711e+00,1.188445527525971990e+00,-3.864407705270745730e+00,-2.199268877994527305e+00,2.386230463815539160e+00,-1.004481745193189468e+01,2.217068501991620977e+00,2.096300628645548159e+01,2.718929122789521458e+01,2.606591153443051034e+00
1.663610499279552180e+00,6.629854496928113683e+00,5.687676589710894959e+00,6.159911527575274270e+00,9.075819133366723079e+00,-1.693984885732471746e+00,-5.172869202543384226e-01,-5.459782951131226802e-01,5.313852204342638608e+00,1.338039023567197461e+01,1.188458084751088606e+00,2.334386469776203565e+00,4.777134950402176727e+00,5.527451247876680185e+00,9.381257572335243822e+00,1.616608358867097417e+00,8.701934986534901384e+00,6.321775321758878796e+00,9.992406654745723316e+00,1.797387301839600493e+00,6.601778002334105722e+00,-1.585458235382185110e+00,6.914556605207112128e+00,8.036462375728953944e+00,9.918755842131895761e+00,6.289124070510185405e+00,1.051911553889388529e+01,9.246929732184185902e-01,-1.475675814257964014e-01,1.143978576174923489e+01,6.445838721434634877e+00,8.736506394949726584e+00,5.324237046200467560e+00,1.022653821649224071e+01,6.626730821659509552e+00,-4.311130143411924465e+00,6.515095029601765120e-01,3.707243631283670737e+00,4.850112590806169521e+00,3.733506279236756153e+00,1.750162950586537924e+00,1.546709074259949634e+00,2.971717184962800573e+00,2.465041878868527547e+00,5.626184127263366364e+00,3.862794027087009141e+00,9.705299586616302321e+00,9.523326925360592554e+00,-7.046092687449805325e-01,1.989029964598731048e+00,6.587637740505959627e+00,6.090174439337331158e+00,7.949138253646584218e+00,3.762931649706168891e+00,6.904544023479088466e+00,1.562044494098478342e+00,5.876227552234934315e+00,-3.546140131062163192e+00,4.030374396151400695e+00,5.737358632200582953e+00,6.549967671404784753e+00,1.043958232518619766e+01,5.545812227457343369e+00,8.580737685614424848e+00,3.684175358058476402e+00,1.217274174384166852e+00,1.135008384315027641e+01,1.046778721224318431e+01,1.311362535897917958e+00,6.350763690752395441e+00,-1.864858847447776746e+00,5.605235616092723916e+00,2.474429292244997747e+00,2.101602486985044038e+00,4.985925288116961340e+00,2.289336609490200569e+00,-2.733441257393762758e+00,4.576973307787076450e+00,7.797484867853416546e+00,5.776909220237512521e+00,1.935333034617789494e+00,5.611746070584025858e+00,9.710044005366048836e+00,3.464536345403410156e+00,2.109103433500053804e+00,2.612661797330497748e-01,3.628983044981268780e+00,8.317104896648213064e-01,-9.041212421996821291e+00,-3.218818496308828436e-02,6.125191017395127169e+00,1.009273734047289039e+00,2.322136226061798148e+00,3.488522369560287384e+00,6.115238622109190558e+00,3.996980421474816580e+00,2.031599778697346981e+00,6.223022734613404161e+00,-7.682750153497918788e+00,3.262449950632870799e+00
