-4.565755484051413404e+00,4.967087453437777356e+00,-8.148401610622252988e+00,-3.523750851687551311e+00,1.745025821480332695e-01,4.650884411359510473e-01,-2.933599524284986604e+00,-1.246756311936334516e+00,-6.625975088528823775e-01,-5.817431140688862357e+00,-1.543753348305703099e+00,-5.662910186711609839e+00,-2.407555260920485551e+00,-3.624731075704681782e+00,-1.454611882894376595e-01,-4.444222821914829424e+00,-2.813712629909231211e+00,-4.708958786930743656e+00,-6.839158906697726081e+00,8.382883438907534623e-01,-6.608720802834595176e+00,-1.529658766232343314e+00,-5.993834636444624664e+00,-9.895413182713903577e-01,2.871867926843574281e-01,-5.624464890188049182e+00,2.860253116491175085e+00,4.629964415049409254e+00,-5.051064114896500534e+00,9.420567677986264599e-01,-3.002650464262436092e+00,-2.624220407186063309e+00,-1.505705632700903851e-01,-3.607117002220090018e+00,-1.047156876474322473e+01,-1.392270187814145466e+00,3.009158246411074877e+00,-1.381872385163398276e+00,-8.072468696287856682e-01,1.110308535223381021e-01,3.044193083431530056e-01,-4.128549597850762254e+00,7.932233648905308021e-01,2.593548338695970124e+00,-3.085787696408235803e+00,-6.983853659124294566e+00,1.995238285713036630e+00,-2.224742178395876513e-01,-6.653349874300273470e+00
4.476310585991530866e-01,5.903400527946135234e+00,-4.644146833823812770e+00,-6.200335268378555753e+00,-2.909933665391374547e+00,-3.681183970463953070e+00,-1.952685354054748856e+00,2.999656479932891084e+00,-4.912364745484574691e+00,-1.663462445256592481e+00,-4.693615152469821084e+00,2.953377170157344800e+00,1.701188049254625856e+00,-6.969569106717509399e+00,-3.407020093943780470e+00,4.322882147252316010e+00,-1.217633373258161233e+00,6.094910866895713042e+00,-5.875963904145575789e-03,1.984720433714778798e+00,1.834324321331006313e+00,-1.091176866967904724e+00,5.472895308054097185e+00,-2.004963367310043765e+00,6.939168141214153707e-01,-8.478874338218750140e+00,-5.136094569530939680e+00,4.798393132581999510e+00,-2.319662889112612980e+00,-1.557348169922794234e-01,-2.064863469243981342e+00,7.615196473683154554e-01,2.721080952684810095e-01,4.096909181490500096e-01,-5.812476482034060865e+00,-1.395566873625896154e+00,-2.478530881414535703e+00,-5.375642873789796106e+00,1.657022322196942454e+00,-3.962218606515137687e-01,-3.375563407559036833e-01,3.036338828783012200e+00,-2.500064335836464924e+00,4.583260656903274111e-01,4.575264686296932837e+00,2.582115285041500563e+00,2.492581616456013283e+00,-7.277834423421131405e+00,4.056740845343726143e+00
3.549577717735838522e+00,4.522014587372206407e+00,1.957405479570657469e-01,4.419161117860316956e+00,-1.737072792857242032e+00,1.414228123593924025e+00,7.759692053031268522e-01,5.462483278484406291e-02,-5.515078655236442806e+00,5.391053546863140866e+00,1.078020853523685041e+00,4.181559285777537660e+00,8.357594480402035231e-01,2.423123643335187705e+00,1.421726416300478801e+00,3.256115641494018664e+00,9.496927509470562967e-01,5.776644502826022709e-01,3.750754153443481176e+00,-8.597901510875619602e-01,2.414825445933899140e+00,1.972596844405810623e+00,1.799831888829193316e+00,8.214330365234969733e+00,1.262516050369892895e+00,4.381657931830746477e+00,4.895537163728809205e-01,5.435600885203528243e+00,6.414328916673452063e+00,4.311203722587172216e+00,4.665185894929624766e+00,4.493098793344968200e+00,3.820102248810203882e+00,5.221570792846863540e+00,5.290702763619544058e+00,8.583178959566097888e+00,2.696654513382481522e+00,2.653861925738509431e+00,7.452046940867218083e+00,1.241985170492394541e+00,-6.231034464138589524e-01,-1.133981796450759472e+00,1.384126030982232525e+00,-5.322083110521562688e-01,-1.091707817140487258e+00,-1.504313743958238803e-01,9.526636879163937977e+00,8.924842924857070869e+00,5.843893745764200176e+00
4.231717686685710689e+00,-1.871906483617650885e+00,3.583668970501082018e+00,3.150503272843149016e+00,5.516251947767560893e+00,4.140294762596088418e+00,-1.596376242736499584e+00,1.931264326652489594e+00,4.941209339188294081e+00,3.906601723027119721e+00,2.818538179970614621e+00,-3.375455708268649602e+00,-3.335795327488865869e+00,1.222383799706808549e+00,2.796351789223159745e+00,4.779248796294996993e+00,1.966028009613302263e+00,5.275784866770711901e-01,4.094290581149293562e-01,-2.393934158703312498e+00,6.924125024863673206e-01,1.669394043530842420e-01,-3.395159700965309391e+00,2.834496960868956084e+00,-9.862879173704020008e-01,3.199791654401491936e+00,-4.754993607366408970e-01,-2.136881674160687083e+00,2.627798841833418386e+00,-3.933490341357356535e+00,3.942138833757608651e+00,-1.065220768001255092e+00,1.546950224309447064e+00,4.194513361589730316e+00,3.580073791008488548e+00,3.245675134199588197e-01,9.901881429865916351e-01,-2.318063037101123491e+00,2.997537417670688598e+00,1.091899976515275483e+00,4.995189070763165873e+00,7.468189170567810509e-01,1.089016237178219715e+00,1.731187251651916448e+00,2.431146038817266763e+00,3.813708350998653351e+00,3.184228090995376181e+00,3.959607364701862586e-01,6.683140290382318049e+00
-5.006216108806157195e+00,1.209818685058705601e-02,-3.236563787520608582e+00,-1.614123420583758906e+00,-5.690460988494807637e+00,-3.222414703099986788e+00,-6.039559624498510582e-01,-3.113254460212201424e-01,3.746409733244236984e-01,-2.945563078719489081e+00,-8.392244739981500334e-01,4.586767802635919544e+00,2.133937071675302555e+00,-9.053521438164322532e-01,-4.589018705924064356e+00,3.678467101216780666e+00,-2.077165276605202615e-01,-6.152999200012506664e-01,-1.535146743747582310e+00,-2.276975945238463250e+00,-1.397960293750037941e+00,-2.796863262733467193e-01,-5.160495446482606496e+00,-2.002881687911691078e+00,-1.243254608634226099e-01,1.238595556091494743e+00,8.827395288888690850e-01,3.401817895910320688e-01,-1.894529367276374554e+00,-1.198017793603337322e-01,-6.177323921968504550e+00,-3.826254081715722566e-01,2.862010309536925368e-01,7.854020203043984849e-02,3.316920836878295420e-02,2.344659913964411146e-01,-2.945838036323175313e+00,-2.424865178910475372e+00,5.421165451624702092e-01,-2.248213400953446683e+00,4.597574544773809002e+00,-4.513229695023017740e-01,-1.809252495295445406e+00,-2.451126460092992065e+00,-1.877939523305136138e+00,3.100642918541587800e+00,-9.762825183361414361e-01,-3.080619668202261963e+00,-2.525570380963333861e+00
1.782468831672312071e+00,2.326964603798524323e+00,-3.353700744917825105e+00,-6.151734783505750315e+00,-4.218196140919683756e+00,8.034808424022290563e-01,-1.557491658873554119e+00,5.261361181719198532e-02,-1.797642551330200344e+00,2.011528178377898435e+00,7.088447826248654771e+00,8.524254125061602849e+00,4.665447778322153738e+00,-5.147442194305996921e+00,-4.701143473100593440e+00,6.237877393582446750e+00,9.158204544072504616e-01,4.415895844753570110e+00,-2.287341539867424167e+00,1.712235109113826148e+00,-1.933646887918990087e+00,-3.685886756157494837e+00,7.420889038673969651e+00,-4.851833762314941012e+00,1.094020890024640646e+00,-5.176701675993563789e+00,-4.400333422970304831e+00,1.075436645119465906e+00,3.007368654322487789e+00,1.461674595211777783e+00,2.591533893958794188e+00,2.921545493789523107e+00,7.562369767084140548e-01,2.951835300998161493e+00,-5.821918607250516686e+00,-3.738225168427701472e+00,-3.523101906868881805e+00,7.712883346024448361e-01,-1.894116041749382973e+00,1.161364565890691036e+00,1.368309402377358985e+00,3.231353740444010469e+00,4.420549769257744011e+00,-4.808618014309434585e+00,-1.325151397559332089e-01,2.401996211315711616e+00,9.337534438424053285e-01,1.183483886443087663e+00,1.187753098934983376e+00
2.946149343447160618e+00,6.731820932140879066e+00,5.337846108833753433e+00,3.146625574777700773e+00,-4.193204288998741980e-01,5.450218177591048985e+00,3.802261944048301867e+00,5.913321815583038266e+00,-7.629823177995485040e-01,3.853329373890829412e+00,4.003233127822301896e+00,3.967723621585358185e+00,2.717493022610153020e+00,-5.568670066988297140e-01,6.406652838796455640e+00,4.367476717222787741e+00,4.072310551574445547e+00,3.836768138679660378e+00,5.019651096789865541e+00,1.459567246144515940e+00,4.372136139536628718e+00,-1.786173353453802015e+00,2.624330108033383624e+00,4.132782525813517793e+00,1.877189390392979051e+00,5.263586068036653742e+00,-1.197775544366832978e+00,4.131598580692379841e+00,5.718625543558948365e-01,2.724134105708690523e+00,4.553638108950961438e-01,4.199204328308647760e+00,7.570075666372614975e+00,3.311450414356255756e+00,3.551140108551219754e+00,3.666948627179772657e+00,5.399223591171905312e+00,1.884715816291566703e-01,4.840219531276590992e+00,4.661763740322989236e+00,4.273651285838838021e+00,4.919921790803923223e+00,3.116029908394815973e+00,1.108261697110907829e+00,-1.060198022613450419e+00,3.187239341939912318e+00,4.411270447854740873e+00,2.646761469220577201e+00,4.416509709457627331e+00
4.714094782429588015e+00,-2.255767564260988234e+00,-2.625401445839369519e+00,4.749812740486317963e+00,1.359328297579251998e-01,-3.497931923282817657e+00,-2.990360655701397086e+00,1.451058456780324191e-01,-6.238113563173226517e-01,3.787317018786809264e+00,-3.957884733257304610e+00,1.902642369494817576e+00,-3.456600741820921030e+00,-9.200252665835935151e-01,-2.122849545724769360e+00,-3.985848903316714598e+00,-9.433422105654203360e-01,-1.792024454656919730e-01,-8.141053779247570787e+00,-5.323544498025839289e+00,6.357096587511892327e-01,-6.213021412604227578e+00,3.813611012388413712e+00,1.344511104990816719e+00,-2.080838304300517194e+00,3.378561137458196306e+00,2.697335397326400042e+00,-4.896831380278253043e+00,1.383033021375925653e+00,6.882780566395372279e-01,-1.206842233685301302e+00,2.140029464301843376e+00,-1.065060412182156524e+00,3.174383736362156760e+00,-5.957907477594731382e+00,-3.537557521112530967e+00,-3.716396641432484493e-01,-3.007187446965856381e+00,-2.531283439993345930e-01,-7.025547353262888706e+00,1.362141214240082387e-01,-2.152124321239117677e+00,3.291661606989835676e+00,-8.077228793049499700e+00,-1.498923145075776953e+00,-1.738393231584798082e+00,2.955354378047900799e+00,2.490202731926165924e+00,-5.347006563829122427e+00
-4.603636379180205296e+00,1.792237741625799297e+00,-8.886407944467862308e-01,1.022079029571616449e+00,2.601406416389195897e-02,-1.277648061157948822e+00,1.975339122741035069e+00,-2.915512257185762124e+00,1.080892133401400113e+00,-6.989270710156447741e-01,-1.650230660198944932e+00,-4.452809007086907300e+00,3.696333977190950471e+00,-5.875973891727389820e+00,-5.270905472897509547e+00,8.279531316543127240e-01,6.955665344349445389e-01,-3.113107114369011441e+00,-6.833709292215106146e+00,1.830476203761085552e+00,-2.176891344050701171e+00,-9.848918415347412969e-01,-1.941396069162438121e+00,-4.511307418479161058e+00,-6.573292094535979402e+00,-7.336553810356923222e+00,5.269361444802786565e+00,-9.953264085546942308e-01,-1.947958511642780000e+00,-5.746965576349857940e+00,-4.029816499305338695e+00,-2.307271075159649243e-01,3.422255769765093270e+00,2.483330551693919030e+00,-1.492567015522142215e+00,-4.136471844823996769e-02,-1.500392581958146732e+00,-7.360979357164497472e+00,-5.761997428168421642e+00,3.563547420895171403e+00,-1.026947480808451107e-01,5.975771674359914520e+00,4.094243955157968462e-01,-4.117831791624113613e+00,-1.708326230175118976e+00,-3.524145678705714602e-02,-1.872796775548208004e+00,2.173306823193755788e-01,-7.360435077905466805e+00
-2.313782576347103159e-01,-2.883674022823251804e+00,-5.901552939478029280e+00,-4.382710053944338213e+00,-5.316433399359540291e-01,-5.611841391015059965e-01,-3.564624517861952224e+00,5.338264439930353600e-01,-2.893829869067265914e-01,1.500304921436441230e+00,-1.919731898882473198e+00,-6.851812710621686398e-01,-2.639167468335993139e+00,-1.399024906011694602e+00,-3.531108390568705957e+00,-4.116980036786630492e+00,-8.919814128826323296e-01,2.479741382504389691e+00,2.489306649370337965e+00,-9.671882719373259274e-01,-2.335954872656869519e+00,1.840500396514010983e+00,7.065768146270101635e-01,-3.928369411945465295e+00,-2.170723177407685611e+00,-3.720449550522065607e+00,-2.808262223047549355e+00,-2.453585388854766958e+00,8.255371349054045904e-01,7.180596894203677971e-01,1.229453906915659367e+00,-5.823486393630772362e-02,-5.623303696227629267e+00,-6.426201522360597274e+00,-1.463424353308383052e+00,-4.177661730032158793e+00,-7.295232521006377979e+00,1.038014004277916236e+00,-5.983328018820263772e+00,9.371484127628618710e-01,-1.420266398233562821e+00,-3.103823112677855711e+00,-3.511330929786735666e+00,1.620436285942776777e+00,4.430195936070203899e+00,-2.885067656155034577e+00,-1.706942025438324295e+00,5.071271264702925663e-02,2.610479691464700380e+00
5.499356659783613210e+00,8.260411777249903054e-01,5.951036288047368394e+00,3.971015210169222875e+00,-1.576168703586152686e+00,9.693462407613559151e+00,2.786578741460816300e+00,7.172392688915094183e+00,3.709168819998994060e+00,6.163165185175433436e+00,-1.867181950073600438e+00,6.675120061603367461e+00,7.296140579264884352e+00,3.462283899363905348e+00,3.191691476087413548e+00,8.279904022845775202e+00,4.556537606472478075e+00,6.698602398902496091e+00,8.050171511810535918e+00,3.162742864845184521e+00,1.784655820111268332e+00,4.107540882987562370e+00,4.070705842899807081e+00,9.483848206591925845e+00,5.867762736437846627e+00,6.939191518711862017e+00,3.933983771726637269e+00,5.232678236220158041e+00,3.955467089381199397e+00,5.130959455223123022e+00,5.911168271687315290e+00,8.678232439920236629e+00,7.074752547180196416e+00,5.096099753205734828e+00,6.354547667855807269e+00,8.579721663017812361e+00,3.430996536227187033e+00,8.643779172898689467e+00,7.630411869039718020e+00,1.938316688299732693e+00,3.669488267721452868e+00,3.124617366085835179e+00,3.398420024329049660e+00,3.102974258534237695e+00,7.304414280109608804e+00,-2.495628577306385765e+00,7.666681629525639252e+00,3.519337999367174952e+00,6.226910423644433479e+00
3.422739671258001604e+00,5.202488890334347360e+00,1.411488670912494747e+00,-6.864791459147434605e-01,4.939293561244819664e-01,4.272571040023381173e+00,5.076582965366009503e+00,3.673040556988170113e+00,-2.150937988975391679e+00,3.102028072206134635e+00,3.022167650730570032e-01,6.542636693615316190e+00,-3.871008865137314015e+00,1.954357860306259465e+00,3.099573441584580813e+00,3.276336595360499704e+00,4.231384122775862622e+00,1.519147174763807895e+00,7.190469257453604435e-01,8.512214344179129810e-01,-1.542027288848828448e-01,2.098706126290142748e+00,-1.112026740250804613e+00,6.345824309784985573e+00,2.214979932960936093e+00,4.051387844555691231e+00,-1.222844449721367521e-01,3.020334336738468295e+00,9.562623743550064948e-01,3.155239686554455858e+00,2.358867576233155461e+00,2.941143590378467176e-01,-5.376034355506544848e-01,6.012962894835792937e+00,8.435945775021863824e+00,3.676852109013356795e+00,-7.741588113400643678e-01,-7.367283635317991575e-01,7.190569812054104837e+00,7.560537883059081921e-01,1.288516000575238962e+00,-9.098074576178727391e-01,-9.155833064263529941e-01,-9.050571617875993624e+00,5.016684815817917809e-01,-2.494262508734598871e+00,3.477506082940934995e+00,5.049687989658935727e+00,2.173030749833253061e+00
2.228816103135869753e+00,3.060187541473245343e+00,-1.441906214798207353e+00,9.494588130715799768e-01,3.198423120772177608e+00,8.982782325662328482e-01,6.395755449034884244e+00,2.959522169672245795e+00,-2.269873433332061374e+00,1.295256755209709620e+00,4.916899735135509708e+00,6.154200589392717635e-01,2.135143528846703553e+00,2.387988636986438262e+00,4.856211817268542674e+00,5.959950751482017139e+00,7.306808656336475138e+00,1.769568464780082007e+00,-1.002752933826695503e-01,1.570699559934529699e-01,2.890191430730608246e+00,-5.173629145238111127e-01,1.151914161678946158e+01,-9.663668061606439652e-01,-1.471804099733723170e+00,4.041256597620206392e-01,-2.602946126801634730e+00,4.307780301771304998e+00,2.586906498066387172e+00,2.487760724537072754e+00,3.029804272943211751e-01,3.001790135188038722e+00,-2.469013961532878554e+00,1.314633407373705820e+00,2.413767956339959664e+00,3.822332673722579788e+00,8.922572870115171861e-01,3.100368166871642739e+00,3.424550794282125832e+00,-1.705678196052873297e+00,1.661862700144438154e+00,2.468423634669070221e+00,-2.763384392475254359e-03,3.987085171712392295e+00,2.184429118957965876e+00,-2.914653583416844107e-01,8.628285923790296463e-01,6.695288015705193274e+00,1.804325353111098318e+00
-1.793856852576788397e+00,2.571689407806135197e+00,2.349439781899334001e+00,5.018449443641864960e+00,4.041921880858660443e-01,5.637789930121347659e+00,4.311072965850029526e+00,6.480234891615853421e+00,4.236423759481875440e-01,2.933551306793755753e+00,3.730334501874467801e+00,4.414902472952936918e+00,2.921810693465280551e+00,3.929644733439044746e+00,4.057190730781467636e+00,3.941466033871358299e+00,2.735595665747253769e+00,2.337404156224650809e+00,5.801274672637460661e+00,3.155216200321251385e+00,6.286503285085547788e+00,6.427439570529223545e+00,-5.126842515089682362e-01,2.316557040197837036e+00,3.898886227528760351e+00,2.616375407011700460e+00,2.952527079914891051e+00,5.304417342498228827e+00,5.065420268384395186e+00,1.080609913838970870e+00,3.137399470226570397e+00,-5.205526749246718321e-01,2.267516963984868461e+00,8.172713322394137947e+00,6.995782356622767928e+00,6.545983001911922727e+00,2.376855143163238981e+00,7.398016589728688253e+00,3.199325289395479111e+00,4.394244580759294472e-01,7.190710151711562581e+00,2.825935885150887117e+00,3.510911543881425789e+00,2.095020074254625886e+00,3.442786466982708848e+00,6.631811405486503830e+00,3.799894139502596691e+00,3.624055202347211235e+00,3.006272831034685122e+00
-5.016692371782196957e+00,-1.123131180108937599e+01,-1.407414073033280477e+00,1.541909391004075314e+00,1.084134436628733322e+00,-1.527865801504713295e+00,-4.126879024421329589e+00,-8.884014488583236613e+00,3.540132589790960793e+00,-6.369518201202568619e+00,-1.502200621070623354e+00,-4.872075405810496918e+00,-5.217910800680006567e+00,2.191976919050926398e-01,7.270400016082368744e+00,-1.015792050050986361e+01,-6.074680436626814561e+00,-4.026124805741177148e+00,-4.979756088406418257e+00,-5.360809847780579673e+00,-7.459435662285262225e+00,2.668749510019559512e+00,-8.377523758659449982e+00,4.762647522144350276e+00,3.598051799803887008e+00,1.924289807227529181e+00,-5.118288672813999796e+00,-4.829536773640063174e+00,-4.837840814761708685e+00,-7.174805973275400817e+00,3.029128136977349950e+00,-1.975438785954448662e+00,-6.706264958692259803e+00,-1.061177094044043479e+01,2.127587861527819868e-01,-3.459691455290604623e+00,-5.289232345470857410e+00,3.062958279354980107e+00,-5.851082563617659105e+00,-7.508197262480209133e+00,-6.106006218666014007e+00,-7.046315093076695568e+00,1.727904790201990615e-01,-1.367378000312499786e+00,1.004773943005434766e+00,-1.856390438490573835e+00,-4.726373965202008698e+00,-1.670647304489570883e-01,-2.694870056687038939e+00
-8.489015140922376190e+00,-4.515350325917152574e+00,-5.159833491051649901e+00,-1.322956843769415691e+00,-1.000617665337263240e+01,-7.259082853565923088e+00,-3.733481838149133480e+00,-5.397444829579734815e+00,-4.856913939623766829e+00,-4.639569967379164162e+00,-9.569535519131967760e+00,-6.231786556344339090e+00,-4.475460279234864114e-01,-7.702356460879751232e+00,-6.879307822416444118e+00,-6.639993506777230436e+00,-3.920682964881335053e+00,-7.736315778415401745e+00,-9.320492800331139804e+00,2.230903088232087939e-01,-3.313154259057253803e+00,-8.627414721312952395e+00,-8.391055321673537293e+00,-7.440892258101381884e+00,-1.196868854038733776e+00,-6.875463640747319971e+00,-5.330188784500058397e+00,-4.271789393604255913e+00,-6.266202312722890966e+00,-3.220294288396218452e+00,-3.915344322167237490e+00,-3.471493144721583324e+00,-3.426593722645989715e+00,-2.172855562639128379e+00,-2.829375292947128084e+00,-7.006750616495863504e+00,-5.666520394556144424e+00,-6.746908618171979732e+00,-6.063889818167325529e+00,-3.858771384077237521e+00,-7.049831167889213823e+00,-4.968605241101347048e+00,-4.959678767493081786e+00,-9.973137273956883320e+00,-3.754089393186983870e+00,-1.890917352570029797e+00,-5.154828143302331966e+00,-6.112796026857767906e+00,-7.639666843813472497e+00
-3.691343984018554458e+00,6.770450385908326485e-01,3.841189292812949407e+00,-1.124304850409120204e+00,1.952423634209445868e+00,1.547489877890532384e+00,-2.676925471615692498e+00,-4.252955766021469408e+00,7.564821290097292206e+00,2.391673945142058777e+00,-8.599415873937843457e-01,-4.832747069418830144e+00,-6.768938677177881447e-01,-1.167922349407320537e+00,-6.472526097741228668e+00,-2.785794020750939071e-01,-3.967731316372678840e+00,-9.361627890521074136e+00,-5.325782431923532734e+00,-9.938763480786911853e-01,2.854211775095240711e+00,-3.422578463714953223e+00,-3.718701181355379415e+00,-6.850668403878830581e+00,-5.990752906919077247e+00,-3.953859335507397432e+00,1.130976267045995520e-01,4.034184415400744683e+00,-9.106904832284843376e-01,-4.629456937169043940e+00,-2.940326224576241820e+00,-3.243340500260383230e+00,1.080599401195345699e-01,4.337769452510261914e+00,-7.008971170099247416e+00,-3.707416957557892800e+00,4.029938154726989907e+00,-5.039367018155657796e+00,4.079773576054948059e+00,-2.648319345387978307e-01,-2.176251656489338604e+00,3.268829059419892769e+00,-3.884183891070660977e+00,-1.849084655674993583e+00,1.625917026080524463e+00,-3.142713864576743621e+00,-1.307858272170697722e+00,-3.243385491065470916e+00,-1.161973616381446472e+00
4.726239778158225491e+00,-4.085884260920545685e+00,7.860225601236385806e-01,-6.055715830780434850e+00,-2.771715571088482655e+00,-1.007045505039126265e+00,4.022934222095458701e+00,-8.060973621499996078e-01,-4.263924108790964063e+00,1.766653115988014777e+00,5.170338558799699946e+00,2.393352098413059625e-01,1.638028910487710377e+00,-3.993235166470426201e+00,-3.280465814267171432e+00,-3.187767707795083894e+00,1.643640835848725890e-01,6.140430298816497157e+00,-9.136441674962525461e-02,-5.569391711550173429e-01,3.077209784850589713e-01,-3.738000243367512354e+00,-4.351616637928600539e+00,7.257461508667142347e-01,-2.386646380032254822e+00,1.503185601544733130e-01,5.388073949589084144e+00,-4.251555663354833037e+00,-1.457367488897567620e+00,-2.019167784141940314e-01,-9.458827433024300513e-01,1.907903698112121127e-01,-1.774844784054525837e+00,1.322497167681973451e+00,-1.316884918487879919e+00,-2.537244959995984317e+00,-3.204362394195929387e+00,2.942825278765647923e+00,-3.425091230831764477e+00,-1.137249963823160126e+00,4.430652208714302986e+00,-6.619726101027447740e-01,-3.726154384465449887e+00,-1.703966901143972423e+00,-2.061825070300164153e+00,2.101747556665173988e+00,-3.180074186451073093e+00,-1.749254389505948470e+00,2.094389925556078502e+00
5.211059114373719492e-01,5.848853186248605951e-01,5.896935688887397831e+00,3.768158000748363712e+00,5.474801603648696613e+00,2.950366022947629840e+00,4.678880964577827317e-01,8.696429947361234980e-01,7.130299082043543457e+00,6.410241942193598774e+00,-4.275384821791621270e+00,-4.360045205999297124e+00,-1.532011873095071586e-01,7.155789684168397891e+00,8.330150154370441484e-01,1.008275829472327967e+00,-1.691075509202466742e+00,-4.993140722906021622e+00,-1.401409950394386206e+00,-1.751000058175202323e+00,9.562570042297329209e-01,1.690544174294715596e+00,-2.916058715580684968e+00,3.302551318816202119e+00,-1.429701859924089158e+00,5.001232612924510157e+00,2.189858660342534513e+00,-1.403829159458668041e+00,7.023615877582960465e+00,-1.556219928942086161e+00,4.036800203642294527e+00,2.464524214304091299e+00,1.451919328993378500e-02,2.048871943512285299e+00,4.870200942141059697e-01,1.397910902531665833e+00,2.441787943204063449e+00,3.154287412919603462e+00,-1.224265809312256703e+00,-3.913448367451585419e+00,-5.455796632119807477e+00,1.804843167853287689e+00,3.601704292633673532e+00,-3.802182977685598431e+00,4.738548737449736592e+00,9.034708248473810599e-02,5.160696425619228922e-01,2.514884654054543311e+00,1.180903203519765965e+00
-2.403419870886160048e+00,6.076009069125284157e+00,3.446143992619016938e+00,-5.260048685517100253e+00,-9.903912361013199606e-01,-1.382106390848010236e+00,3.464668405514948368e+00,-8.847703665936619277e-01,1.966145434742980092e+00,-2.423230514740635222e+00,1.309741539973534319e-02,-6.057701877327585471e+00,-7.647929386541667540e-01,-7.073927534711953236e+00,-1.528326353197954068e-01,1.655984283472427543e-01,-1.649726194646849164e-01,1.349854189354947387e+00,-5.150836536234788099e+00,-5.647254019463725960e+00,3.190725471542036118e+00,-6.845357251452981462e-01,-3.377896893445387239e+00,2.493372462847839532e+00,4.302732523096794104e+00,5.706819257244353238e-01,-1.078076300739484683e+00,3.747831207541298948e-01,-3.710594033444889472e+00,3.170363367593269643e-01,5.365003915396787670e-01,6.769466671468007402e-01,9.608727512189646491e-01,-4.104467130966168220e+00,-6.906028992088693030e-01,1.828850416100260112e+00,9.143734600485611264e-01,-4.089606597372497987e+00,-1.379754490124698307e-01,-3.781486621851941177e+00,3.681232485319879677e-01,2.338123258435991669e+00,3.868276475907682421e+00,4.995535836842893707e-01,-3.572124884532900668e-01,2.631547265668064739e+00,-9.041256777814423717e-01,-2.674065613175932166e-01,6.980990845983736648e-01
-1.497090943690792653e+00,-1.609478298541902719e+00,1.236565416914819915e+00,-3.567978859325029894e+00,-7.063623648190765714e+00,-1.611843285973162621e+00,2.577137651872082547e+00,-3.906998243419352423e+00,-5.842531295483311737e+00,-5.054826548819218779e+00,-3.438826969517672971e+00,-1.024624031160749293e+00,-4.982345193337351041e+00,-2.192142646118454330e+00,-2.931725856526686158e+00,-7.140793864875945474e+00,-8.398795991529933502e+00,-2.094305250213106095e+00,-4.548332700700079556e+00,-2.427014321908645966e-01,-3.328002812725948445e+00,-1.368910307802677195e+00,-4.307619197018123458e+00,-5.026990019154967904e+00,-5.438954473176647930e+00,7.904922209257898569e-01,1.097534270701989945e+00,-2.045580945229414027e+00,-4.699311420441494747e+00,-2.826145526699084698e+00,-2.768031486665232244e+00,-5.724926991942998811e+00,-4.824034919065990579e+00,-1.084946626263285641e-01,-3.278034558384087749e+00,-6.002112126193323682e+00,-4.785290992246205022e-02,-2.969970200213470690e+00,-3.702329570785765078e+00,-6.062364297883098274e+00,-6.950780433643810596e+00,-8.008498430905138576e+00,-2.525693218771401849e+00,-4.847470119313509684e+00,-1.797086335549452352e-01,2.843221842319713755e+00,6.307333568729931450e-01,-1.870133131429464024e+00,-2.765850778094649076e+00
-5.409225741556308975e+00,-7.944220741880895886e+00,-1.951151834257555784e+00,-1.909322665224926663e+00,-5.013031448283028269e+00,-1.968337129008235209e-01,-7.556140491062013353e+00,-3.398706897233406909e+00,-2.969366004711925910e+00,-3.020373958641369150e+00,-4.780377648659932532e+00,4.625552682759257905e+00,-7.956722616984773566e+00,9.016570962491451402e-01,4.221278158223084276e+00,-3.554431978862801600e+00,-3.563931181695343398e+00,-2.026884167301573836e+00,3.109410072320587304e+00,-2.129122883543864919e+00,-2.591879077923680441e+00,-4.404994650542622736e+00,-4.824609361480580727e-01,3.165534964800327256e-01,-2.293498065546458520e+00,-1.247963220055076539e+00,-1.643590151969804403e+00,2.406771305478194733e+00,4.525822894135212771e+00,-3.846928058838451348e-01,1.173725194573056685e+00,3.943089968903463749e-01,-2.755996430534422004e+00,-6.190795972212660425e-01,-2.386741718767256160e+00,-5.887881392925537583e+00,-3.395236421652307879e-01,4.002631260840947114e+00,-2.533527333008714244e+00,-4.059943799512033991e+00,-5.417010888864385976e+00,-6.255928514572514310e+00,-1.511016496963390354e+00,-1.014944818659082593e-01,5.267627510002986568e+00,-4.126285037299338931e+00,-5.694787492349609792e+00,-3.201521578384407096e+00,-1.735630392529445620e+00
-2.024577052431167701e+00,-2.085800367947714840e+00,2.134565439656734398e+00,-3.313734502401871396e+00,-5.371555315985213630e-01,-8.676307858253846650e-01,-5.241514321517112052e+00,-2.890770435875636757e+00,-1.821189551689335939e+00,-5.393472036412237713e+00,2.735287253637762372e+00,-3.101794014426395130e+00,-4.719512792254975331e+00,-6.810414608046633234e-01,-2.735221664905597372e+00,-2.230984561828597279e+00,-3.899663394520586746e+00,-2.314006061069767473e+00,-2.726787659387162943e+00,2.770549272353828307e-01,-3.612724946179040053e+00,1.406244403952344513e+00,-4.670099020657754174e+00,3.386021879347180352e+00,-2.917419801788217804e+00,-5.123764378385464724e-02,-4.618542188717296604e+00,-9.302790505529361376e-01,-7.948598637260583466e+00,-2.065928841874667743e+00,1.366942688214767498e+00,1.275779490798116367e+00,-1.732606015890935547e+00,-1.507953026691348120e+00,-1.407865710640927581e+00,-2.136332029535809696e+00,-4.873523875274395900e-01,-4.480652360277755264e+00,-8.682188062750105795e-01,-1.373694000225449763e+01,-6.639031411645403224e+00,-5.700471441632627645e+00,1.163267459992524677e-01,-5.294630531079068447e+00,-4.218724318148467489e+00,-4.564877501147535099e+00,-1.575795845560706177e+00,-8.303982538508652977e-01,-1.999891706844791894e+00
-2.070141061119787462e+00,4.622892534931441588e+00,2.460792671240045859e+00,-1.371685377625981195e+00,-4.548944635495664635e+00,3.730078336413987117e+00,6.848319655581708076e+00,3.098393173456579941e+00,-1.859289178749495175e+00,8.026027691455623891e-01,-1.664967653365933886e+00,-1.578851560536296050e+00,1.771982908090999231e+00,-3.126459442754906171e+00,2.948673156137342932e+00,4.163714688443684864e+00,5.057115775786042988e-01,-6.379616679879795527e+00,-2.203508479329203684e+00,2.691705018789761539e+00,5.082633344058258729e+00,-4.061662516808284273e-02,-5.473342864887925430e+00,-1.770744689403495276e+00,2.416213122587815842e+00,-1.640733841933520676e+00,-3.825447516986056229e+00,-2.164523027254992016e+00,-4.732316208908338151e-02,4.924564892221139356e-02,3.208918279196798728e+00,-7.468453612146463971e-01,4.984628874876030347e-01,4.154786360829203495e-01,-2.598065522412051909e+00,3.422237210182960121e-01,1.130960351833190325e+00,-3.937582915395110295e+00,6.063457910351433000e-02,5.141468137443247599e+00,1.395240590937332215e+00,4.537969729947111119e+00,8.609549383820137569e-01,6.974738695791727894e-01,-9.677334607143761591e-01,-1.758808634388346892e-01,4.939684145370351054e-01,-2.680679656437280123e+00,-2.814974397653886129e+00
2.978795480970098275e+00,4.316038682308217744e+00,-1.431375726722184494e+00,-1.272738447172691911e+00,2.323767479560272520e+00,4.994384146197541341e+00,2.743832724398820755e+00,7.319283370923434617e+00,7.113668985792541477e+00,4.493539519024256634e+00,2.337863015308795145e+00,9.792547953039573372e+00,6.742470385163501945e+00,3.809064100892812998e+00,5.167137349992010797e+00,1.321724025535083280e+00,6.463101837943323602e+00,1.043371121628950604e+01,1.395881419309860760e+01,3.279589479826049203e+00,9.931008927132914721e+00,7.164040588390260034e+00,9.365095117978103900e+00,2.828422605208023466e+00,4.488136403572816846e+00,-3.897095345229502072e-01,6.345269546020304574e-01,3.602828427014716173e+00,2.459675312934684666e+00,8.440202923722397443e+00,7.516896395658244856e+00,7.591782879097690895e+00,2.301054983784773800e+00,1.451630252692878820e+00,1.314150977683832711e+00,4.432174765192960386e+00,4.751815363005862380e-01,1.464459458836674699e+01,1.817715605155764358e+00,7.310289413700489014e+00,2.288125238023364538e+00,1.098627764933194939e+01,1.410174112575860006e+00,7.661984748522760569e+00,6.879629256039988761e+00,2.732863945423455121e+00,2.346752229698913617e+00,1.469975619514401366e+00,8.518700668247413788e+00
-1.635036826480708250e+00,2.915666209837495693e+00,2.845907716125815057e-01,-4.256112184790909581e+00,-5.625939065182982146e-01,-1.934420787112738349e+00,-2.959319536515002458e+00,2.210622648806132240e+00,-3.242452039388448615e+00,6.788875725461350541e+00,2.151616899441186170e+00,5.438393676557842227e+00,3.272633472663001086e+00,-2.833080090718936184e+00,-6.617723341041084950e+00,9.901402174538659340e-01,-9.952026408404854863e-01,5.999662858345159444e-01,-1.845524572143861342e+00,2.052548712510542828e+00,-2.643258738363757576e+00,2.551550135940222619e-01,3.930168291050821772e-01,-4.751168148368312139e-01,-9.594071120291898236e-01,-1.606637076539999098e+00,4.542548010909998268e+00,2.845838159320244642e+00,-1.853565457139058070e-01,2.036277047202637913e+00,-1.089219975763235704e+00,-1.469588996929473146e-01,1.021067568654698277e-01,1.944853297067692388e+00,-3.350625537176438407e+00,-1.762707238505346385e+00,3.148729826822856293e+00,1.102400850030579083e+00,1.394659345464910993e+00,-1.985800814418841265e+00,8.696344747195812186e-01,3.474444668128678693e+00,-2.616394941624632153e+00,-3.154659127728559387e+00,-2.238926708201099736e+00,-1.652655469706190150e+00,-9.843417405045217228e-01,-3.677608220563494790e+00,-2.275628866584766374e+00
3.864821544028409050e+00,3.194971151026968492e+00,3.822365657180522458e+00,1.252498587550183728e-01,5.615719262324638805e-01,4.886898492002332617e+00,1.251667236298240393e+00,-3.673014057276055233e+00,5.485584118888762184e+00,2.627441975192112089e+00,1.958079477077639075e+00,5.611979017300781081e+00,4.021373777138586902e+00,7.522972030499425422e+00,-2.544800077512599401e+00,3.950877202612484984e-01,-8.725327280951766795e-01,2.040323700084909486e-01,2.130796395578913760e+00,1.340733338101733230e+00,4.467502120712535607e+00,4.861857578682574399e+00,2.193103028000927823e-01,8.177297852512726450e+00,2.787640585015298988e+00,6.823304422856965701e+00,-5.300633134541099523e-01,1.787339017673035046e+00,1.048914054319867395e+00,1.679034928584649089e+00,3.921704458870000298e+00,9.304849923321679483e+00,8.601662679483287333e-01,2.288832683752826114e-01,-2.627097681381225236e+00,3.644353965480581437e+00,5.630105176440265424e-01,-1.953156204154726794e+00,8.853613605285266530e-01,3.416530966558947391e+00,2.790738450020355810e+00,-9.799662367446031475e-01,3.389421257499267703e+00,2.540509464826134156e+00,2.623014371952047341e+00,2.137147405408728051e+00,5.129512285363304613e+00,-2.093433628503537314e+00,5.578294434314314820e-01
1.513605576970358690e+00,2.584682831271750914e+00,-8.662055305790707038e+00,-3.239065353154229499e+00,-2.937685768459936675e+00,-6.740743733236246094e+00,5.389799097561902563e-01,6.412998904912872167e-01,-1.201330557552616796e+01,-3.089878469582508558e+00,-2.109549393130845996e+00,1.690161344682348243e-01,-5.236925705403812081e-01,-1.053545821965430918e+01,-7.804164168824971881e+00,-1.891408271746284342e-01,-4.703182131956775258e+00,-4.738100916321285716e+00,-6.101195642656138673e+00,-5.076980223144872184e+00,-1.581165231579444441e-01,-6.895834871306218972e+00,2.311062311358638599e+00,-3.557662364069278382e+00,-6.667075458808476185e+00,-5.114170798659435135e+00,-5.521054195337475434e+00,-5.661057902277564224e+00,-1.370486918058973380e+00,4.824867993289103651e-01,-4.940484213174123340e+00,8.367489479442669076e-01,-6.248885442970832038e+00,-1.174136458216263890e+00,-4.431396678982620685e+00,-6.511386911806077427e-02,-2.348447924669944342e+00,-7.631303422134768866e+00,-1.733850896244618855e+00,-5.334340291833179037e+00,-3.572050511451982491e+00,1.749522633296966223e+00,-8.701505185971599943e+00,-2.215567682851498965e+00,-6.764100101138508236e+00,-3.301568758023102568e+00,-2.939815049922686718e+00,-4.128524273706452696e+00,-3.628266982574535504e+00
-1.819265917966622403e+00,-8.729305313711611447e+00,-7.781912107302533244e+00,-4.749831707128557845e+00,-7.925656623345270546e+00,-1.080564717945843745e+00,-7.636676359364820144e+00,-7.828217991006826415e-02,-8.432173104269805819e+00,-1.252952155487418340e+00,-3.852990621947698813e+00,-1.091866837340496055e-01,-2.314439510549556989e+00,-4.543208299160236052e+00,-3.905042190816280900e+00,-9.130502322086893052e-01,-8.501564174061053691e+00,1.061391610252630624e+00,-1.162446645564038539e+00,-4.718574418298080886e+00,-6.065037778780413280e-01,-8.373578736982024040e+00,2.231148640305917752e+00,-8.904880868683564543e-01,2.216144013601580864e-01,-2.947642360038058573e-01,-4.299471205367694004e+00,-9.278415923590095371e-01,-9.214816865966374282e-01,1.496637661335127767e+00,-3.744173621982484601e+00,-3.561665315834820600e+00,-1.559546017822731612e+00,2.731772544179941420e+00,-1.504043839214060263e+00,8.992979946431488569e-01,9.146435487478135062e-01,-7.078435779363825731e+00,5.721768639843681115e+00,-5.642787770482774690e+00,-3.165483724442166746e+00,-5.309512290587152350e+00,-5.708524361898541066e+00,-4.490838853758648774e+00,-4.810475714015950643e+00,-4.635353635871299005e+00,-5.059105113926051445e+00,1.728815457290538538e+00,-1.440978900912539107e+00
3.547512421986266595e+00,8.420762841215614358e+00,9.371369810717418147e-01,1.629288253178254653e+00,1.891055586868982896e+00,2.360263699209612653e+00,2.602973225702894577e+00,3.387023446131331550e+00,-1.252755134585465058e+00,1.426289133699714107e+00,-4.423221339359750814e+00,1.659922960367757661e+00,7.739555958272963387e+00,8.249721180520981356e-01,2.676264438629319287e+00,4.900394260386088163e+00,7.344051613355442321e+00,4.981012721075979144e+00,1.335689329174561069e+00,5.814880710996849444e+00,3.972378246762439336e+00,4.852154625793106746e+00,4.341692898484470042e+00,-2.125277098360447425e-01,-1.006412380440676158e+00,1.952806260477960354e+00,5.454478065439143375e-01,3.230245269686883969e+00,5.029485920661239007e+00,3.815934898565377598e+00,1.706416346327849665e+00,8.014935343474446916e-02,4.614936836342049098e+00,3.789641406309793403e+00,6.325505404593829706e-01,-4.149509945496529184e+00,2.347199539438697080e+00,5.175221572213223986e+00,3.339050108392528582e+00,3.470426061914913873e+00,2.626672977654820329e+00,2.390647141915718699e+00,9.474394374773495997e-01,4.835190051071173833e+00,4.789137950348385075e+00,6.726075346755312268e+00,-2.265046352417687370e+00,2.916172840663167509e+00,-7.740058731742617271e-01
-5.224291438270587840e+00,1.384694122310519138e+00,-5.545528198246920226e+00,-7.535504006363792584e+00,-1.088281219063788186e+01,-3.827049537482368979e+00,-1.065709338711856136e+00,-1.571521116301017873e+00,-1.331936684360630530e+01,-4.083275420577733961e+00,-4.177359681073867570e+00,5.380849829931846351e-01,-6.882816181221345087e-01,-1.016998971742958346e+01,-9.995972212447073346e+00,-2.416076345970513906e+00,-7.433343443328153555e+00,-4.824007086016879775e+00,-9.334688104040475665e+00,-7.345280699460505769e-01,-7.086071477658885343e+00,-9.927616536916998413e+00,4.740074628757775521e-01,2.098578820523290478e+00,-1.962922810639152527e+00,-6.366919238872722708e+00,-5.681616493916248345e+00,-2.504498018263435100e+00,-3.264244524667004210e+00,-4.069948741298170525e+00,-5.318733820958703618e+00,-1.227981235933059523e+00,-5.916328662495339508e+00,9.393717162927948117e-01,-9.065895893814266415e+00,-4.251210964658021396e+00,-1.822745187890428387e+00,-8.894869861582224146e+00,7.510452208231308546e-01,-2.121780671283102659e+00,-2.322279738071341360e+00,-4.400341178871171266e+00,-2.986705964808531455e-01,-4.774961223690635137e+00,-6.400071128075177640e+00,-5.462791740844480159e+00,-5.171608480556725951e+00,-8.804602081837704652e-01,-6.644722092795602997e+00
-3.511360053111025614e+00,1.516141438292867516e+00,-7.277459339549023909e-01,1.221127210606546498e+00,9.652848421418370961e+00,1.026426984289592337e+00,4.986692588280481786e+00,1.084192381690787466e+00,-4.894106668815780270e-01,1.461556612025336266e+00,-6.167506153298585314e-02,-2.116331686788120336e+00,-2.030108301002848670e+00,6.810741694639679267e+00,3.272228729364051070e+00,2.755873541081271583e+00,-3.537551744278237820e-01,-3.474445975215219917e+00,-1.108278708170403526e+00,4.561313273280844793e-01,-1.575989522462647674e+00,-1.687621294491797319e-01,-2.269633101904681372e+00,2.323926177259084902e+00,4.402062252033402956e+00,3.416833006890538371e+00,3.514908537486928441e+00,-1.678986358222492203e+00,-7.801493345910811561e-01,2.595590559397462638e+00,-5.144562402453027872e+00,3.781294091741588481e+00,1.122137205453249020e+00,7.413567853215166537e+00,-2.713022045240786051e-01,1.422475836515986636e+00,-1.272138814508428695e+00,1.255374904306222117e+00,-9.105330339009300999e-01,1.337882443717630654e+00,3.789312982199105839e+00,1.906038027201241603e+00,-1.447223839191912553e+00,4.120896018572956621e+00,-2.846263735139040740e+00,2.790804105986587347e-01,-4.225502042031203942e+00,9.227867012092177967e-01,3.778724061279852275e+00
-1.866512988553505004e+00,-8.971413320585945428e+00,-2.271808941983278096e+00,-3.509364992355471280e+00,-1.960210528602776225e+00,-3.791254221312051698e+00,-1.163904781692468049e+01,-5.176423113248703523e+00,-1.203748947498863409e+00,-5.967154670055546895e+00,-7.264052863928648129e+00,-5.356142771126588542e+00,-3.363005265177698710e+00,2.619627413545537742e-01,-1.739841756333138090e+00,-2.920445223953371805e+00,-9.576806374072956984e+00,-3.701440378064795755e+00,-3.245355231555426379e+00,9.464612314703518825e-01,9.250909743726041246e-01,1.803791184788869018e+00,-4.769259288657709206e+00,-4.069606238821433131e+00,-1.695128513838422002e-01,-5.019186454616404447e+00,-2.480967920145504824e+00,-1.136447869176200243e+01,-1.097208753381809343e+00,-5.372383220094685718e+00,-3.867284115628254249e+00,-2.766784610356352481e+00,-5.328812085118238784e+00,-1.227334268339631684e+01,-5.500667083090317711e+00,-6.798718652811043484e+00,-7.281136135975557089e+00,-8.895094390888012015e-01,-9.486199657821151376e+00,-3.204650144414938673e+00,-5.439236816826356957e+00,-3.463633878086708862e+00,-2.405908408927422748e+00,4.271103208756743541e+00,-2.517641831192741098e+00,-5.946113657343737202e+00,-1.414204759498990382e+00,-6.380908846653214894e+00,-7.919504102377181276e+00
1.048356276044497104e+00,-4.297416044140171643e+00,-2.809611109956897224e+00,-5.240825417407552145e+00,-2.810770222014157049e+00,-1.653569805039012852e+00,-2.304242048124740982e+00,6.457595245208209711e-01,-2.872873258958377196e-01,-3.334395403454609941e+00,-3.373741057097500828e+00,-5.475729196304709667e+00,-1.109465111863761067e+00,-7.911004459066410810e+00,-7.143422918014544543e+00,-3.532064457635826771e-01,-5.404138195459013083e+00,-4.512574494361754063e-01,3.342019421429488268e+00,-2.909127330012629020e+00,3.780572756331085138e+00,-2.143580188961291988e+00,-7.358284648208650580e-01,-1.592655688363613598e+00,-1.470918691725750183e+00,7.532414066111339235e-01,-5.130305329716863483e+00,-6.292569108507857223e+00,-4.836683508531077536e+00,-5.999163339297310493e+00,3.570242199453571796e+00,-7.249261271620683900e-01,-9.439151802642362643e-01,-4.663547508588470336e+00,-2.276870810696559388e+00,-4.948701872485662179e+00,1.017172321717962902e-02,1.025637110024111287e+00,-5.984886959503847415e+00,-9.526439632447438743e-01,-2.993130832837654243e+00,6.054703420227874666e+00,-2.837337813559638100e+00,-1.317865085820982607e+00,-2.251661591804666074e+00,-3.721394317808947250e+00,-3.840494350951880520e+00,-2.543516299478482789e+00,-9.939823682263698723e-01
-4.017614398135085807e+00,-2.501713101954293528e+00,-3.435100512300037767e+00,-7.620630611518956599e+00,-3.389506790102936762e+00,-1.101337030928062122e+00,-2.113965778853791555e+00,-2.481689902709442563e+00,-5.394227133252757156e+00,-4.584694945172607561e+00,-5.715590601215635225e+00,1.379737872011978617e+00,-5.510197751075662786e+00,-6.137401899497318070e+00,-2.920967313594087678e+00,-5.218157734268981329e+00,-2.302821598111817192e+00,3.043818864920505796e+00,-4.768139699096847650e+00,2.622421231370461570e+00,5.646135693048710547e-01,2.771947626025855094e+00,1.502401885714190755e+00,-4.919380137030669786e+00,-4.541262791998960324e+00,-6.678471206700715257e+00,-4.813547633799341696e+00,-1.889009797105605681e+00,-2.463901083151506022e+00,-3.397557886284613193e+00,-3.102943326113218436e+00,7.503269708751967304e-01,-2.924299228687198493e+00,-8.498861290079302577e+00,-5.709687552570094304e+00,-3.684615119103513248e+00,-6.026885325416980521e+00,-1.457990264210567322e+00,-4.742362290559822391e+00,-1.428053949683015578e+00,-8.394552811480175958e-01,-3.311036383766611912e+00,-8.119110306949503197e+00,6.455755226781239031e-01,-3.105494840789281952e+00,-8.960224715135982620e-01,-5.132581179184677822e+00,-6.767555139169779466e+00,-3.444907979076404558e+00
-6.511876982718829421e-01,-9.384634198360122248e-01,-4.410980302054598567e+00,-1.178391504348831331e+00,-4.371299172634850905e+00,-2.369767433661901457e+00,-4.292415056091368086e+00,1.140962627096592685e+00,-1.472464977207869508e+00,-2.018077898387085511e+00,-9.755650915017053393e+00,-5.729818666374002056e+00,-5.338812027968790730e+00,-1.109234701658956102e+00,-5.762710083799971628e+00,-5.175188415933083874e+00,-6.435519625002944721e+00,-9.334176038678656084e+00,-9.569629056501727238e-01,-7.385234333190468625e+00,-2.380873353592726005e+00,-4.993736163984618948e-01,-5.076130156176837716e+00,-2.299375044460310935e+00,-4.933488935301699740e+00,-2.951177502737980962e+00,-1.624637431606349214e+00,-3.091927864542827753e-01,-5.168082738621921912e-01,-3.533672902015885686e+00,-1.785302249262133545e+00,-7.532422530923418513e+00,3.542492334355397787e+00,1.073830525842702999e+00,1.877892610742491475e-01,-6.124020911373225573e+00,2.907854038765951277e-01,-2.878782152717121345e+00,-1.687879372978315473e+00,-5.606576589684191703e+00,-5.359659161099064484e+00,-3.335951352446457907e+00,-2.793868326683817571e+00,-4.499922533621163900e+00,-4.171563538013083772e+00,-3.840921321058237137e+00,-2.108779338012302329e+00,-1.809268133881540397e+00,-2.402050277564958147e+00
3.551469511527320932e-01,6.585586626500252727e+00,7.295854113128436680e+00,6.638432918675269079e+00,4.356471681306324228e+00,4.250679476220698305e+00,3.075780096749449743e+00,5.328887811940195895e+00,3.535532419857927877e+00,8.292117715146607893e+00,6.717005252843250673e+00,9.535263435364969009e-01,9.587884321103121721e+00,3.404023229031371223e+00,4.086592438449121012e+00,5.664664979954070034e+00,9.146715946841769806e+00,6.557306001260222672e+00,6.022114492469617275e+00,8.277906228866566352e+00,6.287094090651557110e+00,6.878094964513638665e+00,5.553127320213699036e+00,4.024416432910670416e+00,7.247226094063321078e+00,4.262583625082270622e+00,5.231062390585463184e+00,3.711540273531920064e+00,5.615479871779919918e+00,2.988554901706512279e+00,5.183422369096654769e+00,3.672767952359965449e+00,4.106324423781841482e+00,3.609215512658119351e+00,6.845217519764512204e+00,1.571656054192793972e+00,2.682927545857394236e+00,6.553469961678597855e+00,6.974573718116930721e+00,1.091865312609418837e+01,5.905300751993102892e+00,7.017278570540836036e+00,3.250329661818351035e+00,6.387848663570300012e+00,4.950092922630739523e+00,9.058752236165091176e+00,2.016368714722645006e+00,6.527133676611814650e+00,2.486608707134868812e+00
-3.022784971512129992e+00,-1.437525892399578176e-01,-3.269801051844202888e+00,3.600534621458981732e+00,-3.718858852917161339e+00,3.517894730813021509e-01,1.715730752881690968e+00,-3.457221200687527141e+00,-3.886959342311550714e+00,-2.151593290503844180e+00,1.117331008127336212e+00,-8.038799688697109147e-01,-1.481289759336198886e+00,-1.916806312743466467e+00,-3.430305238791844680e+00,1.266945617401912472e+00,-4.255609954428385855e+00,-2.720235057851134730e+00,-4.054261549810954435e+00,-3.026307940041526923e+00,-4.027517675867426483e+00,1.001308455629559502e+00,-1.612221451276931727e+00,3.036422947027934249e+00,-2.198195215559314075e+00,4.914858301274427355e+00,-1.302245355645561542e+00,1.178445788934318506e+00,-2.632353128670983811e+00,9.765635843367399538e-01,-2.298053334732985675e+00,-4.370643411578326365e+00,1.751694895308111732e+00,7.165727067993822530e+00,-3.660951588674659085e-01,-1.588476536469221490e+00,8.494910642206721096e-02,-2.875028712631931160e+00,3.551199381242722275e+00,-2.013756708633267500e+00,-5.730629981361440528e+00,-2.862444844813599509e+00,-4.166921299039501037e+00,-2.493256254589681031e+00,2.300080812719473844e+00,-3.634234411422839539e+00,1.250568428914129449e-01,1.519319289970275877e+00,3.426448309946946935e+00
3.245143191258686444e-01,1.741686961931752098e+00,2.447268199975738412e-02,1.901876693646453287e+00,-2.367308150231652419e+00,-2.577474623110082241e+00,8.631397568772172235e+00,-3.536917418686947867e-01,8.211981807999246818e-01,-2.879163189928336308e+00,-1.534909735023504140e+00,-3.896312280143689133e+00,-1.715347713498659443e+00,-6.546948534228536509e+00,-4.463037380752571615e+00,-6.714576460486787468e-02,-3.741070812449685423e+00,-1.639921152028049223e+00,-9.270715678818388650e-01,1.910089839586436522e+00,5.704413246159799611e-01,-3.069009945411918405e+00,6.670912808965523411e-02,-4.311664720210800716e+00,-2.726429313972362767e+00,1.788783860379992374e+00,-6.049734468766370110e-01,4.668882041413763062e+00,-1.923623085883007899e+00,-9.084331644095404723e-01,7.561083758173714475e-02,-3.483603593972103507e+00,1.433032660268740877e+00,2.417712043648710285e+00,-1.416368130347550380e+00,5.105953789756131345e-01,-5.496836525842935472e+00,-4.869370980686965389e+00,9.386271490338988777e-01,5.220616302904193873e+00,-5.396657269237396193e+00,5.934618762593569130e+00,2.190000489113046456e+00,8.181462180117787808e-01,1.378566089385806936e+00,-4.825583406122764263e-01,-1.311100045054076069e-01,-4.433850683045406638e-01,-2.307142077820160342e+00
-1.905812618097895150e+00,-2.733320347029588593e+00,5.562053729644720335e-01,-9.471288826757231050e+00,-1.453045553467392281e+00,-5.607812172845377141e+00,5.855390864882914492e-01,-6.177924753128309021e+00,-3.625930038778685027e+00,-2.395806380463050278e+00,1.371071827956738876e+00,-9.112040222302836057e+00,1.101062647579737375e+00,-2.860553067047588716e-01,-1.440497445532939125e+00,1.805370431857329372e+00,-2.903656321071256485e+00,-2.949139756815704949e+00,-8.315723213329314634e-01,3.087475735312863456e+00,4.426741106818756322e+00,5.945784119996715411e+00,-2.530989087925071268e-01,-1.030942497111182021e+00,-1.168979127841640597e+00,2.089129549535628794e+00,7.401139677317297716e-01,-2.369424212015806219e+00,-5.168261315850526394e+00,1.646117387702894508e+00,2.742269926112617995e+00,-1.380998459136063783e+00,-5.718527254569103491e+00,-7.034554822260069562e-01,-5.755480851500504258e+00,-5.887484655383588894e+00,-1.433291184788793471e+00,-3.639771428527987851e+00,-7.496778945534984473e+00,2.951109456807987641e-02,-3.078580199478363255e+00,8.090243340391099380e+00,-7.077005073907989274e-01,-2.253970927846183692e+00,-2.802689882573480284e-01,-2.382687422349711426e+00,-1.722433444630000254e+00,-9.166736112274977089e+00,1.148688207814070994e+00
2.079098739768016735e+00,7.339442861211431968e+00,6.564377004361327650e+00,3.234016016540499638e+00,5.062028779917598698e+00,7.137680711250897758e-01,5.356738397204399149e+00,6.490726639280227417e+00,5.274788335196947564e+00,4.496478941860286294e-01,-6.792585941498370250e-01,-2.532765961863922222e+00,8.025923403928505451e+00,2.899459992935486063e+00,-3.303995804658196089e+00,6.870384058481986855e+00,-3.851952829571183123e+00,-3.701366370905181835e+00,-3.658657591099493178e+00,7.355944735601536166e+00,7.587414845014214038e+00,1.226704846518007486e-01,-8.535976344328159993e-01,-2.177638392970421055e+00,4.965316284174643435e-01,-1.431423642188082379e+00,3.307374863027127354e+00,5.618247724907334373e+00,5.549101679729954384e+00,3.759893118882812857e+00,-1.391643776897222295e-02,2.455644111603182189e+00,3.519016205943557463e+00,1.073888822151112699e+01,-2.641569495494607178e+00,7.818858760148985620e-01,2.685906095586277686e+00,-6.913028189027706105e+00,2.355198354606105049e+00,4.679962601744914963e+00,2.189800615137648787e+00,9.008956940490675080e+00,3.476341720474895425e+00,2.914708989235896386e+00,-7.615226504236077831e-02,5.065674672107227217e+00,5.155546371403614270e-01,1.819671015950019344e+00,-1.156632124756032276e+00
-4.975245205331439990e+00,-3.319329857101623649e+00,3.621255337313636691e+00,-1.963787117032022689e+00,1.474673519821277257e+00,-2.753333353717389187e+00,2.489101572705925136e+00,7.080574611198247048e+00,4.508616994140770551e-01,-4.254411726258306992e+00,-3.414237195299392180e+00,-4.168745659875169096e+00,2.866341436335376525e+00,-1.999445615340811777e+00,1.342322789412753181e+00,3.423321178743700344e+00,1.102902864148881834e+00,7.349432264696642569e-01,3.362612930710038750e+00,3.085308312271502373e+00,5.156897244253705104e+00,-1.756594962040583852e+00,-6.194421137567938107e-01,-1.367187937111771667e+00,-3.976506448201768240e+00,-2.012805241368186060e+00,4.687530048372925862e+00,-3.865595297832951527e+00,9.015073349505432487e-01,-9.871726689966844326e-01,-1.283637451634262572e+00,-9.605723164111820145e-01,1.250489208047791179e+00,-3.627179450899898683e+00,-1.781138956062978895e+00,-2.369284102183250695e+00,5.287611797129889268e+00,-2.899589342221162713e-01,2.599874366567073380e+00,-1.882813151800208251e+00,6.807670400777088293e-02,1.866041666847581437e+00,-1.456352422512254829e+00,-3.245533283493303500e+00,3.107926701223828747e+00,-1.923894824260329761e+00,-3.852955930096251258e-01,6.608919160622996891e-01,-2.400731465869143655e+00
-1.598483144328089800e+00,-4.249663940902588699e+00,-2.984732708702984905e+00,-1.202479107600605612e+00,1.858242772759517880e+00,-1.766165898830447833e+00,-3.159455148505189714e-01,-5.083436732849597739e+00,-8.341137254629771292e+00,-3.075388017683601927e+00,-3.713165944254810391e+00,2.363470969890153484e+00,-6.138689625789254256e-01,-3.074310070542682460e+00,-2.919391345461245013e+00,-2.012584029342650016e+00,3.321210019727828477e+00,-3.375660056969194578e+00,-2.674078099676432396e-01,-1.145846118718357065e+00,-5.051180839637265052e+00,-4.412967411887056102e+00,-2.156743368538860839e+00,-2.155231662831250894e+00,-3.061066743257526035e+00,-9.407665309966727341e-01,-8.128124851033873277e-01,-8.937130255974264914e-01,1.272502789419260871e+00,-3.059385756529886091e+00,-3.993016183750429882e+00,1.718075535397978193e+00,5.234460526152285853e-01,-7.459172047444803111e-01,5.112536483193895975e+00,-1.737662085073253815e+00,-5.355538050137137240e+00,-1.353990153037205602e+00,-4.237562029024543042e-01,-4.022161362338141366e+00,-2.827580706802013122e+00,-4.078544821122489950e+00,-1.890498282414874165e+00,1.182790183079838742e-01,-3.485563220863028722e+00,-3.909067370015485654e+00,-7.910415074175645156e-01,-6.061934896154883567e+00,5.167260933322121552e+00
-6.737178502058407403e+00,-1.240875599556134468e+00,-5.165742113343978481e+00,-6.883520908316815401e+00,-5.289853733470602393e+00,-1.305332936109320774e-01,-1.846475182473551024e+00,-1.728844490871124018e+00,-6.757848388483941093e+00,-1.016635379188185695e+00,-1.682217377393190105e+00,3.021018809458516419e+00,-5.535520270643659035e-01,-4.537363183473472006e+00,1.529925517280045888e+00,-2.655302438629565387e+00,-1.205547103991926772e+00,-4.881751954869587351e+00,1.484208193824023247e+00,-7.585167444447133978e-01,7.667379576340245251e-01,-3.416466653949385979e+00,2.020504204831411688e+00,-2.121812133698361524e+00,-1.310774059606929276e+00,-5.040795688805863151e+00,-4.410067899049822771e+00,-4.244748074361464951e+00,-1.515887467057115634e+00,1.408749496541868984e-01,-7.708790916432205265e+00,-7.305656318305248087e-01,-7.386379178567917592e+00,1.014931973411987487e+00,-9.495392185786466488e-01,-1.357244317722435145e+00,-4.303972116696209937e+00,-3.031796997983752240e-01,-6.343116234103284512e+00,-1.551995744013578760e+00,-1.101927944709745866e+00,-7.151511225431105956e+00,2.512688032975662455e+00,-1.269876057580482609e+00,-1.585160567301185708e+00,-6.266195735967272640e+00,2.824107026067730786e+00,-2.328163368702735436e+00,-9.095577569538787488e-01
-5.641017105191000525e+00,-2.283027588264847640e-01,-5.088862791924302797e+00,-3.155130123251816965e-01,-2.697942243482201796e+00,-4.656507251013923820e-01,-4.063778305431945626e+00,-1.515759041505171156e+00,-4.960947783406477463e-01,-1.190769403774980084e+00,-2.848305146627280848e+00,3.887217978839334620e-01,2.120210880345542837e+00,-5.848582433036321859e+00,5.576504801698275449e-01,-6.617663904383838114e-01,-3.469689562444605357e+00,2.736712564073548570e+00,1.519042359342265280e+00,-1.282264039872083039e+00,-5.727306497112865102e+00,-9.352380033283959060e-01,2.279874255243929948e+00,-1.100016323418438358e+00,6.192110189825672517e-02,2.134099342537349120e+00,-2.976044414985238085e+00,-4.480913406293287160e+00,-4.772935207560756510e+00,1.951578210684473458e+00,-3.108647741394172215e+00,-2.762701816562572965e+00,-5.234817831789975173e-01,-1.818156796260532726e+00,-1.549024387370738109e+00,-3.450069937436214484e+00,1.120520003147672528e+00,1.474108471503849938e+00,-2.332111627194564996e+00,-2.317054998706421287e+00,-3.469537914244584353e+00,1.601206138126042511e+00,-1.890279477538825859e+00,-3.000492465024225286e+00,-8.200266454547572303e-01,-1.892830167652480577e-01,-2.534442198354767140e+00,3.634185073407741884e-01,-4.645969327371616941e+00
-6.222708591320973426e-01,-6.162151762710768033e+00,1.347185545406507590e+00,5.492503362461301109e+00,-1.500733097968536267e-01,3.560852513654566565e-03,-1.598167486783789837e+00,-2.468313880730360621e-01,9.192858834172841220e-01,6.205703367800707859e+00,4.209933367092002499e+00,3.136216637099070059e+00,1.017242173115196380e+00,4.700226562643955219e+00,3.691269323799498459e+00,-4.075084357106401711e+00,2.708088970157607189e-01,-8.060390287275313037e-01,5.959152025557308718e+00,3.249634469850776863e+00,2.781264545977250258e+00,1.211386975677892996e+00,-2.675059731111956385e+00,6.470994502852191133e+00,7.619164740096973532e+00,1.688414325069617750e+00,1.326172811306800536e+00,1.884508345560629961e+00,6.694121374998442953e+00,4.455306085397539029e+00,6.905975900031481318e-01,4.118249338913779312e+00,1.418052191907524406e+00,-9.423950939119045689e-01,7.726138855179385700e+00,-1.006973809162983624e+00,1.438614820180764475e+00,3.044374794214410151e+00,1.445648304023896991e+00,-3.237281913678973222e+00,9.163599056714804014e-01,-8.275274178186298180e-01,7.293154887471307024e-01,3.241738540977741057e+00,-2.171204602667070827e+00,-3.249775285655505108e+00,7.926649614398307842e-01,2.995122073092690407e+00,4.871334291781064252e+00
-2.771973494192539800e+00,-1.513055432483728646e-02,3.433129295800908753e+00,4.688302472271685950e-01,-1.961992754841801023e+00,-5.716790715802257949e-01,5.078300596696939451e+00,-2.021301998965306268e+00,-2.685779712496287885e+00,2.880870660509451398e+00,1.908814929650944681e+00,-4.277690091974680975e+00,1.822924558010928564e+00,-1.488822816311935915e+00,-1.933637965629574351e+00,-2.408978331451908872e+00,-2.739546617650700178e+00,-5.230463784144085970e-01,1.663737428031690113e+00,-2.893917482420501397e+00,-5.190683174573107461e-02,1.323614771239847387e+00,3.113672816465081761e-01,-6.145186617492271353e+00,-2.073946194069165472e+00,-5.002100134379295682e+00,-9.957468814158807469e-01,-2.576681801827964691e+00,3.410826484701391159e+00,5.711276476411465408e-01,-1.623609324555229882e+00,-3.559165634161831182e+00,-3.422845114364590380e+00,-2.677685927690502954e-01,-2.053168624400324715e-01,-1.392204348088032173e+00,2.006081842157558803e+00,-4.943325769823587734e-01,-3.181941220213880817e-01,8.788151288665903005e-01,2.921331244499930091e-01,-2.882710631176085059e+00,-6.058385750038140394e+00,2.626027044459833260e-01,-2.676575741635064620e+00,-3.379587427815599288e+00,-2.311983350465761422e+00,1.518394554619114434e+00,-1.039951611029284129e+00
5.737991465347249687e-01,6.618621868239918271e+00,5.960888345880765549e+00,5.991836204163992541e+00,1.274379729969679076e+00,1.832595974905245173e+00,6.080052298788404030e+00,2.914137399537505502e+00,1.216232879285188417e+00,1.120637169605081773e+01,5.842683492606845164e+00,2.862169359514318279e-01,3.149522282464592760e+00,4.815523981030994882e+00,5.224541092581363344e+00,7.518898780480538946e+00,2.145142711191050378e+00,1.956462976839693280e+00,3.647549819169923158e+00,4.137438845567227297e+00,9.053737797613781169e-02,1.425802934370945074e+00,-1.154011570748805449e+00,4.435742599831902666e+00,4.581236485236068745e+00,7.802073708954035958e+00,6.285599842913854651e+00,5.525112938985877520e+00,8.427333293464256414e-01,2.395241422125655717e+00,1.231497527781567181e+00,5.722527793310239197e+00,8.530694467487842658e+00,9.048265773859526462e+00,4.314201614595308598e+00,3.370797169387812264e+00,1.052192904625659153e+01,1.421273412790388768e+00,8.254163512693100557e+00,6.075151480559994877e-01,6.198631291664117526e+00,6.038227660852563794e+00,3.124680440706968820e+00,1.374633191614738958e+00,5.325140829741519255e+00,6.399562694142510999e+00,4.700918839055256981e+00,3.258472944348979716e+00,3.576613898901553235e+00
-4.061017404742472081e+00,-4.114089062144384634e+00,-2.673754797705712449e-01,1.285126883540862686e+00,1.040440906698430368e+00,-7.584356819914651382e+00,-8.030899375602074119e-01,2.577975549076974016e+00,-2.380056955757151593e-01,1.514360678951919281e+00,-2.952338649857692232e+00,9.511069915204982683e-01,-1.136930235046350601e+00,2.256754301812540220e+00,4.606389741483297939e+00,-1.410239753116975248e-01,-1.502826395480942656e+00,1.429199456902879861e+00,2.135510859394949890e+00,1.001461466526752053e+00,8.270075669233745153e-01,1.547642719283315316e-02,2.112999006598749840e+00,3.888516801515893739e+00,1.473871537269690890e+00,2.944178050857571449e+00,-1.215022030228197769e+00,1.406948401971886531e+00,2.462229263015654368e+00,-1.405565418124619659e-01,8.267003026301029678e+00,1.348103936929153424e+00,-5.475137697884673749e+00,6.064456742050884586e+00,2.663576337852649800e+00,3.457354059754367714e+00,8.114856229492556139e+00,7.390958215247621643e-01,3.127643945933300529e+00,8.569559418735055445e-01,8.524788584319598073e-02,-1.161877042435759622e+00,3.332894094301480425e+00,-3.954783343946339236e-01,3.802020673872914536e+00,-2.649088664714835062e+00,3.556992651827890484e+00,2.614525538133275262e+00,-4.565730559156191859e+00
5.743619828859010124e-01,-3.349089656589322672e+00,-1.412015634678230880e+00,-1.272866226262091338e+00,-8.098239175148787439e+00,-1.860980132906736584e+00,-3.163284665907566406e-01,-1.408104079287220367e+00,-5.912131849533053263e+00,-2.503979628891309428e+00,-2.912240010153278824e+00,-5.686845307118533199e+00,-3.722862618895728559e+00,-9.723834547677295825e-02,-3.892178993222466410e+00,1.140426720753372258e+00,-2.021177873648617673e+00,-1.783501587742625016e+00,-1.568183786919234546e+00,-2.285900309790884766e+00,-4.542373856113506747e+00,2.697565334889847399e+00,-1.275298316853408442e+00,-4.132180585530309536e-02,-5.700576170035163592e+00,-2.922034256996361989e+00,-2.310445025088274651e+00,-6.319829658445685894e-02,-3.276026922504438055e+00,-8.693253123872169974e-01,-1.980646231902152277e+00,-1.627782456288759727e+00,8.247341043815150652e-01,4.858458897417246014e-01,-1.297677086920438816e+00,-9.607155189065125223e-01,3.344174527690353393e+00,-3.667943806569033072e+00,2.297915055992854505e+00,-4.717379640401975216e+00,-3.972596325300301601e-01,-1.392982271570836206e-02,-2.698860602141104348e+00,-1.421131012784547343e+00,-5.846701633400347653e+00,8.321648867612765899e-02,1.349071493882743500e+00,-2.027481312195087870e+00,1.783037395106664924e+00
4.001876472610956803e+00,-8.402984367866414672e+00,4.959056134280115380e-02,4.124029603980538639e+00,-1.581096954307616986e+00,7.533599620691966425e-01,-4.196348129708007413e+00,-6.207065367962486313e+00,-8.499934365370365175e-01,3.077262799016798223e+00,4.870917072848971685e+00,1.336150277167330813e+00,-9.837945369226391179e+00,1.106427336856557986e+01,3.703144013463854911e+00,-4.709222465718853279e+00,-3.220141576713597686e+00,-1.131466826817693061e-01,4.150642697060581199e+00,-3.037011364398058078e+00,-7.152719648028172728e+00,5.623353737086296711e+00,-7.105446804645393577e+00,3.866032790536095387e+00,3.713445851230315675e+00,5.252472904523396657e+00,5.982908258304744376e-01,-4.824950550108630942e+00,-2.035240360111719049e+00,-2.844830242671081422e-01,-5.155673691920772406e-01,2.119942594834284932e+00,-3.246968490088453230e+00,-6.163278485768701742e+00,9.590920655329817635e+00,8.957855996246630870e-01,-7.245445992889153253e+00,4.922659262536146052e+00,-1.702264132827197685e+00,-2.834760978176216195e+00,-4.917472565364223946e+00,-4.254487463343783027e+00,5.847518351302355200e+00,-6.986383918971468265e-01,1.693644235223310535e+00,-4.386716421553034095e+00,2.515223153176967319e+00,4.002930961241448315e+00,2.242692230673807963e+00
7.281897155270830035e-01,3.174867689293976447e-01,-3.091971734804229488e+00,1.945435399874524185e+00,-3.981259133466283351e-01,5.930476245498448762e+00,-1.089275719763247441e+00,5.140484699896926912e+00,2.045522095419025188e+00,3.405674834120232752e+00,2.295510694139732966e+00,3.088560538800987132e+00,-3.412134243219984153e-01,5.561244531088575194e+00,3.565100586417530693e+00,-3.966906463842206243e+00,-3.562474160046462224e+00,4.309366519592863654e+00,6.562176053232827710e-01,6.144644380148622353e+00,3.971370475017168111e+00,-9.848949597323167771e-01,1.231825667874000274e+00,2.602793690629352508e+00,1.749793436800344271e+00,3.094122162813644827e+00,4.446896933443456490e+00,5.746267882980429675e+00,4.379379552897527894e+00,-3.915781881725437508e+00,1.741350685158097322e+00,2.669230556882849381e+00,2.912964365947203205e-01,4.258893905431007654e-01,5.842773390097589115e+00,2.110799618075457129e+00,1.323520048037971408e+00,3.339867462353480754e+00,-1.625789548916502625e+00,1.359394703385141678e-01,1.207131756815072121e+00,-2.169561339336143924e+00,2.559255536516681362e-01,-1.081980343938391265e+00,2.371450009760161404e+00,-9.691749068436943393e-01,4.581950057070998117e-01,2.815892152786774627e+00,-6.703299464841248057e-01
1.056188451900137437e+00,5.645438862728458851e+00,2.758209446210103444e+00,-2.608040561193581741e+00,3.048873881212315062e+00,4.363268537896727750e+00,6.489730364698579557e+00,5.235814645844313331e-01,1.679000193288143095e+00,2.943404012480614007e+00,1.980703130489697816e+00,3.640511485453775453e+00,1.215230969508344083e+00,-2.054168129187337044e+00,5.337416095626671408e-01,-9.398417011157058631e-01,5.182183200996878014e+00,3.803417602871988379e+00,4.668810329184546859e+00,3.986272229582574766e+00,1.520998418264883467e+00,-3.233883038621104600e+00,4.549840584597655280e-01,-1.070979789395450243e+00,-2.843770073808316479e+00,-2.214340466246262018e+00,-3.628452913109748934e+00,1.960892347011583770e+00,2.866804032616395936e+00,4.080158022318078004e+00,8.907797493122849852e-01,5.545156700397884109e+00,7.082585762237765259e-01,-1.652250713251115499e-01,1.201785937042104013e+00,-1.286385548479182850e+00,8.098675920722886445e-03,1.829780807158680078e+00,-3.238587552761188704e+00,5.349858595564405128e+00,2.369877574697003553e+00,4.472721979851773000e+00,1.779832702556575885e+00,3.280234746492359577e+00,6.071561479140740403e+00,4.199108456741331707e+00,-3.317267826227126015e+00,8.463689827593765536e-01,3.727469241694871815e+00
3.588026064775250212e+00,-3.904243820377641505e+00,3.213829280887012363e+00,2.326449214893128392e+00,-3.733447902642245353e+00,3.304944900021720144e+00,5.864583531029494701e-01,3.637655834499489593e+00,5.909382142388637682e+00,3.120239628823635147e+00,2.533782370453653954e+00,2.307990484102692363e+00,2.446468523896461633e+00,4.769530289449106508e-01,5.258452977737235301e+00,-3.360740391724744036e+00,3.623533835897430611e-01,1.039651427815518669e+00,4.262900170509765552e+00,7.195196544799929983e-01,1.523361802106376839e+00,1.218848511345472563e+00,1.114769425191433960e+00,3.936921749652569247e+00,1.406842019216107964e-01,2.381025607793778143e+00,3.291862821828160701e+00,-2.189442435231207185e+00,-1.552026061169137217e+00,3.938978852826651611e+00,4.560827682115584203e+00,3.929171434131454088e+00,1.278818209051575172e+00,-5.092720259454557308e+00,4.032627864081864466e+00,4.481299415087500293e+00,-1.775548860445881783e+00,7.306038739855090114e+00,-2.488798138023691209e+00,-2.028735081194755097e+00,-9.962188150807955722e-01,-4.541702799439715221e+00,2.957573015977947417e+00,3.842339862057390754e+00,5.536536762229536279e+00,-1.898555929198507686e+00,2.201545644283760428e+00,2.185588353832162767e+00,-1.876916754575525870e+00
-5.803389995660122480e+00,-7.310442230118848528e+00,-2.288951813127320545e+00,2.520598953643784057e+00,1.638921026716707585e+00,-2.116340987435544552e+00,-5.051995659250282600e+00,-5.917023434342317145e+00,-3.385313444521717230e+00,-7.254717921316847118e+00,-3.845618146698091433e+00,-5.025733172330301812e+00,-8.794771381498179608e+00,-1.414823986158009195e+00,-3.804458511248075325e+00,-1.913285090693155555e+00,-1.716603374836391804e+00,-4.260300031640814389e+00,-1.938811980728459172e+00,-6.205031748545732917e+00,-7.151196809081910466e+00,4.800962761609379736e-01,-4.684339476873820018e+00,-6.684253164051523477e-01,4.724273002952178224e+00,1.567319866143362717e+00,-3.961009790803386998e-01,-6.582430738704583284e+00,-6.349778935692826920e+00,-3.321646518390107161e+00,-3.501671359460378774e+00,-3.470519081379792148e+00,-5.309821736304513706e+00,-8.522644131166078552e+00,-2.406277361383964308e+00,-5.802084733924401050e+00,-2.627999111586634129e-01,-2.507887906900798658e+00,-1.012199627411014724e+01,-5.832280758221186190e+00,-1.218209879249320693e+01,-4.510289134502510677e+00,-4.637664555572706071e+00,1.309133791930358282e+00,-1.887095951592235421e+00,-2.625494902308032952e+00,-4.799025469132550015e+00,-3.953902203185235553e+00,-3.075571951619088917e+00
-7.952421540293892477e-01,-3.623103297428100333e+00,-9.177817155923919668e-01,-2.207571226768733297e+00,-1.899425377580137964e+00,-1.626052946406903787e+00,-1.041282011470119562e+00,-3.791735183235501072e+00,-4.021903316815730989e+00,-1.505727535929825889e+00,-6.671729840124497324e-01,4.436559890422555164e+00,-3.632346440088287665e+00,4.321889586675204953e-01,-1.399760673015915113e-02,-4.360265776177907782e+00,-1.498320040594962377e+00,-5.841318075975244106e+00,-2.358855538593936707e+00,-1.737792672478517320e+00,-1.011538698079016640e+00,-2.177470857404408822e+00,-4.495919929549899052e+00,2.084624737613158807e-01,-7.442126510940654249e-01,4.487099924377915272e+00,2.705755551328995701e+00,-2.459639818294447888e+00,-8.093007938542388091e-01,1.810346882875688568e+00,-2.728541168594614152e+00,-9.721890307426364064e-01,3.046948161217533535e+00,2.384364879730765718e+00,1.266667870547824259e+00,-1.647968067934546310e+00,-1.977575037817160153e+00,1.292916538977914476e+00,-4.972141477394651510e-01,-1.446342605543740945e+00,-2.847300505515482083e-01,-5.777162106062657898e+00,4.712000414918282587e-02,-3.333696242270665522e+00,-4.388627848297259604e+00,-2.064866223388373889e+00,-4.940649916848169898e-01,3.414394803811473089e+00,9.218176768561323620e-01
2.514556062192278230e+00,1.049543414870049318e+01,-4.173384254910196489e+00,-3.313885727213503607e+00,-6.528551214811431080e-01,-1.993834196884054277e+00,5.251857406566038833e+00,1.476642887122233461e+00,-7.636362262030238490e-01,7.048038167366463824e-01,3.290576731699496715e+00,-9.824577913655576644e-01,3.797489831070299804e+00,-3.164958791367413760e-01,-5.601297368369795748e+00,4.433635227510981380e-01,5.570891850653970856e+00,3.318664214113780098e-01,-2.747321010921119910e-01,3.239253739636303031e+00,2.906680535743436433e+00,-4.977527420925538237e+00,-1.659405801880853515e+00,-7.904128177774351727e+00,-6.341387460607177395e-01,-2.138969536269738736e+00,1.421716759545711639e+00,-2.914543528911006653e-01,2.583826339318274101e+00,2.978482640641747281e+00,4.468427711164490113e+00,1.530267158224096313e+00,-7.816977298438647637e-01,6.289440842237110640e-01,2.061412043900957336e+00,-1.901085249696211399e+00,4.967596500994064801e-01,-2.278791633181003640e+00,5.387900659766908795e+00,5.976975604571339140e+00,7.679905958156677315e+00,1.930271270863168187e+00,-2.779177861156261198e+00,7.299156888345360583e-01,3.263554187266797246e-01,4.815674771503874574e+00,1.332488907801125055e+00,2.025220559014142108e+00,1.529962959306869541e+00
-2.194446485604459873e+00,-4.987502264932633267e+00,-4.675811563626525391e+00,-4.846078344179233888e+00,-6.301536489269192742e+00,-2.882946131710708570e-01,-2.079134279047332612e+00,-6.759091036072186753e+00,-7.267330600606964452e+00,-5.767319499207545164e+00,1.592119595516104935e+00,6.686502262301319277e-02,-3.763866339562417007e+00,-2.944977820415609848e+00,-4.887316107663538745e+00,-1.732122589046063421e-01,-3.923964356278496268e+00,-9.720776555535595165e-01,1.771287197311292250e+00,-7.431177098604131004e+00,-5.348159007958841471e-02,-7.363414430115257370e-02,3.932604906820642121e+00,-3.023331533164416385e+00,-2.733036579047771752e-01,-6.443194403374493895e+00,-3.668633338166663371e+00,-5.320717040527268793e+00,-7.839322719388211347e+00,-3.392760008722391696e+00,4.744925224228735416e-02,-2.700033670691939225e+00,-1.070497119072940928e-01,-4.864135412807962133e+00,-7.640834402083387822e+00,-6.661690181897533591e+00,-3.498680129147595963e+00,2.840632861096722195e+00,-3.016192843486761310e-01,-4.614751884221802491e+00,-1.864937118249040848e+00,-2.808032159259064464e+00,-4.420134636375256498e+00,-5.202918386989388466e+00,-2.847498340234546621e-01,-4.482135557677783488e+00,-3.720375625397577046e+00,2.027075291267525614e+00,-3.806019074568244509e+00
4.052951739529854436e+00,3.346364683053061118e+00,-3.758050521833751212e-01,2.441473925920274901e+00,-2.136209236027599712e+00,4.320202158460514141e+00,2.132081327985658525e+00,4.640528201175692091e-02,-7.575058774756304736e+00,5.714508488489304483e+00,3.611080390546190344e+00,1.145750426858318249e+01,1.737862944408618660e+00,-2.375556208120384483e+00,-3.317455766410689844e+00,-5.833600043056963447e-01,-1.271291903910967136e-01,2.374070735662180631e+00,1.856340340000670608e+00,-1.217180132613714605e+00,-3.600284430354447451e+00,1.988825752625134724e+00,2.421540570480592791e+00,1.301865423851382708e+00,3.551251430151742383e+00,4.391230459922425666e+00,2.452590864286730010e+00,-1.142301788878993807e-01,-1.674277023293908595e-01,2.553264063278406493e-01,-1.638538825501633101e+00,7.552014150620964372e+00,7.629432578939375986e+00,5.912850498438177560e+00,-6.312242841886150924e-01,5.128354493891308152e+00,4.167410070477719941e+00,-1.401181416296785276e+00,3.735964276070514956e+00,-1.861390819976435740e+00,2.354239702040104021e+00,-1.478376891482345190e+00,6.897977839703548497e-01,-7.213946014181847666e+00,-3.895023408317869862e+00,3.675145996478865307e+00,3.354068481755300368e+00,2.534729598586256127e+00,1.289176973296739082e+00
1.506879729731040340e+00,-1.315630030341998324e+00,-2.364184872749071076e-01,-3.064565256298651397e-02,-5.057125247734964191e+00,1.481506270635250200e+00,-3.152859145904316485e+00,8.408873567107858493e-01,-1.009579494829056845e+00,-2.254263482029011390e-01,-3.185801313141768620e+00,1.112725461690231121e+00,2.271572123652773723e+00,-1.719181261300102959e+00,-4.912412584763858447e+00,-2.477839309414136881e+00,1.087898437537193175e+00,-5.846098188864727874e-01,9.858710549547160529e-01,-9.040438880995961268e-01,8.124080156318622681e-01,-3.888555521173865603e+00,2.596467976305758985e+00,9.380791359315876488e-01,3.873327467010766689e+00,1.698155601121632330e+00,-1.915164896339952794e+00,-6.494571496485264106e-01,3.037019188010924520e+00,-1.125628426957171913e+00,5.792255900446999783e-01,5.267993232604645470e+00,1.153777586433853752e+00,-4.311789756202093926e+00,5.014333377992465479e+00,-1.439276190243395703e+00,-7.260889246759419713e+00,1.396906801125560982e+00,-2.026386171552874593e+00,-1.953364763410436966e+00,-4.614133551090669805e+00,-4.660608658967264617e+00,1.417591206089038325e-01,-4.092443288774513910e+00,-6.953853432799547152e-01,2.397351119835095190e+00,7.852233181455636757e-01,-1.740263256272184700e+00,-1.389756769145150450e+00
-3.003634052302790902e+00,-3.210910549464593977e+00,-5.812798990988428116e+00,-6.561248334135028948e+00,-4.598962469174279200e+00,-1.634486953821794319e+00,-8.826581228032658544e+00,-1.278619068543803472e+01,-5.804794837211218805e+00,-4.880754076428936550e+00,-4.050206928127175310e+00,-6.757884371755803699e+00,-4.830803999036538343e+00,-9.283957106872235965e-01,2.549307907730598011e-01,-8.159785663462017169e+00,-1.909387694497809651e+00,3.046007489262327894e+00,3.560619408241024075e+00,-3.352490815161786042e-01,-3.157094207517204154e+00,-3.945079265910399702e+00,-4.927550472172836038e+00,-3.964406307580801592e+00,-7.390978135142567851e+00,-9.966369726067375368e+00,-2.914413587578856379e+00,-1.010406863214031858e+01,-9.110982371291699522e+00,-4.245047676775827838e+00,-4.219937652009249973e+00,-6.958757838445550625e+00,-8.226365597678713115e+00,-1.109111186522530446e+01,-4.574879287244943527e+00,-3.896816910109618615e+00,-4.295947926525920835e+00,3.241996660161565735e-01,-5.678610633317564549e+00,-9.120432851201283331e-01,-2.141995237908318028e+00,-4.563883185727383385e+00,-2.452926563210427791e+00,5.868233402506429996e+00,1.903464231197289358e+00,-3.463576365911128718e+00,-6.556484786747039273e+00,-3.476250413578487741e+00,-6.017631186614639915e+00
5.202191381617912391e+00,1.703108521335158221e+00,5.201475288525184482e+00,6.274840144631935956e+00,6.857862554269151367e+00,4.740689400774158457e-01,5.691042028251748874e+00,6.578168868705926542e+00,7.626923202577397198e+00,9.256756834160206893e-01,-7.911229164135380465e-02,9.511879137669079221e-01,2.791422079724362515e+00,-1.002615635492262625e+00,4.409681358961180742e+00,1.568737958683859013e+00,4.756101603654166787e+00,1.353409223333392752e+00,1.522719145658403939e+00,3.432931141961784505e+00,6.125210610509899123e-01,3.696907696227432538e+00,-3.845998446302598239e+00,1.115430193817965154e+00,5.354308661044358431e+00,3.892018458947684501e+00,3.382474775240333020e+00,4.791105019187229530e+00,8.266760711638376780e-02,2.148894176611144680e+00,6.818120355474785121e+00,5.266041639535774976e+00,4.919335268372144299e+00,6.620843524182195239e+00,4.134564037498915212e+00,5.123891624114784271e+00,1.050259388881268663e+01,3.125390949430775667e+00,5.128660973381976795e+00,2.165059003554927752e+00,-1.879391771399704092e-01,7.998302214816138900e+00,3.238757331401057815e+00,7.576308396333458539e+00,2.795288253733163586e+00,1.055649313171165460e+01,4.601383962588266208e+00,5.674774772825520230e+00,5.266876918623708548e+00
1.388539494127074558e+00,5.615881139726515592e+00,3.076087306111363162e+00,1.187203645308673838e+00,2.056165550795489239e+00,-8.590464458375072221e-01,6.715104081009409143e+00,-5.090658647921062485e-01,-2.419982974637560957e+00,1.480318350429175700e+00,4.482846030572070539e+00,2.195003760561782258e+00,2.783672505234471739e+00,-2.402131055484404420e+00,2.275779369684231668e+00,6.516142257781167402e+00,5.274502829416523930e+00,6.892670638175876441e+00,6.100838203001163862e+00,4.750544830086765202e+00,3.750559374778813293e+00,-3.711527593879102582e-01,3.105624585934021464e+00,1.656826149429395212e+00,3.363547265832393940e-01,2.523491806031693763e+00,1.475332951359964229e+00,5.497179467797245422e+00,-1.538011028198433827e+00,6.058802654079948447e+00,5.892861202743554294e+00,4.222159323293842803e+00,5.751209336060266075e+00,-4.702954964594172615e-01,-9.138921529333443594e-02,1.644005707241616765e+00,-3.864286765146585978e+00,1.928523151316870354e+00,3.797069206400482066e+00,4.064894190247744454e+00,5.943188695250569253e+00,3.430004024205153712e+00,4.653155506134227792e-01,1.482430282021247603e+00,2.976737928664791699e+00,3.951076076487447519e+00,2.430115385554343810e+00,1.017649435698583460e+00,2.072126569502725779e+00
-1.240862304278127048e+00,-8.878026162607877136e-02,-1.597805483758570011e+00,1.875179377413920268e+00,9.505005987904689979e-01,-3.648924261966417504e-01,-2.612361135373069132e+00,5.845598563106504386e+00,-3.550671246629705458e+00,4.187956654351968844e+00,7.691574687293545320e-02,-3.202235531289034043e+00,-4.348251590761160301e+00,1.539336993591065461e+00,3.290351050965298896e+00,-3.880426178697869433e-01,3.857917849464215898e+00,3.081368263396392582e+00,1.461587065052896595e+00,-2.099713867261076228e+00,-3.742086501428485423e+00,2.495143531342691290e+00,2.788358147688955846e+00,-4.159252763892220095e+00,-1.301384940727641659e+00,-2.681198672741932576e+00,-3.026770382213186839e+00,-3.857105367442997590e+00,2.812416543765487109e+00,4.542802308596121996e+00,-4.142069949864821132e-01,2.243652847105281900e+00,1.349897559956681148e+00,-3.665986865748750656e+00,3.115119918682718758e+00,-1.946572485749033410e+00,-6.152166502827152161e-01,3.425911889853695325e+00,-3.532247698623616650e+00,2.346835318753761168e+00,7.429609270016888090e-01,-1.017390051061607181e+00,-1.736432643479536297e-01,2.715765165787467961e+00,2.024523796486230154e+00,-2.643688393629404221e-01,-1.801233427887729999e+00,-4.212155800193400523e+00,-2.010787615063402090e+00
9.615952930548238298e-01,2.668040875914047483e+00,2.782585611574673656e+00,4.662585376672277460e-01,-7.942820589767565664e+00,2.374342572203507640e+00,4.647238643532642932e+00,-1.729242331116894960e+00,-4.772720445824878865e+00,2.475679740783319982e+00,-2.459262271887888485e+00,8.498075116844853838e+00,4.586766653774978053e+00,-6.952145031125692043e+00,-1.437767020550832386e+00,4.518157985977511615e+00,2.189991105619106371e+00,1.582693351005445281e+00,-1.905979400948534241e-01,-1.384643910585511728e+00,3.734646812475790334e+00,-1.851637774828356342e+00,5.197494773060471474e+00,9.591510574590438321e-01,-2.667423766117818507e-02,4.315045649823402441e-01,-1.017508092941548536e+00,-6.055184244650752001e-01,7.800105883187411493e+00,4.914317647315852966e+00,-6.695436587636072190e-01,8.777282876260865674e-01,4.674620476217040022e+00,8.397764988294159849e+00,2.649727296141216382e+00,1.102211969657961310e-01,1.239605157388702361e+00,-1.683105320835802665e-01,6.064829846032328220e+00,-2.254585677237631813e+00,-2.399599833200071197e-01,2.056416419925746197e-01,1.680198771628709453e+00,-1.204460357906022683e+00,3.088281942829561810e+00,3.588839075882404472e+00,3.697612380975145996e+00,1.699457976005784410e+00,1.364606654120771978e+00
3.965378396480884415e+00,7.651270629174232951e+00,4.608492207740271240e+00,6.547136156180151545e+00,3.810949710431635218e+00,6.701559416012267789e+00,4.289401740327189572e+00,3.217907353168158124e+00,3.334865081013718147e+00,6.685010732609678819e+00,3.482511452281574993e+00,5.765282582710772097e+00,5.225602268957866059e+00,4.716621445882156038e+00,3.073266394801782209e+00,-1.239809488780569069e+00,4.298207748583621424e+00,8.536763793594918326e+00,7.627598616590668179e+00,7.354931162827526236e+00,-6.513798602570058938e-01,2.774830333249979297e+00,1.512374873049092017e+00,6.245736947977059472e+00,6.370475801022184470e+00,-2.920044667920405068e-01,2.996166672362560845e+00,5.480657582748819756e+00,1.864260980926378819e+00,6.324910984204521469e+00,5.609197204766813272e+00,-3.486043594275127333e+00,7.731215079352343089e+00,1.958016998801173747e+00,3.719012314237751138e+00,1.462406878727605941e-01,2.609228964187042532e+00,6.629217573808985797e+00,4.113660959433140363e+00,7.103815619641699719e+00,3.106908379101368745e+00,4.211915367903721119e+00,4.456396861443797874e+00,1.420335276052130169e+00,-2.228821873604511783e+00,6.915786421969701614e+00,7.050968850776952124e+00,5.832056519895835400e+00,5.150466685595761263e+00
-4.528061351779902211e+00,-4.066230352132139458e+00,3.729764763494850754e+00,-6.113773207659509712e-01,-4.470802094729620535e+00,-3.403778247648770794e+00,-1.864680864187187481e+00,-2.465889368376350088e+00,1.636728956358912690e+00,-2.997979061927175115e-01,-2.787614065112963946e+00,-7.385502883268403096e+00,-3.159598483993568241e+00,-1.942163376406558006e+00,-5.263846628219248203e+00,-4.340173796094697778e+00,-2.320428609907685402e+00,-5.193142718166489757e+00,-4.327478044410735691e+00,-5.186188400939620635e+00,-6.954219638925986047e+00,-2.738996846328625168e+00,-5.882654633047372350e+00,-4.948872166279225659e+00,-4.629050493377670605e+00,-3.743427463763230545e+00,3.269009054648507551e+00,-7.052172429905037010e-01,-3.594115329385465962e+00,-4.736671758732489690e-01,9.438936216793017975e-01,-6.211619577735735476e+00,-5.191952404986770908e+00,-3.846949305185212609e+00,-2.370642735872833029e+00,-3.641036415139982552e+00,-1.584440441972969404e+00,-3.789656393807291135e+00,-7.563514712904096271e+00,-2.626271875007430978e+00,-1.233142458746071091e+00,3.051941206393276929e+00,-1.134691624664760035e+00,-3.063139972969967761e+00,-1.376833461243877732e+00,-2.962375691720740001e+00,-2.615571615778401693e+00,-7.775782099141167691e+00,-8.662931501605585227e-01
-4.046186593068727078e+00,-1.794404324874009804e+00,3.838506308783715681e+00,-2.402577268832014390e+00,7.500151357104621219e+00,-2.033659843037081139e+00,-1.901101398842738766e+00,2.345471954257078107e+00,3.250463347460100128e+00,-1.511058418360836431e+00,1.023588553255426969e+00,-3.132653519267989850e+00,-1.725217838906013768e+00,3.716616207168256913e+00,-1.315717869375450988e+00,-1.644355327483421503e+00,-2.179608836306432984e+00,-5.722624934334297198e-01,1.690976240586090196e+00,2.860764944971582846e+00,-1.207800832572996308e+00,3.569951683811392051e-01,4.728626544550472488e+00,-5.537765906569149799e-01,-4.468959399207077965e+00,-6.114333515848370482e+00,-7.725860435839613238e-01,-6.065398001152647600e-01,5.299236202897451564e-01,-1.122318090631427179e+00,-3.817935189828203235e-02,-2.459063261117780730e+00,-2.745092210333484051e+00,-5.487853558516708752e-01,8.908597802222906203e-02,-6.070699826736714044e+00,-1.622897768590880752e+00,2.471694483388189756e+00,-1.022706777866397854e+00,1.190954088062006644e+00,-2.546283474255810031e+00,-1.621404558755401348e+00,4.905031886366540972e-01,9.002944168679278825e-01,-7.797967047657017314e-01,-3.965577151166070013e+00,-2.314233310224196760e+00,1.962035203957048779e+00,-1.837931194825570547e+00
-1.184453971497038349e+00,3.277444546797253278e+00,1.157907826860244960e+00,3.152542883298241616e+00,-4.043954988972914499e+00,2.200122490663174890e+00,2.528751974643044687e+00,1.555943818038315385e+00,-1.910466394331735041e+00,4.682528950665892253e+00,3.347456139694295008e+00,3.561650622570958546e+00,1.182363499921928573e+00,-2.571545933911554727e+00,-4.091777887690008164e+00,-1.008845469442765097e+00,5.034780826611024551e+00,-6.876305190794436140e-01,1.539003179769298901e+00,-5.705118921246715713e-01,8.922184179416732253e-01,-1.982542271208042273e+00,-4.431436211262202995e-01,-4.201507060175104780e-01,2.448347208302998346e-01,2.420214111035937421e+00,6.795527796939927256e+00,1.220998454052542481e+00,2.225288312868371143e+00,-3.611782315485295047e+00,-4.550212103390354201e-01,2.681852947583151625e+00,7.365858370381038744e-01,1.405789407731239837e+00,7.263549253856672827e+00,3.161924435473925765e+00,2.529959014286102370e+00,2.277367607684129602e+00,6.475297594061935946e+00,2.388008918953925530e+00,-5.770217270257302911e-01,-2.839804139216943746e+00,-1.875755539815092687e+00,-4.977316940263428746e-01,4.016319393235491475e+00,-2.190178809576671881e+00,4.518408986839900443e+00,6.728239114161349566e-01,-1.069951014377122256e+00
-6.636849331272366648e+00,-7.772876582401472056e+00,2.618434798346230830e-01,-3.368580652141312193e+00,-3.002562568555330991e+00,-3.568603106736367714e+00,-5.069581170026968842e+00,-1.436909631566391177e+00,1.322561089149008051e-01,-4.104384670365761600e+00,-5.629470456298788505e+00,-3.220538416502425783e+00,-6.538223652284882448e+00,-5.289529586739169176e+00,-8.417613885004593399e-02,-7.343610668427237087e+00,-6.215070095257050120e+00,-3.359525477687801853e+00,-8.771703398299736110e-01,-2.852556559593819152e+00,-1.014913942755047493e+01,5.273351527429497310e-01,-2.355945235755911416e+00,7.106380855264915475e-01,-1.456835528254701195e+00,1.961434505296986153e-01,-3.137883388011777797e+00,-3.377741947981030002e+00,-6.342522799260705391e+00,-5.905314248552958389e+00,-1.395334703916958574e+00,-3.351659132738463942e+00,-8.901213157702091650e+00,-6.507158087641208510e+00,-7.308768246674754998e-01,-2.527481050773643823e+00,-5.529742068866236870e+00,-9.968294846503029660e-01,-5.288101990529965768e+00,-7.090065946901358274e+00,-4.819225597569052333e+00,-4.967410061376994257e+00,-3.692255651963124663e+00,-2.813753597045493215e+00,-5.792932600919584729e+00,6.038452058347977269e-01,-5.918807515980143430e-01,-4.016040246597272656e+00,1.830344621103557223e+00
-3.092342937317161589e+00,-2.077454470973969514e-01,3.797801044906580881e+00,-3.245246582562336890e+00,3.986863367817638171e+00,-3.911967043307374325e+00,3.108193302642983546e+00,4.653741331514949842e+00,-5.153705020571006656e-01,3.476162004220584301e-01,-3.280439155421523534e+00,-2.987827550434960955e+00,5.953188181498920706e-01,-1.730614129991020489e+00,-2.383087065510335112e+00,-1.318500493651488803e+00,5.398365303749406152e+00,4.199862053182523702e-01,1.265523456845800254e+00,1.524276036774892429e+00,7.303942981829170122e+00,4.338504755970717941e-02,-2.936650958509930298e+00,-6.981279789323631135e+00,-1.802574967113903526e-01,-5.036676672099911656e+00,1.593396574285822709e+00,-2.854382803629739396e+00,-1.357913202970228328e+00,-5.095981682838934823e-02,1.316498216625606732e+00,-4.090196118824078297e+00,9.954043404718984078e-01,1.183151413496483340e+00,-1.211576344788132920e+00,-4.743018445906438174e+00,-9.064526301831138388e-02,-7.953967570099868212e+00,-1.613022076379927450e+00,3.869020651497105945e+00,1.464267317050065298e-01,3.546726157132931601e+00,-4.970748111430216554e-01,5.329879709117042452e+00,1.555050561317821156e+00,7.014879375164410291e+00,-4.200335190835733368e-01,-2.782997247389952022e+00,-3.135027681928807652e+00
1.254018997211233888e+00,-2.561185289865672843e+00,9.337828901280672556e-01,1.309714977815477077e+00,5.529131106953567354e+00,-6.098484751227202239e-01,-4.994082264579825292e+00,-2.683378118124744471e+00,5.222096375843325866e+00,-6.984329869458323348e-01,4.289464571328619691e+00,1.574596252054720313e+00,-1.877738545453197405e+00,-9.348616508688052384e-01,4.244220913349757041e+00,-5.467927593631031868e+00,1.481309971223524702e+00,3.913976889728099984e+00,5.118855297428816620e+00,-3.447537232291693954e+00,1.702986088330912473e+00,6.595754698602041444e+00,-1.875538092571679361e+00,7.669921527947236584e-01,4.044201044072861961e+00,2.999354416172638427e+00,2.737500673314519073e+00,-5.164366120134392446e+00,6.666270259674346832e+00,8.464423642354307331e-01,2.305458401094738097e+00,1.307807162556404057e+00,6.877343783723266490e-01,-7.806148061176232389e+00,2.648976504642408081e+00,-1.420586040161067709e+00,3.414540849333578265e-01,6.137409177192800769e+00,-4.047431678090015694e+00,2.425707500989426890e-02,-2.836875343521190196e+00,-1.290852512198222612e+00,-1.601365110516973500e+00,3.720499599845823901e+00,4.160432924546952904e+00,-2.134878170211423232e+00,2.173305812708082652e+00,-9.710833942423622300e-01,2.550848296765964918e+00
-6.330482929522441848e-01,-1.243337923416001356e+00,-1.127850454232951938e+00,5.258189159183368488e+00,8.429139682869248862e-01,2.370698803314457592e+00,-1.389492359320839032e+00,8.244018518024212039e-01,-7.970973772213729713e-01,6.622926715194076275e-01,5.479949824692818439e+00,5.973879577295640786e+00,2.812346471680142734e-01,6.049664042164199174e+00,3.607712242935626534e+00,-3.972593354348917138e+00,-1.042637480161293428e+00,4.837246376469731546e-01,1.619247975705950138e+00,-7.316956022822322936e-01,-4.591407710648636176e-01,6.154628987328709222e+00,-3.980262732818975024e+00,5.780182953480733410e+00,3.899790211574918786e+00,8.123534932479515192e+00,2.829840290897152943e+00,6.810731374421676865e-01,-4.000050591410480472e+00,9.524691680664132409e-01,3.430547942697553143e+00,5.714306466723270361e+00,1.253063428788149469e+00,2.932931475844218649e+00,3.302743652574736455e+00,1.430841571822032421e+00,4.586261421687054529e+00,6.024815344002815820e+00,1.570103974605539188e+00,-7.516048764762954804e-01,-3.229650732716550010e+00,-5.537038493529538030e-01,5.790615342877963867e-01,-7.438370055060046226e-01,-9.661138155211549394e-01,-2.866894851100081354e+00,3.122415426417891382e+00,5.352609833848655185e+00,7.034352454054803694e+00
1.520435650464094790e+00,-9.114184399151448179e-01,4.237555379263397093e+00,2.239959336935120504e+00,6.025186726470506571e+00,3.595040875135356195e+00,1.659156818669821343e-01,1.738728069924970310e+00,6.112800160967927887e+00,2.001953824311674790e+00,9.141048292802116393e-01,1.950825454749073762e+00,6.168867967131028252e+00,-2.915215287913284214e-01,4.009699299776484871e+00,-1.958638195942579152e+00,-1.993866477122445691e+00,1.631453470786261573e-01,1.011223154676419878e+00,5.011408397879800525e+00,3.463985179020944383e+00,4.621866905406530890e+00,1.984871040775910700e-01,2.996383349517551586e+00,2.486515772562795767e+00,7.216787316642625072e+00,3.539409604698982470e+00,3.963778345406165471e+00,2.000786537447208246e+00,-1.791336613613534912e+00,2.207932012612368045e-01,-2.131639814736863148e-01,1.048096057441193807e+01,1.656400002380000736e+00,3.156216020918598097e+00,5.603725714304655270e+00,1.421587049131493252e+00,4.563379629858040687e+00,1.468728447152827243e-01,4.660042957062737190e-01,-2.448557091210354364e-01,3.068674566007464133e+00,2.840218568689109269e+00,7.710979335506472410e+00,-1.143691167428409594e+00,3.553405145936983978e+00,5.917440999482344033e-01,2.456322028861279705e+00,3.185368274196979765e+00
-8.002803107458036358e-01,1.046392378292264613e+00,-7.796106090668959432e-01,-4.416850407494424813e-01,5.906840323889557265e-01,1.319587877955161082e+00,7.348758997863639841e+00,-3.894468121203240041e-01,3.544720152056992646e-01,1.024732529323149732e+00,3.290001238720279275e+00,-5.144090375611514609e+00,5.016888505597935755e+00,4.162971518753238342e+00,-1.509804389953910642e+00,5.737645440212363113e+00,6.365905017058397952e+00,2.921796255703542400e+00,1.314720105461465005e+00,1.523270081901658246e+00,2.514139168712709704e+00,1.289823763575618676e+00,2.317348088900939018e+00,-4.924902482234185808e-01,-2.862656815187051285e-01,2.546919743452973339e+00,2.350437714883974571e+00,-1.844714148768226369e+00,-8.837372730019529277e-01,-2.069392609280950701e+00,-6.476692772357633965e-01,-2.190557036729483098e+00,-1.263295443486353031e-01,7.585052202233130814e+00,-3.323556402277104915e+00,-1.965531448483388788e+00,2.801306444791706873e+00,-1.307735986784446913e+00,7.076768210800215897e+00,6.349400867783278279e+00,2.418340434761862667e+00,-2.206671898721546121e-02,5.720903791479413414e+00,1.064480073013465145e+00,2.902965150666537042e+00,6.809774788112680888e+00,1.078839454472589443e+00,1.569701468139612421e+00,4.157682312857925666e+00
-4.421714076686344086e+00,3.705410448899249864e+00,4.570704120303827445e+00,4.364475405987570333e+00,-3.107056199354662152e+00,1.373738795530663248e+00,2.631859369106632318e+00,5.538975983368810141e+00,-2.882528641566305616e+00,3.287761442390821021e+00,5.391064099956446753e+00,2.013721006975980110e+00,8.884603083721021033e-01,4.219269628624775947e+00,2.186167271870282924e+00,-1.274497966567780693e+00,-1.193797002740248692e+00,-1.054079965907163352e+00,-1.441925340169436964e+00,-4.126194540539875888e+00,-1.377421625501892288e+00,-2.332686966868608991e+00,1.755062174105756378e+00,-1.517884901710063517e+00,-8.782101700036020198e-01,-6.194728804052860305e-01,1.796613107878752391e+00,2.419801497248693867e+00,-1.981524025508792919e+00,-2.255564087802213624e+00,-3.825806368139504698e+00,2.179343429552933031e+00,1.974416750065120629e+00,3.766298915986353357e+00,1.155401980797482908e+00,-6.180694474872514554e-01,-7.447859111966161905e-01,-3.131569233622546022e+00,-1.014073308212177782e-01,-3.637193491617535024e+00,-3.369089914689264997e-01,-9.143916073677592626e-01,4.675648282450327820e+00,-8.238534089981579545e-01,3.479107018148824171e+00,-8.373378225742278413e-01,1.636166959483946748e-01,1.074359574468210177e+00,4.402248374626337224e+00
-1.470626499923838315e-02,-7.580072596429474618e-01,-2.334233690092927915e+00,-9.203851389697406127e-01,-1.397420962173960168e+00,-5.355431515350465688e+00,-3.378843775684383655e-01,1.078832586055221032e+00,4.798109655510685023e-02,2.561242496202761121e+00,-2.917815095829779715e+00,-1.099857158804507629e+00,-6.094246638556315432e-01,-4.423595918369803148e-01,-4.065389759965153615e+00,-1.759213481438201221e+00,-7.168697967339194843e-01,1.143350993969092233e+00,-2.115114352969192701e+00,9.585037159084406344e-01,-5.695247490634895993e-01,2.378565944927494513e+00,-2.884351890064164259e+00,-2.497212715300623831e+00,2.604204808234148683e+00,-4.547994109729536660e+00,-2.236134812401231908e+00,-2.920322142844595348e+00,-2.647241253471170896e+00,-4.245199273327612488e+00,-3.099903891087714580e+00,-1.868666399518701171e+00,-2.332694600549536368e+00,-1.177672152484193990e+00,-5.780445688460282838e+00,3.634117634045389789e+00,-5.275605265608727557e+00,-1.370374585988669569e+00,-2.247186508373704594e+00,2.883407971200271369e-01,5.903644059111657683e+00,1.487367191188722071e+00,-1.577946245284696625e+00,-5.530973636977294383e-01,-5.157093527171539904e+00,-3.482220758294296559e+00,-5.015513518672899629e+00,5.034839498723981954e-01,-1.866122388838657553e+00
3.002433471369012175e+00,7.967384091018240300e-01,1.067595317394284482e+00,-2.760891364251918834e+00,9.237750177408441399e-01,4.145452554208816309e+00,-3.982283800787020045e+00,2.383573584703474246e+00,-2.422012786907245252e-01,-1.515154991977289700e-02,-2.352781001518422954e+00,-5.140502853937787719e+00,1.040745200675752935e+00,-2.561288625720890000e+00,1.205739437913309509e+00,-4.425858099262296896e+00,1.218914798066101923e-01,1.618047060105307633e+00,-1.150043168996070619e+00,-1.762743583228796318e+00,-1.274092128054650774e-01,-1.940279899502088012e+00,-4.533766933816930078e-01,5.145083994273841554e+00,5.271745726784605068e+00,6.057979376472850674e-01,1.577778632687920179e+00,1.980911415994069280e+00,-1.869565825108589818e+00,3.036928112676431812e+00,2.532943676845674119e+00,2.191415489775316860e-02,-1.007423416143622630e+00,6.156300123518902989e-01,1.102349530238616371e+00,1.803596145631871872e+00,-2.169021756302632831e+00,2.812943032971128687e+00,3.290812014357304971e-01,2.572096324692695113e+00,-2.221510784903743652e+00,-8.088464305722045111e+00,-2.570899702679499743e+00,2.501159575567925675e+00,3.057385352932963096e-01,-1.953254276572855330e+00,1.868052157697292825e+00,-2.089904395817151261e+00,2.546509116370008208e-01
4.057728863942094755e+00,5.264361176293269828e+00,2.794878208674238973e+00,6.716322851568118146e+00,-2.533283658699291507e+00,4.379198436224390534e+00,-1.141815301020398854e+00,2.643014137521370266e+00,2.599041823544182339e+00,4.880114287164364129e+00,-8.014914567773703258e-01,4.387186532505892300e-01,1.629712907008097122e+00,2.125158311489649954e+00,3.155707648720728731e+00,5.363453624416700372e+00,1.280214252587101420e+00,3.393017053360668278e+00,-7.844516846275747524e-01,1.823179593994904701e+00,4.161905931954570370e+00,3.462650670634582761e-01,1.293494654486138096e+00,3.490911930239169791e+00,1.324409646009035546e+00,-1.072532638520560022e+00,3.023233981515646374e+00,3.851981450839073506e+00,1.623378551416268856e+00,-1.379411256330516977e+00,9.085267606995184320e-03,-3.099951258617186678e+00,1.248717611392944571e+00,4.836114952667041500e+00,1.027035683638378272e+00,4.080408435723835048e+00,3.192390577518867012e+00,-2.777723321724463457e-01,3.264160156775829158e+00,2.875180560283262743e+00,-1.349809262917067265e+00,5.881295608940967590e+00,5.316642113355522170e+00,-2.280099541238170602e+00,1.314957120793566858e+00,5.355034033093683199e+00,-1.211602722837230139e+00,-1.055972302252916606e+00,5.768209121637086767e+00
-2.810434908715208291e+00,-4.095124286562047189e+00,1.250217901317818736e+00,1.807260924365848842e+00,4.685708865872461715e+00,-5.243622611609954021e+00,3.368252362623497476e+00,-3.638002246770755121e+00,1.293792602878155673e+00,-2.243613132905738716e+00,-7.134349205094130397e-01,-1.579655545410023176e+00,-4.351072501059703335e+00,2.474207249981407397e+00,2.322544812806504044e+00,-1.548949166570807279e+00,-5.499703380032326727e+00,-7.982291774298458265e+00,-2.323703910404605999e+00,5.523601901083396992e-02,-1.847995639561432757e+00,4.995246593886303321e-01,-1.613116982327258864e+00,-1.908933404659342248e+00,-3.196705918112227263e+00,2.855066809473429501e+00,1.781321638650199102e+00,-2.956308583070423435e+00,1.805007947307933458e+00,6.050352982172663374e+00,1.528542674832623405e+00,-9.122052408397212098e-01,-4.853106568540032306e+00,2.334925927984736194e-01,-2.316253802379389715e+00,-4.740312156017240319e+00,6.554434208567436748e-01,-5.454856952612182397e+00,-2.253341540500037432e+00,1.022845771608338561e+00,-4.732008006169047931e+00,-1.799912331634234697e+00,1.845813921411450398e+00,-9.612226316673823101e-01,1.112826319729802060e+00,-3.542510487766517002e+00,1.880269061131809138e+00,1.516460368599489517e+00,-1.186029726027627351e+00
-2.501431526647868164e+00,-2.397515324600000497e+00,-5.463753877092820233e+00,-8.820599827320519948e-01,-2.213633781364927167e+00,3.935823410094038355e+00,9.471960398930590053e-01,-4.614284187261271875e+00,3.913426679984961076e+00,9.709327110387317994e-01,1.044526255295327610e+00,-2.077444435804246758e+00,-5.663131510681729264e-02,-1.380667407887812947e+00,1.447672663847206831e+00,-1.829407512530498936e+00,-4.374701013622949830e+00,4.706095526328081258e-01,2.085476099460667587e+00,-6.067545278314470103e+00,3.700521529263883558e+00,1.586033701630257475e+00,-2.216612033765372747e+00,2.638996442896219818e-01,2.195638123925499396e+00,2.089412639319545129e+00,1.673918895529089568e+00,-3.655939946749246605e+00,-3.584134562652151246e+00,-1.244522965877766785e+00,-6.244229750220179120e+00,-7.047112706812469485e-01,1.585431500700368312e-03,-2.137480267132818579e-01,2.227568448625004471e+00,-1.389291084098741358e+00,1.717821920061753493e+00,2.381109587769106195e+00,1.568853908176822687e+00,-1.583218564325517885e+00,-3.901794044459012678e+00,-5.344413333706211411e+00,-3.320468857753321457e-01,3.646907138600903320e-01,-1.743228082049218752e+00,-8.193090623325697264e-01,2.389096674953381516e+00,4.011414652099657197e+00,1.864765354019791488e+00
-1.281090265498730174e+00,3.095998378040309085e+00,4.176684082798170827e+00,6.575330146246529672e+00,4.431392873349063954e+00,7.016613784586496205e-01,-3.382867422611903763e+00,4.442761990210059686e+00,-2.375094912649152068e+00,-7.633895933145806723e-01,3.341946818947227338e-01,2.013926118967014567e+00,1.756324986343682948e+00,-1.946999125791055718e+00,5.513731591057797310e+00,3.810946243244086151e+00,2.237417889766081025e+00,9.689122595626455947e-01,1.265119472638726039e+00,-1.227645823952045578e+00,2.568630267420953572e+00,-1.281316146717329074e+00,4.518109160733564389e-01,-8.330228621833566383e-01,2.710697525653368523e+00,4.752866934810163757e-01,5.698873770658940963e-02,6.652255450640476298e-01,3.567982383950113690e+00,-2.199388569073450928e+00,1.208434308022072745e+00,3.216987491434921687e+00,-2.547813796797548491e+00,9.495739625410462015e-01,4.729323800794422716e+00,-3.487246801882791125e+00,7.644538095654302978e+00,-1.943207689738778443e+00,4.408696126959151584e+00,2.814726891036763323e+00,-2.987249873494740582e-01,2.348088464664577657e+00,-1.589238861583798013e+00,8.229585364078165766e-01,3.021807560599798048e+00,2.826147339573601425e-01,1.364531357572089432e+00,-8.411443544526917560e-01,4.331753497627248706e-01
-1.537789325830210219e+00,-2.089780607900844078e-01,6.956598339487594096e-01,-2.728577567927437997e+00,-3.072539336521306730e+00,-3.794150649627549221e+00,3.215315241720786976e-02,-1.986528701588450074e+00,-1.440449172942260159e+00,-5.680063043703235337e+00,-2.619651876963256854e+00,-4.150909675377223884e+00,-6.708006219274055937e+00,3.213247538591175734e-01,3.593902794613101914e+00,-4.919621333881400105e+00,-3.843913598188428704e+00,8.229967101582560396e-01,2.814749620669495300e+00,2.586330848589246223e+00,-2.938215054325737707e+00,-3.846264661841387600e+00,2.674253735750439009e+00,-6.972829112041333488e+00,-3.237157952298923558e+00,-4.328768339482516936e+00,-1.571971332344492378e+00,6.686829556456657109e-01,6.743484102924944823e-01,-3.606202645912468530e+00,-6.640887384697299334e-01,-6.338719475352450061e+00,-5.101251986596717636e+00,-2.476015492866524781e+00,-4.543379919533214739e+00,-4.789167101749324473e+00,-7.006419600218455557e+00,1.102885760781979529e+00,-4.281892416327399253e+00,4.559008616074422537e-01,-1.036566659696693815e-01,-4.915319287388350666e+00,-3.913907432330644198e+00,-3.349577709359897071e+00,-2.305041869967368484e+00,-6.080148545582197972e-02,-1.343068305987116240e-01,3.651454243606786498e-01,-2.766628811841388647e+00
2.076084680193136300e+00,-6.791658581343472001e+00,9.421875886964787838e-01,1.310646817010442833e+00,-9.751737700833476019e-01,-8.840707133014091834e-02,-2.926745236009733464e+00,1.242519834258992706e+00,2.509251699568501692e+00,-6.163124571198357327e-01,1.229942086962914072e+00,3.247445661701477970e+00,1.519084236793774467e+00,-2.835019041938575679e+00,-3.264038752812409516e+00,-1.025996442325838753e+00,-3.956185500393247789e+00,5.843535749895245601e-02,-4.270641307630038686e-01,1.651044488444286307e+00,7.037861303695118753e-01,-2.091779263471711392e-01,2.419844293807786428e+00,-4.124146278158836942e+00,-3.126414106365206447e+00,-5.533434171447712657e+00,1.277566389830040672e+00,2.841286416529563486e+00,1.222507457335055170e+00,-2.354534521343890852e+00,-5.509114851084111919e+00,-2.937891282286028805e+00,5.333208917353443823e+00,-1.837128236433356765e+00,5.793564289469926853e-01,-1.711969123229727163e+00,-4.357250738234173859e+00,5.940970711473431365e+00,1.301853263583000686e+00,3.934393281898322492e+00,1.877731763214350647e+00,-3.832124212904998717e-01,2.173176815823444130e+00,-2.194281612372891210e+00,-2.124229278411456701e+00,-5.407392535250258980e+00,3.845365917248755316e-01,2.624901215470335281e+00,1.914931504490970493e+00
-1.463836359311097457e+00,4.036983947370215375e+00,5.136276337491511690e+00,-9.415974149266895799e-01,4.149199380496030543e+00,4.281350920649524383e+00,3.552013692697353786e+00,8.245695736500437079e+00,2.249358891432840402e+00,-1.959009314868060070e+00,-8.469653329822757204e-02,6.936736545995143111e+00,6.093738905043275533e-01,5.927280078223583715e+00,1.185230619590264656e+00,4.727874276427797895e+00,-6.140362964448278227e-01,-3.443966277315399616e+00,2.965108344755997827e-01,3.671358433080844197e+00,1.323045028809775037e+00,2.569831669796487361e+00,1.241996403366246282e+00,-1.037636809965116758e+00,-1.477799136420178572e+00,7.708017519262833073e-02,3.364147647563960675e+00,-8.912418878235064401e-01,-3.310567786865859397e+00,4.150295296716460136e+00,1.666175084238758597e+00,-1.538030999893478912e+00,9.625598156340379186e-01,5.240203865436452446e+00,1.566477483484833622e+00,4.945236682070953016e+00,2.877943024386161674e+00,-3.836824370524201111e+00,3.233246168235876183e+00,4.195535050688243284e-01,3.605707683554322696e+00,8.145053967325772248e+00,3.135364037746060095e-01,8.493933602911648562e-01,-2.326144017401568398e+00,2.901013377625019984e+00,3.565391403755916233e+00,6.630218586326563468e+00,-2.163614645879384790e-01
-5.867097507633922682e-01,3.245944337214620390e+00,3.739804784811273208e+00,-4.299637174495837932e+00,-3.989217179232305011e-01,-1.570093983645728608e+00,-1.689070444741163968e+00,-2.127289697223893938e+00,-2.482748426699264765e+00,-1.319913324731216697e+00,-8.696729827755886877e-01,-3.761592128649732913e+00,5.861336707022515302e-01,-4.290925287350609629e+00,-9.283738407937935921e-01,9.268932703997824207e-01,-1.802174226528091339e+00,-9.169492127952075577e+00,-3.201097233118771701e+00,-2.254913530894734564e+00,-4.683501768147014244e-01,-6.702021096309605852e+00,-1.890786198251393824e+00,-3.586248758542599724e+00,-8.066969032077873081e+00,-6.786692051571920459e+00,-2.825306671805003500e+00,-9.498414015341691830e-01,-4.746395386282894258e+00,-8.169275677058412954e-01,-2.404613840977171346e+00,-3.343481618037542624e+00,-1.741983122320743815e+00,1.375600840148463622e+00,-3.792063154191684937e+00,-3.215508118291198425e+00,6.114971796638433155e-01,-7.859702029278206048e-01,2.180680705121517349e+00,-5.757383231096619980e+00,5.257054182887648253e-01,-7.949237813493166271e-01,3.184436899666864829e-02,-2.040105317819571606e+00,-1.122190788105101866e-01,-4.381820915182466081e-03,-4.611985989578101908e+00,-1.661815332238433918e+00,-5.397031674428504289e+00
-5.376224628636938618e-01,-5.483426905548847152e-01,-2.499323668132824139e+00,-3.373539091370835408e+00,-5.087559580868818543e+00,-3.511613990361904136e+00,5.757087183232446614e-01,-4.100174721499769248e+00,7.188328469982692148e-01,-5.982853544167009652e+00,-2.795529150030420240e+00,-3.250177428522087020e+00,-1.284499967281904631e-01,-3.253629388564928782e+00,-4.659445229276574452e+00,1.872883955884076856e+00,-9.673115650614312333e-01,2.711488957878889661e+00,-2.186921441007285249e+00,-2.503141627868980201e+00,4.847800312255841959e+00,-2.345594036117215175e+00,2.440745659420385572e+00,-1.604427087767025917e+00,-9.159301101551631241e-02,-6.918364646216991432e+00,-4.058955178392963603e+00,1.457752654628394318e+00,-1.482682392818121642e+00,-1.089363566720801701e+00,-5.711774360235054360e+00,-4.330207500544153376e+00,-3.927443468822478412e+00,-1.145528076318349964e+00,-2.212410620447395893e+00,1.741539362674770608e+00,-3.165244119523932809e-01,-1.155827584571319289e+00,7.612767749431653685e-02,2.226412936063616232e+00,7.963257428671952631e-01,1.836731195665265881e+00,-1.551829644340852132e+00,-1.894404650602503182e+00,-3.403663854191173455e-01,-8.278135451499222253e-01,4.314495750982808575e-01,-2.269571046370223666e+00,-5.841406638113166849e+00
-4.275485859970553082e-01,4.380047079102618035e+00,-2.543553919520575857e-01,4.120556977289028255e-01,1.874713595087711182e+00,-5.659444360810246266e+00,9.127524265011539573e-01,-3.753066363137173234e+00,3.004532281392802151e+00,2.740227356511130696e-01,-1.581914808004475148e+00,-3.433936694680120194e+00,-1.086851510182825109e+00,-4.645137527642533293e+00,-1.341989362791705886e+00,-2.179371604613474123e+00,-7.052564715745600343e-02,-5.624401768934738755e+00,-4.378221869774516328e+00,-2.016146084353277690e+00,-5.084230600404804346e-01,-1.912375467340808655e+00,-9.241568664092685292e-01,-4.638383891053648789e+00,-9.796750590719822682e-01,-2.805688109422755705e+00,-7.843418971407762896e-01,1.901904898657647003e+00,5.238741068073101692e-01,-3.232422741284631584e+00,1.971986719829982304e+00,1.039079324134338345e+00,-3.771894150823477787e+00,3.917403348141546005e+00,-3.946349956881618937e+00,-4.160857354416820364e+00,4.908716528945549662e+00,-2.003280078488411498e+00,-3.786905877135227083e-01,-2.962013667453516685e+00,-1.686928354803336472e+00,-2.612322440064101858e+00,3.052854889751392964e-01,1.152853710714484059e+00,-2.570819689591746560e+00,-1.317761974998423513e+00,-2.035491641483561764e+00,2.731336702844526343e+00,-2.737669503879937016e-01
-4.065133395296382623e+00,-5.055156462255485650e+00,-4.115584936287526752e+00,-8.464949126700407334e+00,1.166224328905347996e+00,-1.327062648004398326e+00,-8.663763205037433579e+00,-1.810654083756049637e+00,-2.679094852502963420e-01,-2.227884799304684638e+00,-1.695143936479192259e+00,-2.148597515775394040e+00,-8.507667368862861679e+00,-2.357755882403819836e+00,2.978223607216545776e+00,-7.653048267620583545e+00,-3.395926437706795031e+00,-8.623694942649992257e+00,-2.203210688659325012e+00,-4.598078587205999490e+00,-5.953979540895983469e+00,1.032408819144652989e+00,1.204287356141967358e+00,-3.705807907336398088e+00,-4.827510187021148980e+00,-2.815512601502817347e+00,-6.327400072097379535e+00,-8.412897957982606201e+00,-3.848381489614813411e+00,-8.939811859214900736e+00,1.265726073232922300e+00,-3.452940288515784495e+00,-6.726522564081483857e+00,-7.346986522316335311e+00,-1.610154772421417579e+00,-4.473689702303528470e+00,-2.805051979698249376e+00,8.649958672349415956e-01,-9.686286643399583340e+00,-1.479213863153194808e-02,-6.713524302843032032e+00,-4.682688093812035213e+00,-8.799920314890421480e+00,-3.387663639146407668e-01,1.649160629521944754e+00,-6.308136998113723637e-01,-5.613739492733675895e+00,-4.291042566645121070e+00,-8.176286261469821071e+00
3.719651483047634044e-01,-5.388617765651704694e+00,4.290076314839083693e+00,9.163379733203409927e+00,2.703957116957342866e+00,3.835553700268756749e+00,5.797283039297353113e+00,1.603087577196744995e+00,7.354462896488406232e-01,2.115828714052311099e+00,6.144233682735141144e+00,-1.899447915217344907e-03,3.668130909147034657e+00,6.386977878186753443e+00,4.177501903315070209e+00,-1.279835920057270648e-01,2.182232162522046437e+00,5.726582550633650293e+00,6.912720946121183374e+00,7.439498045779009416e+00,3.472351208221098773e+00,-4.716860330876000429e-01,1.303224940616108940e-01,-2.607062717286986242e+00,5.455569329195286699e+00,2.696235122240825177e+00,1.406912847255734400e+00,8.948898915519828412e-01,7.000942477197989788e+00,1.050628860725024261e+00,2.268159447144022955e+00,1.274036235541081474e+00,2.015988501901843311e+00,-2.204898664526349528e+00,4.839139908395018175e+00,6.575786763518626010e+00,4.625409702159823055e+00,4.407216549837481345e+00,3.422865414702698228e+00,3.115146860053608524e+00,4.269663412320484852e+00,1.146080886429264645e+00,2.708268149479852838e+00,1.353546824839433604e+01,5.862551318766588082e+00,2.821605164291347112e+00,2.430184142130652258e+00,2.686382448297846892e+00,4.181235926376150047e+00
-2.395094437935080922e+00,-4.302803269362865279e+00,1.211908644791690692e+00,-4.474074632925526096e+00,2.535202711626082017e+00,5.432150348870066203e-01,-1.398736416338028921e-01,-5.508757293036420144e+00,-1.049518595142641786e+00,-2.677718380571067591e+00,-8.790465488369791913e+00,-6.365183988269312643e+00,-2.967745955837977512e+00,3.014080821497851836e+00,2.195982824009662604e+00,-3.652595478413133812e+00,-4.701465524406102325e+00,-7.357644043144719426e+00,-6.287957735344812171e+00,-3.308451515850769020e+00,-4.387037705224427597e+00,-9.289026436361643491e+00,-6.980690368999513673e+00,-8.639924229089123386e+00,-5.701639860447470731e+00,-5.883428138858065815e+00,-4.215337408884300530e+00,-4.246315274987559008e+00,-4.714196732203773443e+00,-4.388989374505436913e+00,-3.337951122107914337e+00,-7.723134458495779064e+00,8.156752258365360664e-01,-5.973706569616672013e+00,-2.611293087208760078e+00,-1.255326479938210005e+00,-4.103314156245266631e+00,1.580239814402544463e+00,-8.085958516249441175e+00,-3.259721051519344215e+00,-4.752538071749037307e+00,-5.359214757895144565e+00,-2.980307941708375541e+00,1.225651835412375767e+00,1.377860494735153374e+00,-8.345997241231732033e+00,-5.605416537352256867e+00,-3.227302029773301495e+00,-2.844048004728743084e+00
2.291835455384995779e+00,1.342129692894023174e+00,1.029508770082571800e+00,-1.466630299501456181e+00,4.734864214282534789e-01,2.272569205831246109e+00,-1.237537527501191281e+00,-9.506847273229509510e-01,-1.827249269435593515e+00,-1.680732649041942750e+00,2.578252527801542904e+00,2.998205706983734675e+00,-3.065943954721808584e+00,-2.709449436185431548e+00,1.234567290497285752e+00,1.432057756807787019e+00,-1.508107564966034042e+00,8.596142529500596652e+00,-1.523698002758877124e+00,2.634775801398533401e-01,-5.778111521201818590e-01,-2.549101660638434019e+00,3.921140066404027458e-02,3.076260768387981237e+00,-1.440695289667904611e+00,1.651998045527375558e-01,-3.574016631532314747e+00,-6.475127942223554145e-01,8.921805806431788444e-01,2.874063057506463181e+00,4.103092435896160683e-01,1.743504226592439865e+00,1.828360326853331275e+00,-1.209769887651606091e+00,1.039626173503873430e+00,2.493084755184431067e+00,1.771621267060607963e-01,8.607792592565365553e+00,1.456318110025436763e+00,-2.386572496270356059e-02,-3.333353748081697293e-02,1.932618637643586545e+00,4.427639754913317738e+00,2.166164058055067176e+00,1.234700022235183825e+00,-2.505770722337617329e+00,-3.074743616117881384e+00,-2.688880014564161147e-01,2.981533303643461252e+00
1.366789098833510518e+00,-4.765441062959258289e+00,1.481123583843565239e+00,-9.043885187931426373e-01,3.502190377353888273e+00,-2.784732774152388846e+00,-2.437188456519902235e+00,-7.259519830317278100e+00,4.065012804553017389e+00,-3.106698483577519543e+00,-3.060281071146417453e+00,-9.822325326293778858e+00,-4.794635939708404848e+00,-5.556721354087374998e-01,2.792022621051484244e-01,-7.989682000896751290e+00,9.588819759284551436e-01,-4.840872993999218998e+00,8.503219881552268600e-01,4.696227346581354628e-02,-3.236037548443492895e+00,2.807266656709523467e+00,-3.965096747811721833e+00,-1.562647671128569282e+00,2.701651922114058024e+00,-6.105382149474842812e+00,4.363689542240557273e+00,8.971758281721998740e-01,-2.823091500757155536e+00,5.656960469329390673e-01,4.391976571109283967e-01,-4.721975979713626259e+00,-7.716633929608039288e+00,-5.529446574135453041e+00,1.323319789164880467e+00,-6.298431322235508389e+00,-1.138304294571921282e-01,-4.110148175151060457e+00,-5.422384632978804575e+00,-2.319975636720140066e+00,-7.774475974929889510e+00,-3.403495198556765633e+00,5.832570042518727682e-01,-4.849278844579076875e-01,-1.939629090696364244e+00,-5.497139166169722202e+00,-3.049032486769137407e+00,-3.074941808613932182e+00,-1.214493136299441556e+00
3.564666874148404663e+00,4.948608832911054911e+00,5.024024502310546758e+00,9.884061447539172818e+00,7.708573341622700248e+00,2.237576369714203484e+00,8.203782111286246348e+00,4.998815012806623770e+00,6.897880207981103240e+00,5.833155883292475252e+00,5.432877783625331247e+00,2.233397218240264603e+00,3.873043213365422677e+00,9.743470441777171587e+00,8.273917671444630528e+00,4.768503229662489851e+00,4.260264709147658202e+00,6.568228533611001341e-01,6.135888804814952024e+00,3.385370730946185791e+00,1.652986547945806350e+00,5.913492011643826984e+00,3.605154644007460440e+00,1.300243966110714133e+00,7.436527323650875765e+00,2.325150724480242737e+00,3.817713907792834149e+00,5.164272372583155857e+00,3.185642517904764048e+00,7.403690747561460839e+00,7.615620269669041598e+00,7.077471468560653456e+00,1.399821864004178185e-01,4.677549077005586753e+00,1.327307960080650773e+00,4.964703728459729959e+00,6.895469958591023740e+00,6.906543728883502098e+00,2.804453849558450340e-01,1.110285530375678498e+01,3.660770885331116720e+00,3.638209081188927385e+00,7.772362578408554157e+00,3.198225321272212707e+00,4.647339205390550454e+00,5.345914766629206838e+00,4.133830118255232833e+00,4.678430713928174889e+00,2.787522257157921679e+00
-3.184545477921938428e+00,2.303188772948892904e+00,4.169767029136560943e+00,3.849776575718821370e+00,3.549055714021695174e+00,1.614890036279907459e+00,-6.625323003917860110e-01,2.295213520331470303e+00,-2.608408654188370868e+00,6.463429237959391616e-01,-1.200236156530405163e+00,-2.310612011786165265e+00,-6.177671198629873794e-01,1.002973523692601843e+00,6.592992480911401554e-01,-6.425171985782109907e-01,6.115080677676242304e-01,-3.696069782851846064e+00,-4.090357384816124764e+00,4.298139229980851184e+00,1.537562304856728845e+00,9.093130779252889262e-02,-2.902364190213050144e+00,9.487983587544259745e-01,3.067013164253924895e+00,4.831923708430203135e+00,7.506359484730151799e-01,3.169581010515389874e+00,3.250043780103226698e-01,1.465905898212838565e+00,-5.253479931947706572e-01,1.361432624463310148e-02,3.124503763622632491e+00,3.641022052582054691e+00,-2.539208705544233169e+00,6.853624004956498927e-01,4.169044215403597597e+00,-2.843457854495119896e+00,-1.486958531576557663e-01,4.997253964296626272e-01,3.643508197166292817e+00,1.717269173732587806e+00,9.780331299087938746e+00,2.529467771718878488e+00,2.906416992358625273e-01,6.013251959301476601e-01,1.183336663453037563e+00,3.629471597462432086e+00,-3.535826529556997500e+00
-3.517202001613775941e+00,-3.765493692126293812e+00,4.271803585149357430e-01,-2.907191731173063065e+00,-1.049708144882252947e+00,-4.968836730192581541e+00,-5.504522667178219919e+00,-6.356567937310660277e+00,-4.505147632413882164e+00,-3.396883109948175772e+00,-4.484401500352639403e+00,-6.461961829836964100e+00,-8.916110888111401067e+00,-3.818616030994575361e+00,-4.128745493482958828e+00,-4.526474435383414097e+00,-6.302612711603497786e+00,-7.319560733973168531e+00,-8.391474381499692825e+00,-8.079366972655597223e-01,-8.746177672593915542e-01,-1.651382034402358645e+00,-2.924252426785620695e+00,-5.834675217152158311e+00,-8.434398180130521228e-01,-5.872314480111199941e+00,-5.546576218399079661e-01,-1.845400714468234726e+00,-7.083740596048129667e+00,-4.042373990647964987e+00,-6.090442237893118005e+00,-2.215675404171641105e+00,-6.227063448867994566e+00,-5.116184220850318098e+00,-4.574322051150131685e+00,-3.664306952281986440e+00,-4.578224604294098832e+00,-2.868522260026788562e+00,-5.070341319422612791e+00,-4.304956210228996660e+00,-2.207978057459714982e+00,-4.980684389283144498e+00,-2.352059611705178632e+00,-2.161428179631222690e+00,-2.538711377052709661e+00,-2.272298873939577746e+00,-3.367515962000089402e+00,-2.453560433169405197e+00,-6.466181960052963973e+00
7.168132784989548201e-01,2.614644223222451380e+00,-4.022309441048411038e+00,5.359643323448071150e-02,-5.450502331865097361e+00,-3.905835825419325502e+00,2.576138117167988906e+00,-2.762237421593177755e-01,6.404230954117906549e-04,-1.426977930032856445e+00,-4.721171750176691440e+00,-7.103121378387708518e+00,-9.756528571218021639e-01,-1.853373741595076618e+00,-3.454980623639820614e-01,2.341752977722508788e-01,-4.193519280603664745e-01,-6.479149550408745739e+00,-2.475442329599990554e+00,-3.235555732929472406e+00,-5.522440146175580100e-01,5.855593197637568359e+00,-1.630784047932171132e+00,-7.685452328170465641e-01,-9.342679355941375663e-01,3.003758433849863962e+00,3.956873846750502466e+00,6.897213574263102442e-01,-3.802478453161090233e+00,-1.293611413889776740e+00,-4.973502186582688722e+00,-1.949384578676251367e+00,1.159748259481371058e+00,4.885302298253572317e+00,-3.278203965702770173e+00,1.774901983225691593e+00,5.276774685718036650e+00,-1.753318692815979407e+00,-7.852449741054634558e-02,1.404890310164825351e+00,6.120925770592736015e+00,-9.972517115949670607e-01,-6.790191696613381289e-01,-2.395396528876023723e+00,-7.963645400286030185e-01,4.784328111170201847e-01,4.357267149481822699e+00,-1.918962483341437153e+00,2.218263174629496071e+00
-6.243865540646847734e+00,-8.410236389864167439e-01,-7.442540989334821333e+00,-7.595884473345392962e+00,-1.404726436303795900e+00,-4.994653926172360592e+00,-8.693969436781609161e+00,2.314631460218287806e+00,-3.481962655254577044e+00,-8.140101048944156759e+00,-4.418126267013087194e+00,-4.009807905675917716e+00,-5.098182799490321493e+00,-3.734825938346153951e+00,-2.155222542821571885e+00,2.842109639202690663e-01,1.182753669404953190e+00,-1.525877623476841194e-01,-3.446345395262036870e+00,-2.549442321105261477e+00,-4.687294554192705576e+00,-2.979604971192634455e+00,-1.987590662888538917e+00,-7.246427883138821358e+00,-3.703658508177152253e-01,-6.062423073597569712e+00,-3.308495767718190983e+00,-4.773579392461973825e+00,-5.378670044029151498e+00,-4.484288773633125835e+00,-2.145075622832090190e+00,-1.952826620239695166e-01,-4.109861525554170392e+00,-3.823996437356196765e+00,-3.713713471961347157e+00,-6.880022588876050449e+00,-3.654740827190892105e+00,-1.911102636295368029e+00,-3.651355991927066391e+00,-9.779678133856481992e-01,-3.117515372668411722e+00,-1.594234349557261510e+00,-2.896030944741128987e+00,7.674259235908034160e-01,-3.302472010248949541e+00,-8.514267268247357023e+00,-8.285261643771939077e+00,-6.934624808831248544e+00,-4.288992347280182749e+00
9.275580923322516824e+00,1.259962129289903032e+00,6.049734714780611533e+00,9.825375888092565901e+00,6.339883899240466469e+00,4.603747912089230176e+00,-1.499937393549719111e+00,3.473213660817441095e+00,3.269079448274133881e+00,4.650821179875574529e+00,7.156608402594772933e+00,8.419825738781451463e+00,2.177256236478977147e+00,6.505310546459603493e+00,1.387450579026028485e+01,2.338135357145487703e-01,5.473899252072687460e+00,6.163742941639064554e+00,5.502327405727388765e+00,1.802116472774317524e+00,-2.877570569806780387e+00,6.158625542707818923e+00,8.649599189227112461e+00,1.137288300762887161e+01,9.534053207982783107e+00,8.543836457727294942e+00,5.008063787246238796e+00,6.276823091469669436e+00,6.572825221229626536e+00,7.147989931039698597e+00,9.331781193125898710e+00,7.482567414845350484e+00,9.441306759619765288e-01,4.037747234770667326e+00,7.915636134514231870e+00,6.261870479683000035e+00,3.711523128351534861e+00,1.229078776315585309e+01,3.844526559025699175e+00,3.537281232612792259e-01,4.879856217031695920e+00,-1.751416025573137247e+00,2.379511663819632528e+00,4.863986243751391214e+00,5.786375054158567899e+00,1.936071675984389451e+00,1.383342019755388064e+00,3.941309898142243640e+00,5.157968774982934157e+00
-2.058621337371166593e+00,7.599504591707981760e-01,1.883920068208861043e+00,-7.945386898395079278e-01,6.858394174910527497e+00,6.750451094715939959e+00,-2.001870411338614542e+00,1.641688546342997768e+00,3.364215484242998766e+00,3.330696185607521453e+00,3.898359423865755069e+00,8.361711904196974521e-01,-7.508565725951262593e+00,4.399630607390101034e+00,8.941208580876388368e+00,1.189846787560817187e+00,-2.543896891765105917e+00,1.999799269042581873e+00,1.173610236197775381e+00,2.025583134647352956e+00,4.214261749995409367e+00,1.997444116407986137e+00,6.263851422377177958e-01,5.787785882344300248e+00,6.538336781875212722e+00,5.634405516285156068e+00,2.950925735170526920e+00,2.548045114649690746e-01,1.676576920966505124e+00,-5.822502663165325387e+00,6.027973766729504135e-01,3.006982304439914877e+00,-6.322491478295260148e-01,-2.828151138059761927e+00,2.721141585952278064e+00,1.611521337056033731e+00,1.193528541189521341e-01,5.078381603160631030e+00,-7.059428767364272161e+00,-1.662283752641831702e+00,6.446187753228982409e-01,1.240205803121052774e+00,4.267394731774250438e+00,-9.585161054173174655e-01,4.576276402853976855e+00,5.532083232839440257e+00,4.303625020713760740e+00,3.080204775164160136e+00,-1.032320980585507142e-01
-1.756726532074262548e-02,2.586743806319139694e+00,-1.759117914228558455e-01,3.296299978429181543e+00,-2.397896447786978413e+00,-1.723754030047708108e+00,1.482785280117608684e+00,1.893486760845379591e+00,-2.615226442993219713e+00,-1.306398032243452079e-01,-3.709014135010657132e+00,6.196768780808450394e+00,1.668864501704788061e+00,-1.485357686467844607e+00,1.443271419675599132e+00,6.651075195394033024e+00,1.916004869953392475e+00,5.319421803357618828e+00,-5.423482146541623861e-01,3.544369341060878309e+00,7.469942065139306697e-01,1.846287323590691143e+00,1.170385686073395215e+00,1.763078319198360999e+00,8.836821102728219302e+00,-1.142609145232986734e+00,-6.221534321657751221e-01,2.741230753865275371e+00,1.087566023905237378e+00,-1.409153336665414091e+00,-2.626327953316799579e+00,7.173338330127485563e-01,2.325441059997245929e+00,5.692161849351796477e+00,-4.211834115934349754e-01,-1.641385572689909367e+00,-2.280028163894101956e-01,-2.633418968720285802e-01,3.072710545850877217e+00,2.962179832411814484e+00,3.453722820819541184e+00,2.346779155837275255e-02,2.362505678738560988e+00,6.025215463015110018e-01,-2.796494451670344716e+00,-6.149362280490318078e-01,-3.301622295167057075e-01,-2.144963691180640897e+00,2.929036549837825465e+00
1.838852416063465833e+00,2.114512013505854604e+00,2.749771908047581981e+00,-5.633188659899035500e-01,3.732074545449722613e+00,-2.065390710556625820e+00,3.510920167438555506e+00,-1.469451428488261824e+00,3.688134572551754253e+00,9.934422257713260151e-01,-3.474513225148029960e+00,-7.386511305794695836e+00,2.041185264889595619e+00,-3.456766605297980632e+00,1.917044617939192008e-01,2.988341344070881256e+00,-4.936082880010881802e+00,-3.908371567372673994e+00,-4.292448613321550255e+00,1.986170720758634767e+00,3.327611252821694343e+00,-4.707231534292486419e-01,8.218678395573144613e-01,-4.936365974608007079e+00,3.879739194349163256e-01,-1.370706236333006922e+00,2.968483094534576594e+00,9.138579588917199459e-01,-1.288273933073032396e+00,-1.680215965335910333e+00,5.748170936314634716e+00,-4.057863434907593714e-02,1.965635359675961702e+00,-1.006343152666164587e+00,2.042358818729995473e+00,-4.288743112505798427e-01,6.543808435062553386e+00,-1.997364055515817416e+00,1.407343887816545847e+00,1.049153904621979105e+00,1.645224279968003689e+00,6.378690027465549583e+00,-1.405494893574795290e+00,-7.553220814767171998e-01,-2.071072424582181437e+00,1.475399674108769155e+00,-4.779182681179612868e-01,-4.232691078347669000e-01,-8.032103216064471196e-01
1.733674305312240538e-01,-6.142352402032047465e-01,9.525538229659914480e-01,-2.476669390936983461e+00,-2.315101400923365915e+00,3.050253430514413111e+00,9.637919337413494159e-01,1.568265764439646492e+00,1.951570374688250231e+00,5.393679035708210279e+00,4.896742840262504615e-01,8.116847838631884304e-01,3.790918033474819371e-01,-1.802173616587084748e+00,1.972968409713977467e+00,2.975150915128292439e+00,-4.842806801635624048e-01,2.501275585397806811e+00,6.539912010313306823e+00,-2.693953799030973428e+00,-5.883221332825998573e-01,-5.902741426865699692e-01,4.643258606212139483e-01,2.860297287516043951e+00,-3.881342677051952350e+00,2.917397617038151481e+00,-1.996018643609765331e+00,4.374530247884071410e-01,-2.845461441578954198e-01,-3.588159002106542594e+00,5.869365132447369460e-01,1.015983760030019889e+00,-2.052213858856367423e+00,-3.903876375717015179e+00,2.919825698198458941e+00,6.748673278531920339e+00,2.515201466346847159e+00,5.348453010731445190e+00,5.105185682849084472e+00,4.651750867330144423e-01,4.419076140198939129e+00,-2.582181213542841469e+00,-5.491417187983001824e+00,-9.552373698668072954e-01,-5.402434401751577964e-01,1.970746906833002576e+00,1.224763068303031277e+00,2.138725135013895162e+00,1.165833968244800456e+00
3.358672403502117376e+00,7.179814701150304401e-01,1.761708519594568978e+00,6.412667967422658322e+00,3.157519165219507151e+00,8.464974311974831078e-01,-2.561610164725624195e+00,4.871319865895706869e+00,4.134945664973895596e+00,3.502612091082467627e-01,-3.610752442162566300e+00,7.997920673453950968e-01,3.296846973047172114e+00,2.118300923735975339e+00,3.647312383546911008e+00,-3.634707535859758032e+00,-2.071219029271669232e-01,4.813070917125966908e+00,2.890514531277605492e+00,-3.235137730578377724e+00,3.296937452433978066e+00,1.753080154882614483e+00,1.541772949160241879e+00,2.429966416313597222e+00,4.227349752450598075e+00,4.821457303199991884e+00,2.067622775509861954e-01,-2.114928150322764822e+00,-1.847495609002836492e+00,-3.138250623751337454e-01,-7.513130965973762176e-01,2.262917554464037195e+00,1.792633074762008061e+00,3.582031985711796374e+00,5.785499253522099927e+00,2.349242325866112147e+00,6.988801204340371331e-01,6.379792376547658073e+00,2.072452797201681740e+00,1.638333392536404975e+00,1.159258693713844490e+00,1.923459659776090902e+00,1.850361935630192800e+00,4.827118828584050503e-01,3.364615434520594750e+00,3.422189152860087180e+00,2.610518125904531139e+00,-5.712290496432996800e-01,5.438721135910176585e+00
-5.260951926602745132e+00,-7.267260221286948152e+00,-9.543058868830581076e+00,3.322141701976795147e-01,-3.471043342812369925e+00,-6.385708313992218166e+00,-1.062596774788594090e+01,-1.023173827647194578e+01,-3.532454119271282611e+00,-5.485741802454959348e+00,-6.389746048716372862e+00,-2.083800361066588724e+00,-1.232125959806214688e+01,-7.352612918271351994e+00,-4.588469825278416181e+00,-9.568969101244391595e+00,-1.004639035865940855e+01,-5.307978914831685380e+00,-8.825919242897564132e+00,-1.040721398202537884e+01,-8.161719472181674817e+00,-6.786311274764543100e+00,-6.105949212969743023e+00,7.694726748013880346e-01,-1.881603631577010827e+00,-1.862374821833350236e+00,-3.668898911891002701e+00,-6.956520045140848651e+00,-3.800393206017255832e+00,-4.055550132752864911e+00,-6.887345642144548030e+00,-3.125936016598706679e+00,1.810533533088344527e+00,-4.431859636655159917e+00,1.554738821419849870e-01,-8.631691265904789745e+00,-7.802832961665564504e+00,1.215764378618221286e+00,-6.037561494974566401e+00,-8.370137162882615556e+00,-6.513641810750897321e+00,-1.070003773529089486e+01,-6.015350520390247979e+00,-9.723509439874872484e+00,-1.257397386746299084e+00,-7.982531088842308442e+00,-1.048398201719751732e+01,-2.252770877853154552e+00,-6.937075239025400908e-01
-7.150334975682536287e-01,1.340168109491432835e+00,3.165230570710061642e+00,3.905672983494889117e+00,-9.329477153868429795e+00,4.300810698206629645e+00,4.190528816582986593e+00,3.803917407945961671e+00,-8.835983290082136676e-01,2.263561243407152368e+00,2.571691875571120001e+00,9.246650911370672965e-01,1.676364064036707457e+00,3.393033392980447260e+00,2.451745537269879538e+00,-4.023522704844095799e+00,2.300279317536284979e-02,2.600676820966414837e+00,3.102849521362463836e+00,3.040849701183403475e+00,-3.012444655773439894e+00,2.026458198713928294e+00,7.314363731554329284e+00,4.935812306411902384e+00,7.810586007858655311e-01,3.954459245380354204e+00,5.366938435427561771e+00,4.233355404698805557e+00,5.166257254105338426e+00,3.272101160059752267e+00,-4.679086026458610270e+00,4.704382376288138268e+00,-4.724828948992766620e+00,-8.742858235316930404e-02,3.002665196453637164e-01,8.335412664942244421e-01,1.967346694619586112e-01,5.084592781711009479e+00,1.419496631285674049e+00,1.867273897774120783e+00,3.629222304415125944e+00,5.333583911454631288e-01,3.527007059372668785e-01,6.807273015761849955e-02,4.028473418716054688e+00,-2.575173032062552991e+00,-2.818791140796376382e+00,2.235674155044120592e+00,8.581047986620747858e-01
-3.856655539479500572e+00,-7.079479372549030813e+00,-7.080351123702938843e+00,1.628987853762935423e-01,1.048957408593555130e+00,-1.577468640371051611e+00,-1.934023473458766240e+00,-2.826398650257894829e+00,-5.107313198879526617e+00,1.325835032059378416e-01,-3.042965401580114637e+00,6.309670471000010661e-01,-3.943434620118908995e+00,-1.663004948422524221e+00,-8.702857960982561814e-01,-7.531359026544545365e+00,-3.371145075825906723e+00,-6.420391774587526967e+00,-1.462416610949453633e+00,-1.820818393416379521e+00,-7.315752098939055870e+00,-1.070295078032655001e+00,-2.674541311440850055e+00,-1.572181995381328967e+00,4.833690780957848876e-01,-3.700823492240901569e+00,-6.364691991283927486e+00,-4.696197996788649576e+00,-4.725620259481079444e+00,-2.646980193525315883e+00,6.015814662076695019e-01,-5.883539438787565246e+00,-4.363537924253941824e+00,-5.220211709051761240e+00,-4.740854998774710616e-01,-3.728381412286307928e-02,-2.644995003198733929e+00,-5.068206224833037510e+00,-4.949297804034731740e+00,-7.593949497054932607e+00,-7.358113028308646442e+00,-4.604831667102748938e+00,-1.432369066127677559e+00,-1.659920371379455917e+00,-7.259870371360531038e+00,-2.169940114745575244e+00,2.036414867583618560e-01,-1.883437928850949739e+00,-2.103824746054782313e+00
-5.491657558822251595e+00,-2.872807036363247413e+00,-2.977882026356965639e+00,-1.845218896644251982e+00,1.040007718403095360e+00,-2.823608607047833452e+00,-2.837868493499278166e+00,2.701587907830587998e+00,1.150442916343197952e+00,-2.804592704262262037e-01,1.533533130109255849e-01,-4.594430353779069165e+00,-3.315102185507892596e+00,-2.128757001804218785e+00,1.240913400121603782e+00,-3.989715604853070197e-01,3.725177965524826273e-01,-2.033788659257761200e+00,-4.124414384793285038e+00,-3.765531617411583820e+00,-2.545548653674373440e+00,-4.098132916660129688e+00,-1.146975209788324124e+00,-6.131220792292616295e+00,-6.293599439345406443e-01,1.079252119317456682e+00,2.318888159648564873e+00,-4.887235971545054625e+00,-2.146725558006776335e+00,-8.073086515846572553e-02,-1.238883681998378616e+00,-2.271991840914882932e+00,1.779143460061989312e+00,-2.455379877404486155e+00,-1.382643030497644476e+00,-1.769417990168895560e+00,-3.935608315553990710e+00,-4.888739235790502846e+00,-2.484813881190874874e+00,-1.892734281016773767e+00,-2.499035436482748285e+00,-2.293824852105916801e-01,-5.204208616570949353e+00,1.842589580225885149e-01,-1.646295604599818496e+00,-1.420579161506826615e+00,-4.436351794824146211e+00,-1.285220246857526616e-01,-3.465267465898561827e+00
1.034778418702052560e+00,-4.271411262126065367e+00,7.499655801803793764e+00,8.201324845172608402e-01,-3.631960797853869272e-01,7.725053241006293314e-01,-2.049120884700159628e-01,3.217125392381275262e+00,9.390958824713055986e-01,4.010218017680037050e+00,5.423778756323671679e-02,2.801668196016826595e+00,-3.740012362299872883e+00,-2.401177139810290129e+00,6.069174934663390530e+00,4.732398718010131233e+00,1.892236956554352645e+00,1.934202348069267163e-01,1.526485752193983192e+00,1.434114411076487405e+00,1.683093588023319320e+00,2.779308905113598183e+00,4.116145198485115841e+00,2.724268832115247285e+00,3.542310467376763583e+00,1.009544039135822402e+01,1.703722200279266241e-01,-7.273534371714711622e-01,8.362528631535117718e-01,1.099312188671872081e-02,8.183943993963569419e-01,4.007767519231867581e+00,5.842356461812125090e+00,3.199292578845705393e+00,6.812767157830153408e+00,-1.094330426925133048e+00,6.198724813429268288e-01,4.400172211506106379e+00,-1.820954255703721492e+00,-2.090168061459606541e+00,-3.899830440960129430e+00,-4.443982968842367320e+00,-1.319597468665816065e+00,-3.175862259318815162e-01,3.483938546308730899e+00,2.286667986556852661e+00,4.914716331761164625e+00,-1.150580522315288956e+00,1.775228487975349934e+00
-1.952132975127747638e+00,-1.943347692779830105e+00,-4.859157323241364956e+00,-6.412207931648462811e+00,3.896962620014593259e+00,-7.008689028854713676e+00,1.713704921809674486e+00,-7.210448990182080076e-01,7.017721799500349356e-01,1.369734965226705681e+00,-4.303696294104769615e-01,-2.284004433773009879e+00,-4.929455651820354944e+00,-6.178967061769958136e+00,-9.277820956511235728e-01,1.621800638002866002e+00,-3.416165658858196341e+00,-2.645075522313149463e+00,-1.009092435696652634e+00,3.332966928357324665e+00,-5.456763247279054596e+00,2.364239294057093765e+00,-2.376720337980444242e+00,1.280558606900158658e+00,-3.874477139211943033e+00,1.046034536117815605e+00,-3.468846525157869287e-01,1.635974389924178540e+00,-1.989335768640935864e+00,-3.763069070360047785e-02,-1.419867994514088183e+00,-3.499562247040551632e+00,-1.631596638985579606e-01,1.739471513790387114e-01,-2.711415519200823354e+00,8.901561310644651170e-01,-1.663742949140509131e+00,-5.272911365854109356e+00,-1.791311446398955454e+00,3.184548816517226211e+00,3.483955917437236316e+00,-1.661755211790839848e+00,5.741679965613309733e+00,9.055879164684830229e-01,6.732866739027104863e+00,-5.579728460779832533e-01,-1.982268194489990476e+00,-2.693729235026508739e+00,2.993208702625366202e-01
-4.918915727115725778e-01,4.978934806529144996e-01,-3.506799104980134807e+00,-4.521460776169323736e+00,-8.387269807673146005e+00,-5.761571865210641796e+00,-1.134466304348136001e+00,-9.949343624769690919e-01,-8.487880513035818808e+00,-4.869697833319010627e+00,-2.891733335875739996e+00,3.667935535634077038e+00,1.956464162662736817e+00,-7.129474981017208890e+00,-6.234099779780478912e+00,3.739821307637454684e+00,2.263516303412626662e+00,-2.840924327401733507e+00,-6.634254778560234378e+00,-3.919300289361662415e-01,2.712738736854142463e+00,-3.750491662617252864e+00,4.621034934366409885e+00,-1.879475542049319658e+00,-2.306236922629158581e+00,-5.707804767206726027e+00,-6.081229888191510113e+00,-1.385095828012849362e+00,-3.807090032875952712e-01,-6.050603551066302543e-01,-6.272191012033411006e+00,-3.933010082711891897e+00,-1.242841181195596167e+00,-4.391698133716667840e+00,-4.284887049328372832e+00,-7.584123268766918002e-02,-2.402488226146984207e+00,1.138313344385620596e+00,-1.137943759061352367e+00,2.870179081045834413e-01,-1.152560360066071432e+00,-2.488042689893667614e+00,-4.079728201909023966e+00,-5.366620642608352476e+00,-1.613692234621463051e+00,-5.815356669891227348e+00,-5.308672583416464974e-01,3.429599700200130830e+00,-3.666755885460041497e+00
-3.202798129528686033e+00,3.621294597537048077e+00,1.295272504215345954e-02,-4.420042243339770138e+00,8.013634736033925510e-02,-3.833795233197816454e+00,2.015649718707019922e+00,2.247940554790547552e+00,-6.299315290997445915e-01,-5.344814640861694777e-01,-1.480803110611080831e+00,-1.314714197873616097e+00,-1.978525891066960529e+00,-7.373886360166044263e+00,-2.821859142638650120e+00,-9.440570193845725377e-01,5.361637278366290893e+00,-4.499902271899047790e+00,-7.027487497772614944e+00,-1.901658211746923843e-01,5.348737704095414713e+00,-1.423122173346369923e+00,-3.091701604938927428e+00,8.536118628809958864e-01,-2.147878287924846141e+00,-4.956870045313589657e+00,2.072612175508201204e+00,1.088731314789978866e+00,3.578272439055580012e+00,-1.520445075417912406e+00,1.595824226626404441e+00,2.038656017843217150e+00,1.705759435627079323e+00,3.502628689728294553e+00,-3.646035540373562256e+00,-9.464338532088668599e-01,4.412627359108983960e+00,-3.211580345887147914e+00,-2.119455447084968469e+00,3.199081542143229484e+00,1.839427232403695989e+00,1.293345673611190794e+00,3.038508814478878772e+00,1.797602016345290155e+00,-1.033056075898313386e+00,1.457449877190387655e+00,1.110097282883212078e+00,-5.667797546061764002e+00,-4.881641265026064325e+00
-7.747712280966204901e+00,-9.734139926933480069e+00,-1.328093209097265692e+00,-4.780415634323299301e+00,-9.999849296769696139e+00,9.474398177337062243e-02,-8.298560776658410632e+00,-1.146032393365170599e+00,-5.797174608815503838e+00,-1.035197942861408116e+01,-6.768789611161161623e+00,-4.301746631026856171e+00,-1.038774444821469167e+01,-9.757105136189880845e-01,1.440630970109529008e+00,-5.663087161838373795e+00,-1.986451850171583100e+00,-1.108873608653182075e+01,-9.877349126339707297e+00,-2.564972060677580323e+00,-5.571216128401550449e+00,-3.449713782293670317e+00,-6.405474548799049650e+00,-2.962977592546901739e+00,-3.231961621662763573e+00,1.748972978015041368e+00,-4.415236590980975429e+00,-8.185770699173881226e+00,-5.990366454277215702e+00,-6.695181045453855617e+00,-1.416650252503888208e+00,-5.679960129920746503e+00,-4.589789094122051161e+00,-4.578547394793685221e+00,-8.460730014251975906e-01,-3.744838178780476312e+00,-1.632696364134788025e+00,-4.694135777962115341e+00,-5.932681962297322364e+00,-7.965447913489599685e+00,-7.140388029749409782e+00,-7.346597969150732155e+00,-3.137093528183571678e+00,-7.484357102720046839e+00,-3.931973943574925023e+00,-4.999684021309861670e+00,-3.555421280435092424e+00,-9.272640821765190111e+00,-4.034246004024866217e+00
2.772527251692449290e+00,1.044123926664372259e+00,7.640868849553700271e-01,1.178415220570189659e+00,-3.673539077553817922e+00,1.987466376318116901e-01,1.051660361434135993e+00,3.846483043784957312e-01,3.131904037138886654e+00,1.681528647399547660e+00,4.900251453144782943e+00,9.557334857730215294e-01,1.326434623609349162e+00,-6.486140987332023045e-01,-1.184761079014445162e+00,-5.640444162939737272e-01,3.343805977540952767e+00,4.954771967699715951e+00,3.571987625414233314e+00,3.444447462939984383e+00,6.623862941076482658e-01,4.167360575833844116e+00,8.326844269210097238e+00,1.847133101289671231e+00,1.869401698967854353e+00,1.088180964922293104e+00,2.305133414995672592e+00,4.687920670926601474e+00,1.492087523701557616e+00,2.014737497442665948e+00,-1.867296820153455883e+00,4.312505656655441832e+00,4.725661125971215570e-01,-4.067491601059396444e-01,5.529016375490185098e+00,2.514303583067257986e+00,-4.589501603674013275e-01,6.748214436982034492e+00,-6.092078330339566472e-01,1.934021757352271553e+00,4.521696306614263250e+00,-2.970429595876084683e+00,-2.583238771370112152e-01,-5.431425571506280914e-01,4.036637501803578054e+00,2.206543078196380847e+00,-2.921965964445547570e+00,-2.309829704484202217e+00,6.776907498958100184e-01
6.882005026306505791e+00,-3.190027240630395777e+00,2.034123852296944257e+00,2.228244040653231117e+00,-1.470041136559811168e+00,4.353021848763526158e+00,1.852671200732782353e+00,3.843802397748237176e+00,2.904891729132578426e+00,-4.396801773833342253e+00,2.693199479872945723e+00,5.252977851443032975e+00,1.921829444898892625e-02,2.939985432116514197e+00,5.668987476088602762e+00,2.167032339482465542e+00,2.603131989934958646e-01,7.970720651387326328e+00,2.651442063782650127e+00,-2.755265578880710109e+00,3.681538945646937400e+00,2.752320711522857621e+00,6.993259050316630310e-02,5.542964867974500720e+00,2.282164386477470330e+00,-7.085558216123777342e-01,1.348567385634819260e+00,4.710368452614772217e+00,-5.123423956884798347e-01,3.479048941435086029e+00,3.610818756377674799e+00,1.918872466501660323e+00,-2.889550173099241004e+00,2.501355940414331513e+00,1.720992522754525744e+00,-5.878314856064537075e-02,-2.940550054847952843e+00,9.682791388375887820e+00,-3.212287467054930623e+00,-3.912637534055340538e+00,9.415186974754405913e-01,-1.740280306042186975e+00,3.124858716849882700e+00,4.449585792326948841e+00,1.444962867334789625e+00,5.701331702201482443e+00,5.300856369704994187e+00,2.525109147704016177e+00,2.186163572112994391e+00
-4.822025991609564244e+00,5.054132728657749762e-01,-5.813221256825977790e+00,1.313374874688808536e-01,8.547998368305318451e-01,-1.107626366927216210e+01,-1.355164597177461516e+00,-1.060922211899563550e+01,-4.431906405839480811e-02,-1.354241668247568864e+00,-8.342561392542155119e+00,-1.615515182830930030e+01,-5.859017415442445476e+00,-8.842820763139632945e+00,-5.594838182900823575e+00,-4.340247511501413413e+00,-2.245162468224908281e+00,-6.505159865218913318e+00,-6.841228866864167202e+00,-3.340329357106786468e+00,-1.391588587475739880e+00,-5.923310413070939973e+00,-6.208519094927551052e+00,-5.135635220700333292e+00,-4.577741902594347323e+00,-5.937866759445515008e+00,4.087053033718777151e-01,-3.801130339421030069e+00,-6.046606119537257129e+00,-8.151615402251744413e+00,-4.832307797887766654e+00,-1.075455784250479496e+01,-7.672500828433647335e+00,-5.175451340574488412e+00,-8.504703520050163945e+00,-9.697864946035235079e+00,-2.690416649012463246e+00,-7.522915258655448412e+00,-1.310708027587063107e+01,-4.215528366526870130e+00,1.867963611278413039e+00,-3.117649923532776590e+00,-7.189954381020116969e+00,-6.878040500966957183e+00,-8.794962388843826417e+00,-2.934049359779727695e+00,-4.303721391008575203e+00,-7.522649061109601298e+00,-8.754190563290690008e+00
5.896514037194666713e+00,6.811304034529266360e+00,-4.775869932251287864e+00,-7.354271925408535360e+00,-3.339959558391702998e+00,-5.156427808492531906e-01,-4.217695882399622676e+00,-8.578005707842173422e+00,-9.016185055210217403e-01,1.199905122907086952e+00,-1.582081970937771143e+00,8.892861877595695796e-01,-1.175956215433685781e+00,-5.730552908920680366e+00,-3.882278607956444194e+00,-1.975559429663814370e+00,1.968842144176561115e+00,-7.657060844956182777e-01,3.420902691451345845e+00,5.300162720983748521e+00,-4.241431131106325747e-01,-4.957001001706232479e+00,-1.501569065683896476e+00,1.772844797662490368e+00,-2.689652225631317339e+00,2.654465647890020819e-01,-1.500187631552343248e+00,4.385300534556457741e+00,-1.653308218604234714e-01,3.883918784477587760e+00,-8.841512693971226966e+00,3.228680887900652330e+00,2.946981538280976309e+00,4.590911336960761702e+00,8.419166404932938441e-01,2.083764981863939436e+00,4.126661262624123694e+00,-2.672231475841716275e+00,3.032163421795867286e+00,6.824555642219632290e+00,4.593193039718300064e+00,3.871115664678444368e+00,1.076009967320434413e+00,-1.335284676009281801e+00,-2.757382495141765144e+00,1.155782251115469395e+00,-1.718234356392086326e+00,-1.798211694972167596e+00,3.566465901124477034e-01
-6.106511938998628874e-01,1.131511594155245826e+00,-7.457774841119223730e+00,-2.146589647779832521e+00,-5.058839539979300248e+00,1.210478228307889426e+00,1.384070350172233121e+00,-1.949901743553706490e+00,-1.390835351143939747e+00,1.039033177214114145e+00,-2.615462460469586414e+00,4.833246678256838180e+00,8.520043110303281431e-01,-2.727040796472710582e+00,-7.258684279226341296e+00,-3.826337032694091533e+00,-2.509891606235193251e+00,-9.177324723070641177e-01,5.248156699862801533e-01,2.412423426913141711e+00,-9.089202044002235858e-01,-1.733532711427101747e+00,-1.058196453076505339e-01,-7.117456926463204825e-01,3.271474440178852028e-01,-1.428210506390589440e+00,2.949712739065147638e+00,-2.096790784724707812e+00,-4.412768653717320966e+00,-1.569804695240632153e+00,-1.978933281031980851e+00,-2.102929812784908759e+00,-4.532488536983539262e+00,1.109448148854742300e+00,-3.718049743919625616e+00,-3.065401827471379459e+00,-6.238952765589181659e+00,-3.406113674252266854e+00,-2.232745685728731555e+00,1.845894776670016002e+00,-4.939113632433649315e+00,-8.701962779683056759e-01,-5.420399964852444796e+00,-5.700330122422733403e+00,9.673030805852973479e-01,-1.714416052987464800e+00,-1.766157786008969000e+00,-6.766841219079751113e+00,-4.245500871253234720e+00
-1.915976565369821305e+00,3.283052367209807976e+00,6.982864576208085872e+00,8.085964842447417311e-01,-1.115274691110594407e+00,1.573121622722959856e+00,1.545888659950495736e+00,1.338733223086702173e+00,3.061206769612729861e+00,-2.157070715070891487e-01,3.391119797320338414e+00,4.499434229008347330e+00,2.177406810557196426e+00,-2.932030176893783757e+00,2.040750172774563165e+00,-1.719847706548235933e-02,2.895263293820764083e+00,-1.034743292567542827e+00,2.685815398269837395e+00,4.675060714383302951e+00,3.005770702322880794e+00,3.000547536629468048e+00,5.329413726279517149e+00,1.027524734135590734e+01,8.702462488356655257e+00,8.403319096871991079e+00,1.932398075952923122e+00,2.688032225001981690e+00,4.283479879183223815e+00,3.382594825021842944e+00,1.332858759218950251e+00,1.956808180974592304e+00,3.110945009862922994e+00,9.399105778597290239e+00,6.094754777612784835e+00,3.305661519294022632e+00,6.786634390239665748e+00,1.183012348637060729e+00,6.538241578595982872e+00,1.194056454470541873e+00,1.612312472821328946e-01,-4.182227343240696449e-03,5.450132570572483459e-01,-1.591656833120314030e+00,9.022324153612217845e-01,6.418184814174929365e+00,7.055472962634633305e+00,1.212768869021910589e+01,4.602210605852504521e+00
4.637264421595056696e+00,1.089864895545867407e+00,5.729788413171046813e+00,3.178927577696666340e+00,2.992249436250522976e+00,1.358907326898780799e+00,2.411880439863501202e+00,2.765943886033414234e+00,5.810255387282619921e+00,5.520069422896049183e+00,3.208855188724455409e+00,-2.505301355455853418e+00,4.984856109477091568e-01,4.293547032098020466e+00,5.534486211216021800e+00,5.335434520313198092e-01,3.352144767318167240e+00,6.861307081747290981e-01,3.755271148693036576e+00,-2.684107821676323669e-02,1.073382210268206127e-01,3.556242610109522584e+00,1.932684395074394823e+00,9.651989507120697365e-01,1.265138910923513382e+00,5.892922325609436740e+00,4.883989991014647813e+00,4.743373160961511736e+00,2.753936822686301689e+00,5.915768053462966414e-02,5.293190888857179921e+00,5.804413802453272098e+00,-5.048238038193779254e+00,-3.534503062643237659e+00,3.685704493627944611e+00,2.404265771964423593e+00,5.090920385483578059e+00,7.594524263714835577e+00,-2.071307389624307049e+00,3.826609895557246510e+00,1.029775939672701979e+00,-3.067465646773989807e+00,1.250290528964455916e+00,2.372549806675358752e+00,-2.628160838197497462e-01,3.532349944067154190e+00,1.958623445003373709e+00,5.150968658099311703e+00,5.018273034754042961e+00
4.411561925186473943e+00,-2.075312965941089161e+00,3.483759741943774024e+00,9.999407323129341219e-01,1.654852867747806044e+00,5.138413426778266846e+00,-1.156164980377086371e+00,2.432863221710773183e-01,-2.367346060621725035e-02,5.669788284361851893e-01,-1.130768211895430309e+00,2.841709819039501261e-01,6.067318931780252278e-01,-1.729107299837192357e+00,1.701382730083115913e+00,-1.723547998424074246e+00,1.677377588382979567e+00,1.218772510601283665e+00,-1.346303589023694514e+00,-3.354329381560078982e+00,-7.701043617944096642e-01,-1.014443944590502467e+00,-6.290493475703509141e-01,4.153042433250867305e+00,9.253570230266250363e-02,2.687586066379541450e+00,2.891652106650977050e+00,-1.894878343679544219e+00,3.108545687935509338e+00,8.883272649516934516e-01,-2.978816951213704822e+00,-8.032516439570658306e-02,-6.764922794374117920e+00,-4.174653821523551578e+00,-2.446052772743169790e+00,-3.625066927327001309e+00,-1.998172789623013923e+00,8.257533055593540894e+00,-4.729501588128403711e+00,2.592435103782863681e+00,1.255478645831590523e+00,-2.095685178790545500e+00,-4.048436056665284610e+00,1.418812589101154931e-01,-8.021392335412220742e-01,8.520325542304381106e-01,8.102374778538210531e-01,-1.808286915520838534e+00,-1.047790090059441681e+00
-3.435177217325157795e+00,-6.498340933344635140e-01,2.067787699241022903e+00,-1.541774957704430182e+00,-3.054084727238188801e+00,-3.674960512569824367e+00,1.649768026156785972e+00,2.831356950955582263e+00,-4.791780602697169655e+00,-3.619901691052554771e+00,-2.007033585698634326e-01,-3.486431501979294190e+00,-8.368408451392803649e-01,-4.108225165449807648e+00,-8.208782401287941788e-01,-4.570765615875357568e+00,6.104372845251301305e-01,1.216878098119073215e+00,-1.580291276133713119e+00,5.118735709835059433e-01,-5.914263045971407173e+00,-1.769243701819574577e+00,2.428853790584005523e+00,-7.000193745173113324e-01,-2.612176229813873540e+00,-8.061044300510769034e+00,-5.833734746342089217e+00,-3.725923913492122375e-01,-3.990963873996856481e+00,-1.729130328829708851e-03,1.046295742428148046e+00,5.747769592448370712e-02,4.153977246302962278e-01,-3.660479792822803002e+00,-2.882043614425835454e+00,-3.125164353730856881e+00,-4.640658696055934840e+00,5.876421328281988821e+00,-7.173469039461034313e+00,2.329670261460627945e+00,-5.426597617338539514e+00,4.012099831936878913e-01,-2.361119622726082667e+00,-6.064538804779973091e-02,-1.079449024964066250e+00,8.407593279819000065e-01,-3.957860886280719193e+00,-2.254664342285285894e+00,-9.081843379342710021e-01
-7.257180292088141194e+00,-1.498338887147652843e+00,-2.156957171839463783e+00,1.125490222387954375e+00,-3.817924135210650327e+00,-1.655557855491221142e+00,9.448315711860466592e-01,2.403341069663508911e+00,2.898481740663287898e-01,1.473278561000940456e+00,-2.266928138013979410e+00,2.422025222484549989e+00,1.844075679366222520e+00,4.708949449959154432e-02,-2.385716704273581179e+00,-3.168176805970798871e+00,1.711075856606739887e+00,-6.742389661630769027e+00,1.253608213286929729e-01,-3.324241193635487646e-01,2.955716756941632717e+00,-7.531790850559099137e-01,6.605530219600939112e-01,-3.593322555036009280e+00,-4.549578881714334777e+00,-1.147576318155164810e+00,-9.201934264128734942e-01,-1.924935461599626807e+00,-2.446010251040347416e+00,-2.001271702600482261e+00,-2.280446254591007360e+00,-3.102143019764194154e+00,-2.738550534766547528e+00,-5.862417778431432858e+00,-7.819483443658257205e-01,-6.829062404739350001e+00,-6.886025235619976925e-01,7.008578877890985215e-01,-7.176621672797808493e+00,-8.456812620437824890e+00,-6.608488513413408594e-01,-4.260235443542427447e+00,-2.276270697349991767e+00,-5.803898367010950077e-01,2.215229319914550299e+00,1.982414618040179155e-02,-2.321305920282349611e+00,-8.961190780736866257e-01,-2.374706296541937434e+00
-3.651713298691001697e+00,1.071306479150365032e+00,5.012118483940861680e-01,-2.567158440938758002e+00,-2.766712911926984209e+00,4.156587810901663516e-01,-4.805939164672119901e+00,-2.853974962653698100e+00,3.538945922553677903e-01,-1.950019900683190865e+00,-1.082923250866603126e+00,-4.006791079881427464e+00,3.816261653822250022e+00,-5.069272120244356472e+00,-2.710484457204906050e+00,2.812227296718826874e+00,-1.312615001297771311e+00,1.563021110563024063e+00,-2.689293453539691736e-01,-7.685404925525174402e-01,8.869774943849373372e-02,-7.135929097196923365e+00,1.759615727778074845e+00,-6.005459067027389963e+00,-4.125157671114922486e+00,-4.456266778221912972e+00,-4.413244609644075389e+00,-4.698649961432840527e+00,-2.366857994512181929e+00,-3.691472531526486911e+00,-2.502139953742744449e+00,3.053603292252625945e+00,1.597912664281903039e-01,-3.079239556083698481e+00,-8.307886318298271178e+00,6.791057060233968157e-01,-3.028148280704723749e+00,-2.505916571265085935e+00,-2.557739168272320729e+00,3.462559841362961244e+00,2.275343525576164261e+00,-1.003476297268158790e+00,-4.859966596615671541e+00,-2.139750976432524876e+00,-2.521728050662098930e+00,-2.476392751424979277e+00,-3.819633692851526430e+00,2.145081854720166881e+00,-1.861858439076840899e+00
2.656400276697428620e+00,1.425486401189083985e+00,-2.855377673329632326e+00,-5.464622383473800582e+00,-6.643410563865144169e+00,-4.784937744947485250e+00,-2.227657606861670025e+00,-4.483205060134999975e+00,-9.648322339334136188e+00,-1.947198433629389602e-01,-4.780130151872161726e+00,3.571184419309316738e-01,2.770357432559937827e+00,-6.521703318580621023e+00,-8.483656133423618684e+00,1.684328070231865038e+00,-3.308313463758175699e-01,-3.760069189864049477e+00,-4.635922770988714525e+00,-1.159981283510616912e+00,-2.823143830873820370e+00,-7.290333484441912759e+00,2.667455591591592068e+00,-6.879597067717647008e+00,-5.605575687004932917e+00,-5.125424156615439486e+00,-4.784886681828682597e+00,3.265084381944774350e+00,2.064676371125571119e-01,-1.790838571793876177e+00,-5.035166835480449521e+00,-4.488532312016403125e+00,5.049932296124731934e+00,5.544766789028368059e+00,-6.197818321345225812e+00,-5.616933581784604002e+00,1.576053915974320319e+00,-3.398748597285404571e+00,4.435523222707575819e+00,-3.279228125844722896e+00,1.064781883734839063e+00,1.691441947893030928e+00,-3.728303496183524857e+00,-1.256917272474762548e+01,-1.906440185099746554e+00,-9.672518439688304603e-02,-6.121705353230580293e+00,-2.474016035478222353e+00,4.770850313083473404e-01
-2.116706834814066074e+00,5.090492336120933103e-01,-3.220780760250934627e+00,-3.213272302935526792e+00,2.155856493209805880e+00,-4.888971000657749144e+00,-4.364390487049010225e+00,-4.077768233124226427e+00,-1.407662197934169912e+00,-1.914372101745954957e+00,-1.909613990931619432e+00,-4.298584760727572451e+00,-2.930640361003569172e-01,-2.350743415313398810e+00,-1.215943255379022148e+00,2.823216702666057731e+00,3.358235195251864091e+00,-1.899591467017456514e+00,2.810698058590931581e+00,3.917922807695554677e-01,-6.969704733900551341e-01,-4.560477062272518367e+00,-4.403617216677110591e+00,-1.992693757527852494e-01,-2.367656140335830273e+00,-1.362876953810767955e-01,-2.300571518482347866e+00,9.107805034398597233e-01,-2.636648179541125625e+00,-3.346646710891414411e+00,-3.688974088945642382e+00,-2.244545415037280556e+00,4.507686562869692715e-01,8.095691586313843446e-01,-1.412512580538542117e+00,-2.198382620928980735e+00,-2.133954849961635869e+00,-3.542823739008269524e-01,-1.415223305359783357e+00,-1.347674534565786564e+00,-3.669154613454217895e+00,-2.045427359877422191e+00,6.110289645389404001e+00,-1.385687198916810137e-01,-1.581334306056534633e-01,-1.779972321461360529e-01,-2.644012697783355126e+00,-2.807054107034596235e+00,-1.777089215361430163e+00
-1.053995859152864423e+00,-3.045830026524866341e+00,1.524067692226053872e+00,2.109637554791374825e-01,-3.849305957033058778e+00,-5.244676484762961222e-01,-3.200155854393173627e+00,1.657624990182063662e+00,-3.323199008843733093e+00,3.524955097888522459e+00,-1.473525872746524579e+00,-2.855447244922870276e+00,-3.360946807051422347e+00,-1.077791283082622398e+00,1.917578582742522020e+00,-5.220879902500592529e+00,-5.724582233581213764e+00,2.294973394237968645e+00,-2.400157698678723861e+00,-5.114097104539830241e+00,9.269187977006954071e-01,-3.678293912877730776e+00,2.696343307799311972e+00,-8.811139549176951746e-01,1.441355514022590434e+00,-1.265920459844767532e+00,2.431239013998837351e+00,-4.706102271358520106e+00,8.006115858240724359e-01,2.614451806424930247e+00,-3.388812586658588533e+00,-1.958663434980328910e+00,-7.552200618715002589e-01,-3.498541436447278663e+00,1.773427437738731571e+00,-8.566657086799487342e-01,1.566780137095563186e+00,2.173608592968799158e+00,-2.360917813899262363e+00,-4.938634037082167083e+00,-3.369454821384872734e+00,-1.102645405574350868e+00,-2.434208940540445010e+00,-4.696344614202612178e+00,1.270040716740276521e+00,-5.468181992453818197e+00,-4.327069104812736100e+00,-2.487927393829005851e+00,1.294756287626610991e+00
2.006377475615164663e+00,1.624015905382678593e+00,-6.670851290357782126e-01,7.675659715918351722e+00,-1.204021200995291530e+00,7.297357990833932107e+00,1.138816849850588619e+00,1.367400619491806246e+00,-4.827714143559965976e+00,1.529263450313183448e+00,7.385456608618723440e-03,5.852618715274851446e+00,3.628261035586493044e+00,3.655103255153473452e-01,6.106837840373140480e-01,-1.931546212149525266e-01,1.967837166583246367e+00,6.386737114439942076e+00,3.909409708919112880e+00,3.536814294188654451e+00,3.298366701021892222e+00,-2.056997723449713877e+00,6.450644585188864966e-01,5.803686275943532813e+00,3.592653171612099960e+00,-7.712959804590382440e-01,3.492195678073071630e+00,3.885571173385222288e+00,3.959027542422491219e+00,3.789466631988645418e+00,2.463665729544244343e+00,5.100817740135578759e+00,5.029947133422116856e-01,5.747281868964483564e+00,-1.084373104164887414e-01,2.812726145237705477e+00,3.400335988661193465e+00,2.333737351510021707e+00,-3.266793650418656547e+00,3.830936024877837909e+00,3.221857954526703871e+00,-3.702330066160715027e-01,6.489393998763790528e-01,1.525679263740997271e+00,5.904511653519021408e+00,-3.853412243434607976e-01,2.502998167298827958e+00,7.728701571184347641e-01,6.740324522216385006e+00
4.205307086474845413e+00,-2.035091828764548083e-01,4.584443264751337566e+00,4.108831926184849159e+00,4.067613779097680293e+00,-1.297183790523153579e+00,2.332778437065851307e+00,2.398268032816838424e+00,1.375361356873421315e+00,-2.862229732362223666e-01,-1.542605706388971321e+00,-4.422846558696530650e+00,-1.671921813822462077e+00,3.816912815970816109e+00,5.262445140701761837e+00,3.515690495574192997e+00,-1.180660332040343874e-01,1.750456966739914133e+00,1.667138239752402828e+00,-7.930293460314674636e-02,-4.832184543285126921e+00,8.290378854881016446e-01,-3.167170960712091698e+00,-3.217256275317381675e-01,4.796382720839637015e-01,6.698078181822532784e+00,4.759116223748182328e+00,3.162876460783425880e+00,3.270231983288318656e+00,-2.278662833365310725e+00,6.838841255603968605e+00,5.805921162821117143e-01,-2.511143236866631323e+00,-7.667131168195174595e+00,3.487918588877508608e+00,-2.048515423107584610e+00,-5.843675417205588252e-01,5.525928028917025614e+00,-2.487347186699944146e-01,1.980983837003144954e+00,-2.182553374030613114e+00,1.696773156928730319e-01,1.562984025439678959e+00,7.915790170316748586e+00,1.526318135640661211e+00,1.263664170559458455e+00,2.056380298664284290e+00,-4.394169401205823000e+00,1.229415776766720203e+00
2.818530806659585775e+00,5.713089065643794484e+00,1.453580263013731777e-01,-3.519494010514128135e-01,-5.147246561083802519e-01,1.300273966631237510e+00,-2.159272914683123545e-01,5.254693127311000467e+00,1.658884988731340382e+00,-1.124082403294532240e+00,2.150127764554105703e+00,6.160844861864839039e+00,6.091978053623197553e+00,-1.935511372319763890e+00,-8.309667023589533130e-01,7.831616170708199931e+00,-9.310161178826484862e-01,-1.519455929141733108e-01,7.930426956695093565e+00,-2.628615123620832161e-01,4.180055536918898085e+00,1.145273647680572271e+00,2.699694702424071835e+00,1.181997191384864365e+00,-2.866635811613712725e+00,-4.075287821138172895e+00,-2.439255866497644476e+00,6.843309874864802467e+00,3.750169945339409061e+00,6.104841488783001147e+00,-2.271744667627114911e+00,2.169883100970674050e+00,4.611248758234220979e+00,4.789796063377667501e+00,-2.288127443424321505e+00,6.386232677189514817e+00,2.549824191715448496e+00,-4.384274342267873159e+00,6.103299872722649511e+00,2.129473423844453706e+00,3.906907094781984391e+00,5.721105775869046894e+00,-1.846009838282603788e+00,-2.447578321206066221e+00,-2.238602369078300125e+00,7.905838981383010999e-01,4.904295129695679378e+00,-2.173455950255558378e-01,9.648474279412824206e-01
1.981234002778676784e+00,-6.424713782905318027e-01,6.776882074512753817e+00,7.711097471663862279e+00,4.060905174811284546e-01,4.534639981092817962e+00,-1.544592018955708745e+00,4.004098665542966451e+00,9.392704899853506761e-01,5.342431078092883645e+00,8.972018776469166568e+00,1.236317440896531838e+00,4.947677193428750009e+00,3.058575368888597268e+00,3.677468031152624661e+00,1.053553909178983616e-01,5.769477073619015073e+00,4.726165936459382877e+00,4.081885916197187214e+00,7.875682185619684361e+00,2.241118132800425933e+00,3.834174422548931371e+00,3.810109823122323824e+00,3.008496275168498268e+00,5.071503945806416169e+00,7.863597469495486436e+00,-2.219979339206513913e+00,3.519259220989899628e+00,3.816614329945529516e+00,5.317954460634394032e+00,-8.213376284988529452e-01,5.346115908714557108e+00,4.037570187927663312e+00,-2.019408791608322762e+00,7.100354313612691204e-01,1.619389634316973137e+00,2.233337385443217471e+00,1.085062945951542446e+01,3.121662906129007098e+00,1.115081717805455286e+00,-1.095904484609911744e+00,3.983518513697669849e+00,-2.284906239832818819e+00,4.896357889753434556e+00,2.982177431727884631e+00,4.553254024638901498e+00,7.208106300182974380e+00,4.294227456807296228e+00,2.137274905413971471e+00
2.000584528595477640e-01,-8.177247377415597374e-01,-5.210899656003753933e+00,-3.908094417299541767e+00,-2.097666812325206909e+00,-5.189847339801210602e+00,-2.093265720676645181e+00,-3.831760117056007164e+00,-4.278727735531143495e+00,-5.647404945010388033e+00,-8.756963530125457806e-01,1.995162946124418024e-01,-2.962708689592744804e+00,-7.421377642161750554e-01,-1.020809348739641242e+00,2.137112265325096239e+00,-4.460562864626972157e+00,5.599591356495112748e+00,-1.206227554446584804e+00,-4.448526717897365756e+00,-4.678555790732977115e+00,-3.869961695182501327e+00,-7.728964957945563263e-01,-4.235640748070226280e+00,-3.084330088811273907e+00,-2.268500267923881264e+00,-6.478914544854994517e+00,6.095476058138148412e-01,1.829257069169060612e+00,-3.034996463516846266e+00,-2.089217519892131225e+00,4.435640740811153115e-02,-9.567011617318669892e+00,-5.377236716068962252e+00,-6.091126980111974731e+00,-7.193713231410910680e+00,3.059450536758930195e+00,-2.931424857751793400e+00,-2.881328590053784944e-01,4.240084770687460924e+00,-4.914914751313252061e+00,-4.995519290024060588e+00,-2.484496218223817721e+00,-1.344729896790789248e+00,-3.195858885779051306e+00,-5.748588712122380429e+00,-1.844349206176352229e+00,-3.188012046927755083e+00,-1.957263930135910712e+00
2.832886943570684934e+00,2.862734223881465034e+00,6.875781728418923766e-01,-1.687759972727689073e+00,-2.218672757634365666e-02,-4.769726677012520177e-02,6.460414888071830397e-02,1.647796840831249554e+00,6.198706961508360536e+00,-1.882542029000080275e+00,-1.858518505758392614e+00,-5.858223498284424124e+00,-1.909265833955401170e+00,-6.750750695621654529e-01,-8.277424777766062558e-01,-3.533625290147429876e+00,3.322480414536674420e+00,-3.687104510360933229e+00,2.418415556974281344e+00,1.974807164416959582e+00,1.485969819408525794e+00,-5.246605773486145985e-01,-2.101158971664404795e+00,-4.074023920408857080e+00,-5.541221217881844296e+00,-7.125712057141886824e+00,7.894507396245580289e-01,-1.200673935364043043e-01,-4.101179481831313645e+00,-1.839537549734791000e+00,-1.068682192233079142e-01,-9.478102081334559559e-01,-5.612622211979871878e+00,-9.514185789194513632e+00,-1.777687815609949040e-01,4.896403170213252665e-01,-3.690002688019257793e+00,4.803908502794941526e+00,-5.552581066455454462e+00,1.338605438447549867e+00,-3.514850238872424093e+00,-7.273120020508727634e+00,-5.813536326902214668e+00,5.205730684112506168e+00,2.238000081744962788e+00,-4.279133795198160506e+00,-6.026433536530744206e+00,-2.145871793654499093e+00,-6.927224910702656224e+00
9.535455699548271991e-01,-7.060980209500447913e+00,2.019583763495723883e+00,-6.229749522965374098e+00,2.272943932063502093e+00,3.753811810810162797e+00,-4.296253203723608749e+00,-2.283409730494957657e+00,2.326107616755030083e+00,-2.782384595384398196e+00,2.366224676574652630e+00,-2.505296157441172511e+00,2.184378271913146818e+00,4.430311394684017579e+00,2.741100008117257847e+00,-3.966619213825318013e+00,4.256502988351189565e+00,7.266360265214922620e+00,3.699523957836929888e+00,1.180521380951347510e+00,-3.326750184067079452e+00,2.360139878900957555e-01,2.722741914335332858e+00,-4.456314457624779735e+00,4.244641170378546491e+00,2.973281422587122913e-01,-1.778399603326107359e+00,-1.259846247415597142e+00,2.917835935411468018e+00,4.293162129184421971e+00,4.377126094209697449e+00,-2.001890765170929232e+00,-2.873076517737154223e+00,-8.325118097420984853e+00,7.694659162019990006e-02,-5.233928462799774195e+00,-3.279319118714885573e+00,7.158276524557360077e+00,-5.909774691563146831e+00,-1.432789713728958469e+00,1.056483811922440896e+00,-3.918904354081580443e+00,1.325106945793647961e+00,4.688937621103713482e+00,5.863658137881953891e+00,-3.186199295273855370e+00,-4.013048288388411322e+00,4.400164193530691215e+00,-2.859071199702502675e+00
-6.840804720000732975e-02,1.333606557244666257e+00,-2.792787557809185195e+00,-2.272973364039091670e+00,-3.143862878899789770e+00,-4.542389040374503750e+00,5.256061115711443854e+00,-2.778851615728947788e+00,-8.527611634308602362e+00,-6.416222796231428660e+00,-9.746894164103564462e-02,3.135182197836564821e+00,1.945078965782739644e+00,1.578299621351808568e-02,-7.624634180507134040e+00,3.001818457286322683e+00,-7.422151309249968243e+00,9.595995419783831526e-01,-4.516299046309603327e+00,2.836775391219142906e-01,-2.943873406305395957e+00,-6.961398737713042628e-01,5.748866940469323783e-01,5.947828253498699258e-02,2.151785719351046122e+00,-1.120890960963604410e+00,-6.409724226259417179e+00,-2.065756446539036784e+00,7.662798697305994722e+00,-1.728553310204275828e+00,-7.115681624704623953e-01,1.126382078039526391e+00,6.286637734422642065e-01,3.012067951736853821e+00,-2.829820501555305956e+00,2.765912516912324648e+00,2.299381407809288902e+00,-2.752918538418846151e+00,4.743815353511080524e+00,3.983570665318323933e-01,-6.083949670830424150e-02,-4.254110649993341209e-01,-2.548245469622797188e+00,-4.771580831319601756e+00,-7.120084167219271620e+00,-3.662046778339982822e+00,-4.587196040204633007e-01,-6.703241961943167126e+00,7.281090421234921450e-01
-5.225584031463880841e+00,-6.099216968773042424e+00,7.201297382393179181e-01,-1.908704459421540101e+00,-1.202889955090543861e+00,-6.856814914800695604e+00,-8.093172655343478183e+00,-8.294848106451071956e+00,-9.799509592213877518e-01,-5.053302872615935470e+00,-4.112029414427977869e+00,-8.394126171354960420e+00,-6.324135122251284713e+00,1.796695319508563093e+00,-1.653247665779593145e+00,-4.961023135808320106e+00,-3.508138050221809578e+00,-3.482224185666618066e+00,-4.147943939086528253e+00,7.035254136369417655e-01,-5.134259784868206111e+00,-2.681045839011400034e-01,-1.749198240257652026e+00,-7.583342308239647833e-01,2.837091427430347146e-01,1.631129248402562570e+00,-6.803838387923106801e+00,-7.344699876826916274e+00,-3.014448849324770752e+00,-5.247250170123384017e+00,-5.257568094296711791e-01,-6.454869832361008974e+00,-3.134481741731727666e+00,-3.417661892297500170e+00,-5.039588592603973183e+00,-5.410005245926412520e-01,-5.922792332280349292e+00,1.092362475825894297e+00,-4.664097958069893579e+00,-3.165644403553549591e+00,-3.060743790994092883e+00,-5.380436340654475735e+00,-4.600459708297326422e+00,5.325309305134125815e+00,2.547860281904027691e+00,-2.090474296123960851e+00,-4.264833441011254500e+00,4.737158775445411418e-01,-2.846478435807767937e+00
4.206622506139997775e+00,7.587587505547630506e-01,6.848393234696501963e+00,5.756901831175385453e+00,6.047720052389434109e+00,4.214861155587339425e+00,4.220820106244666192e+00,2.920329428033412889e+00,7.007052061318708169e+00,1.016716044802424435e+01,6.039126131992678559e+00,6.364681842152878133e+00,4.828985185873857944e+00,5.656639258194378073e+00,9.741162930522456520e+00,2.328087397235159894e+00,7.328596089768528721e+00,7.862987926273291350e+00,6.303154328832893505e+00,4.249762121882572075e+00,8.068474387313877116e+00,4.846667234466317531e+00,7.782038673180300847e+00,1.614343624087370532e+00,2.679447519864264660e+00,3.742928955119495527e+00,4.516778301638886717e+00,2.029498576740983662e+00,6.547737658285622153e+00,6.757313813067550301e-01,8.381851498829007596e+00,5.291512433248962033e+00,4.709180449542502700e+00,5.625986946958350998e+00,5.446674901168449878e+00,3.512583322267373909e+00,8.087688357622260238e-01,3.288510444467924732e+00,6.654051793968371875e+00,3.848350318808056336e+00,9.136846586522548108e+00,7.191671431605783482e+00,7.405530388960731791e+00,5.753385467907111028e+00,6.714368683875166610e+00,2.061811174465263130e-01,3.002576475710974080e+00,6.510381293610684850e+00,5.582965856209441746e+00
-1.016720342897377005e+00,3.778363449692908382e+00,-4.034397905842482812e-01,-1.605561081023919368e+00,4.311275812763617488e+00,4.431451361609705764e+00,-1.737069424593186362e+00,2.872319633429874841e+00,-2.175131011659168667e+00,4.726107205478301543e-01,2.262224150758863850e+00,-7.649896070882586940e-01,9.979911818732931650e-01,4.453729358788128811e-01,-2.128650543782801385e+00,1.401412070519406861e+00,1.207830956057039051e+00,2.414133760117650684e+00,1.320442239187131328e+00,1.382818812703335176e+00,1.713852579376369256e-01,3.694189707044638560e+00,3.890402332569446564e+00,-1.340228525570034357e+00,6.821204471324610275e+00,-8.203401543405590690e-01,-3.651564608315810645e+00,6.153087203111897718e-01,5.097819167751368674e+00,4.770599581200688277e+00,-3.639127320687402634e+00,-3.363066139931550236e+00,9.379379829823453196e-01,3.985384149395326148e+00,-2.180646643586342304e+00,-3.900828585866064735e+00,-1.898527964681581359e+00,2.320838900966210705e+00,-2.291979351734500181e+00,-6.277350008925908220e-01,-1.038334269153943890e+00,3.385900169675133409e+00,3.041268263002571137e-01,4.666245216876804491e+00,-2.854590043902566432e+00,-8.914193326982353671e-01,4.096457109297078070e+00,-1.450028155606428282e+00,-1.676732630892448839e+00
-3.781973785245679842e+00,-2.526083160562709651e+00,-7.036430256027620622e+00,-5.330361111620144143e+00,-5.552061807166973395e+00,-2.354982755016238549e+00,-3.039728609175755381e+00,-1.294931231334226274e+00,-1.296451150951932263e+01,6.004936259253230713e-01,-9.275771595918000934e-01,3.230459091573337105e+00,-4.922883238085493218e+00,-3.767833363825201953e+00,-4.108985140364051603e+00,-3.109345593820657339e+00,-4.757047368152105271e+00,2.314701006171516084e+00,-2.620620312578187505e+00,-4.709327424449869515e-01,-1.197075839320884016e+00,1.583114231448809806e+00,5.283655626271482220e+00,-6.401504806172481077e-01,-8.754016741656235112e+00,-3.922308307496343627e+00,-6.451536812987304970e+00,-5.392582346376697089e+00,-3.713192378348969314e+00,6.114369843044753505e-01,-5.856849394018771804e+00,4.207442272462711408e-01,-4.709835937365941305e+00,-1.584306441948130750e+00,1.174829514077115000e+00,-9.134083208006201104e+00,-3.223422071631631081e+00,-3.709649163286289575e+00,2.166844324332366956e+00,-3.855861757559293501e+00,-2.903739604022016252e+00,-5.623073739257516301e+00,1.273174229771776744e+00,-3.423412895987884230e+00,-3.530894418883541608e+00,-1.064998032640698034e+00,-2.928634990190116305e+00,-1.281245050283600584e+00,-6.139912439813411282e+00
1.904381300209827987e+00,-4.732442187894439378e+00,4.243793699268073816e+00,4.386171630450255599e+00,-1.455258720047329035e+00,-2.065434727664463566e+00,-2.156381352726470357e+00,2.076806166391527597e+00,2.777637844914758514e+00,8.262180605581637138e-01,3.437137623395641217e+00,1.663812691554347412e+00,-1.415791516366528668e+00,-5.432641509058777629e+00,5.261255767259520155e+00,-2.167050883831088903e+00,8.179586405334869914e-01,1.700614667309724881e+00,3.153904595319711568e+00,-3.214402791634466627e+00,-1.244813107262760177e+00,2.268800244722099180e+00,-3.905455176986596388e+00,4.764416695968956006e+00,6.993353984430342507e+00,3.891404844227088766e+00,4.091137626208211309e+00,-1.831099754111331634e+00,1.216826178847135731e-01,3.090839644698285316e+00,-5.334556926736377935e-01,3.843911576858902723e+00,1.971702112305593113e+00,8.399216926987930876e+00,4.883265740854744408e+00,3.486954108468632185e+00,-8.263850978245190770e-01,9.568433390093854740e+00,3.117183242151779776e+00,-2.850882334434406751e+00,-7.751172061293249982e-01,-4.195915124475236624e+00,-1.212752421533710212e+00,3.214986986203022923e+00,8.493373384636970780e-01,-2.216755798551079071e+00,5.308746075191305147e-01,2.373126204705966913e+00,-2.401861661026772232e+00
-3.145183908854042532e+00,-1.266122160834082688e+00,-4.357064433951479465e+00,-9.010323715107128040e-01,-1.837681735455087617e+00,-6.527671092057436564e-01,5.757315919579090169e-01,-7.640481423794205362e-01,-5.344984817288437995e+00,-4.518568102079821180e+00,-2.731549975588396073e+00,1.550528667578149333e+00,1.016202471488304893e+00,1.176619128271517933e+00,-5.894258485211814613e-02,2.802973328798482822e+00,-3.081388464586996001e+00,6.099834973203885902e-01,-1.957456128578226595e-01,-2.684765577705503947e+00,-9.715619519484874900e-01,-6.939055494981375416e-01,4.871244644013661418e-02,4.953863309514320301e-01,-4.678316539615974712e+00,4.437171437850059519e+00,-4.511113263619915159e+00,-3.540793775149964961e+00,3.250453323842752873e+00,1.790614830750371311e+00,-2.713157360888299507e+00,1.690298719815477746e+00,-5.616341770812731671e-01,-2.101055099140141103e+00,-2.638448126100530367e+00,-1.092245006319814138e+00,-1.526090775604526995e+00,-3.376305593727997323e+00,-1.344631832595899468e-01,-1.168201755328692082e+00,3.162674992171748745e+00,-6.537985627435634051e+00,1.517248583546244589e+00,-3.439038155504785976e+00,-1.657187248927485479e+00,6.089537624624385970e-02,-3.702889664006611348e+00,-3.993232741515741147e+00,1.988597738717809538e+00
-6.138633011388502148e+00,-1.556103646299433763e-02,-8.384686098175752278e+00,-4.417073775266814550e+00,-6.385333037148054558e+00,-1.502629841181014614e+00,-1.857452735463374749e+00,7.973951444524389753e-01,-7.173440684961168046e+00,-6.455674179937317958e-02,1.191832834408142361e+00,2.456818305225918042e+00,5.977197453623659396e-01,-6.005360112321323385e+00,-5.647225690439512391e+00,3.071793730760044916e+00,-1.431623794582219666e+00,-4.697951289758566240e+00,-4.748455134936331312e+00,1.638878114613401826e-01,-3.598491804830227458e+00,-7.795254317598012683e-01,8.195982117623095142e-01,-1.854911959427091306e+00,-3.310418779561332236e+00,-2.509329750789715430e+00,-2.564508611529035420e+00,1.648563468125105125e+00,-7.162288409271951872e-01,-2.902924765273031227e+00,-2.138855050230599186e+00,-1.391894650491683816e+00,1.561213533105373363e+00,2.112345143999891484e+00,-5.787108885939213465e+00,-2.792613199915291666e+00,-2.775290377973454348e+00,-7.080865306433164363e+00,8.134790819038824061e-01,-5.110479785453598822e-01,2.834146248315056127e+00,-3.085016032721735524e+00,-2.724295881504962935e+00,-2.758092575962202808e+00,-2.788947412465249798e+00,-2.143807137920133721e-01,-1.380461472996385774e+00,-5.553005809196579712e+00,-5.565753612421462382e-01
3.274739377807970975e+00,2.917368682061302287e+00,-2.478284079981607047e+00,2.199802917342403408e+00,2.881203820304201635e+00,1.333913423436564827e+00,-3.382413526775237766e+00,3.955095709718454700e+00,-8.877033081089743538e-01,1.096771285093696813e+00,-1.257781988454668820e+00,-2.638248927175417702e+00,3.867749982966046662e+00,4.902484307568951039e+00,2.834299914974069523e+00,-2.303673507758510208e-01,3.432535618955492751e+00,-2.917981163814447054e+00,4.909255941793349010e-01,-2.152190822981356444e+00,2.420724572033878363e+00,-9.117214378746800740e-01,-1.602609989728741136e+00,-2.735809933800026350e+00,5.512056770479789591e+00,-1.017444555683266749e-01,6.958805419284491478e+00,2.733752370859109604e+00,2.704477791877453186e+00,1.093034349846630837e+00,1.102771696318497030e+00,2.906043780931337306e+00,3.694366449478119208e+00,9.153978774574850874e+00,2.941724378733248546e+00,4.495410160372733444e+00,3.241470645023196262e+00,-3.098514413664441136e+00,1.825210502874378360e+00,-2.498146292635551990e+00,2.381807627793448567e+00,5.510577734258127691e+00,1.195083465986382265e+00,-6.459640750222430228e+00,-6.160619716999448103e-01,7.584188659364027529e+00,-1.968675035425238695e+00,-4.097002409220635855e+00,7.350713547608209275e+00
8.955468933366399487e-01,8.199267351996077480e+00,2.522712087675166526e+00,-4.412001729849910348e-01,-5.135033079060571382e-01,-2.778544471941675198e+00,6.375579813168571697e+00,-3.885220086121894401e-01,1.639085989854478509e+00,1.133069107227829608e+00,3.993517691639403733e+00,8.224407082363676125e+00,6.044689852432647115e+00,6.653147074475924683e+00,-5.002397416545596442e-01,3.876929844258122593e+00,6.836482884759302436e+00,6.801508557086672901e+00,7.139516413079349810e+00,-4.857925482408644857e-01,3.188517620442890887e+00,1.083683991419780446e+00,-3.297158445221736844e+00,2.731764230789072379e+00,-6.212427212604936244e-01,-3.393567384591671399e+00,2.477654298168419089e-01,3.574538624007160603e+00,-2.058052830583749326e+00,5.556956840925496799e+00,1.349675595301169206e+00,3.019497305381535490e+00,5.480667654505839259e+00,4.107410669445811457e+00,1.255811634115443276e+00,3.026251893185712749e+00,1.266679663159153924e+00,4.259825436301375667e+00,1.922766452144785365e+00,7.395061872443045026e+00,4.950151136060132462e-01,4.559649997034800784e+00,-2.459942621459679124e+00,3.135046922447212836e+00,7.241542088193366311e+00,4.755213598281671672e+00,3.257677184132293124e+00,4.232760480483632293e+00,3.255479837075761496e-02
2.774076456412312375e+00,-9.227299577852252632e-01,8.166052828455091506e-01,7.916041976160911098e+00,9.824514154851401448e-01,2.145692748783201598e+00,-9.120024141846043708e-01,9.512417717551687746e-01,3.976227172199241267e+00,3.129414472730428276e+00,-1.584500843460512787e+00,4.417077913771491282e+00,2.429610665717211848e+00,-1.628813621694618075e+00,3.844476886177487174e+00,-4.904713679689233885e+00,2.639813130862847412e+00,4.950630487542812652e+00,1.019643038658245127e+00,-8.025111276046030806e-01,1.023315693527674153e+00,1.813187471458863165e+00,6.431242426129886169e-01,3.386092466190563144e+00,2.661321797499811126e+00,1.642859555250709702e+00,5.703553494524593148e+00,1.960344174070796308e+00,2.892740312564080707e+00,3.631147952453530614e+00,3.061325079063150323e+00,-2.297477923157640323e-01,1.671897931754617872e+00,-1.119165087762280297e+00,5.257828043091086201e+00,5.843088724012686974e+00,-1.351789003829701574e+00,2.868868108227925262e+00,-2.875765179480512135e+00,-3.264343360072036404e+00,3.085933154650227550e+00,2.384627163768873626e+00,2.495658862743629580e+00,2.548529507747101519e+00,6.335610135862480341e+00,2.544832097029388507e+00,1.316296691274039699e+00,-2.875956676515471599e+00,-3.453884770531153059e+00
-4.086447607846606100e-01,3.829133652488725836e+00,8.850509908223436195e-02,1.953993146466612929e+00,-1.224900361417819328e+00,4.324242486293701226e+00,4.387042497893060222e+00,-8.358785312077223750e-01,2.457981273027426194e+00,5.466962590995640525e+00,1.896586225846136564e+00,1.146694948275605475e+00,7.338631755374742660e+00,-1.065143600631680343e+00,-1.858994502955477301e+00,1.018537555376818338e+00,6.040666629461772796e-01,7.134115588185041545e+00,5.502966328097622650e+00,5.998462789873308942e+00,4.053634115881192379e+00,7.023280169269196627e+00,8.775968589620944726e+00,-9.835311655038054823e-01,1.371751255228371047e+00,8.191498224218474178e-01,2.947241345023805970e+00,3.753697215820585575e-01,5.600951924173798169e-01,4.764851219692374684e+00,-1.208024554635418468e+00,-4.176101878454773764e-01,-2.762334880896134326e+00,9.551397713230673769e-01,-1.109122020143734177e+00,2.192489787906506393e+00,2.470481442427164609e+00,3.423265685242393275e+00,9.372895491241495236e-02,3.473949731524915485e+00,2.714967420954985666e+00,2.013683981173497006e+00,8.180693725338250566e-03,4.437841938989404156e+00,-7.590813290566684746e-01,-6.289463169747261162e+00,3.113169910970718934e+00,-7.374551254513226350e-01,3.124519937287100202e+00
-8.809685274583877401e+00,1.619799433562359559e+00,-5.435649549175424866e+00,-2.320568583488365810e+00,-5.587169424308148891e+00,-5.162636039115093389e+00,-5.169324380573324440e+00,-4.365747734848998363e+00,-7.904453293832014893e+00,-3.692569633164298093e+00,-3.089135170646067907e-01,-8.981869300226930086e-01,-8.027695255659170748e-01,-7.515768143696653247e+00,-2.780620577574152374e+00,8.052668242429072976e-02,-5.279188123923315601e+00,-2.734204783041648490e+00,-2.481799292524859979e+00,-2.328205654577609085e+00,1.083757558379789820e+00,-3.784273529289158500e+00,-1.812100785591787444e+00,5.490907196453154171e-02,-5.830583255049306857e+00,-2.912083599158694192e+00,-4.670544702759369393e+00,-1.561287708228451532e+00,-4.561126316946918280e+00,-4.143521016847940608e+00,-9.196750891626507496e+00,-6.826438028430695582e+00,4.432850195986499653e-01,1.226423936594899011e+00,-3.643188610265145844e+00,-5.054122083607778038e+00,-7.861594487869301595e+00,-1.047340150108266243e+01,-4.864958738103554836e+00,-6.426179284063364250e+00,-5.514189082344074677e+00,-2.112586217380543196e+00,-5.484002294037583880e+00,-5.063647625337086566e+00,-3.999602835233458720e+00,-3.069099881169483179e+00,-3.462942865727390185e+00,-4.519330911529796602e+00,-8.107215852507463794e+00
3.353254258846265490e+00,3.756667262712570121e+00,5.934707504507238163e+00,1.130088662913417030e+00,-1.336432773857080036e+00,1.323739871907781973e+00,2.279715447066744893e+00,4.701906767714318036e+00,2.771497673619276458e+00,3.846336185481156633e+00,7.511032551323459927e-01,2.725797505193127801e+00,6.943542599617357425e+00,2.646352365506229543e+00,9.923726137606496689e-01,3.694997879668990848e+00,1.375981868677357500e+00,1.087396131862828241e+00,-2.929087366899046918e-01,1.986083918832363404e-01,5.298724307298321445e-01,3.549842903913471570e-01,5.759305520546506685e+00,-2.833614207373633676e-01,-1.584297053482453421e+00,1.005039254395495796e+00,3.660755736320146170e+00,6.029752150293759883e+00,3.276965497456902465e+00,3.821681159062929378e+00,3.415866471373500524e+00,6.425515859018882114e-01,6.282209223479515714e+00,5.901273596189413162e+00,1.757908359954925004e+00,5.204791335492977566e+00,3.532591226737268997e+00,-5.801379377520103908e-01,-7.060136321787772173e-01,2.988527921897660367e+00,-1.389222160548719609e+00,4.557221493470295037e+00,1.423945218919877131e+00,-1.644928053010333624e+00,1.125391354707813818e+00,3.697314114511272454e+00,9.004671437080798979e-01,3.169794426299196388e+00,5.552411972210400393e+00
-2.357964245736230424e+00,3.298457109406304877e+00,1.049684011781447879e+00,-2.445522750014062829e+00,1.330839368335636763e+00,-8.660063881834847432e-01,8.935468414620806321e-02,-1.580111770453805908e+00,5.649753626251625249e+00,5.991280855085970858e-01,-2.410473625749771642e-01,-5.638001426830657081e+00,-1.510162929658214637e+00,5.619580454194115227e-01,-2.331907911223614072e+00,2.774039848043263756e+00,6.027754012511106652e+00,-2.340441529198463932e+00,-4.152178285415008219e+00,-9.546035424338288333e-01,-9.130930202838168919e-01,1.431038947297921027e+00,-7.887606845563079006e+00,-2.896166394630488305e+00,-3.691914860906083895e+00,-7.982582108802525056e+00,5.990209695205963136e+00,9.602070970388081328e-01,-5.256678760770723269e-01,3.193801921793022025e+00,2.648701484171923415e+00,-4.970625160727172975e+00,3.609942372790520437e+00,-1.945622208892249461e+00,-1.284156587711295039e+00,4.874505354240278088e+00,-4.221970029443635752e-01,-8.611956158769222824e-01,-1.584175165414402287e+00,1.618980368895854394e+00,3.981073992814225804e+00,-2.383456118011997749e+00,1.341140006227956594e+00,4.507315333717014205e+00,4.840208978344428536e-01,3.854581566425639760e+00,3.159623411009526706e-01,2.983504799220638493e+00,-2.776225115565707391e+00
-1.534580582503975776e+00,-2.320984812419887078e+00,1.871702631860021615e+00,-1.003802675265406119e-01,1.435038903964073409e+00,-2.308665610710659344e+00,-6.129769151667852078e+00,1.445587280836634569e+00,-3.079830508615865714e+00,-1.160330316909681386e-01,-2.938041414104028970e+00,-5.167304331214197521e-01,-1.477727173112593828e+00,-2.959515424959435315e+00,-3.085266556998833565e-01,-1.727396116737081488e+00,-2.175935257293646341e+00,-3.678024935349988755e+00,-1.938754781293444251e+00,-3.423481379557217430e+00,-5.633625694727207867e-01,-2.310751517174020275e+00,-3.683311264579577582e+00,-1.948123085908295415e-01,2.398192382061612449e+00,5.151438519736595723e+00,-2.281436876959449300e+00,-2.978951840644094240e+00,-2.849639990495948183e+00,9.622275726940058282e-01,-3.551100710471390975e+00,-7.730624637815256550e-01,-1.646509992596013827e+00,-1.775287128142676085e+00,-2.166739587382876309e+00,-6.972544986400850409e-01,-1.136496569787267319e+00,-3.592949444370918677e+00,-1.759429217700398285e+00,-3.428463009717089172e+00,-4.794808130102049759e+00,-5.083186993141657339e+00,-1.696088921071590816e+00,-1.804640004639705975e+00,-6.864747761779747215e+00,-1.275484367024690480e+00,-1.526386556170617581e+00,-2.593311202827734530e+00,-3.078584025046381178e+00
-2.052637535574325156e+00,2.710596214164924245e+00,1.497584013082868148e+00,2.879424628276695763e+00,-4.595360566033791727e+00,-2.834770210877214147e+00,-1.816881375514800556e+00,3.237337906676803767e-01,9.869168081540014015e-02,3.118765149771479450e+00,3.534223382464541707e+00,3.458644006050480613e+00,1.424313010991317796e+00,-2.387810193277968729e+00,1.337056506149308266e+00,1.529067577473530726e-01,1.375714331356851838e+00,3.870903586689332432e+00,2.618357904818600090e+00,-3.055361091213445235e+00,-2.656063236120334459e+00,-3.588168506773678601e+00,2.158265719753693634e+00,5.436206995769157224e-01,1.427001409090787876e+00,-1.191852328119517246e+00,-2.705458479193562304e+00,-2.228423658916923733e-01,-6.913989884103833861e-01,9.763622923478043614e-02,9.160239939993930491e-01,2.851023237311988812e+00,1.704126797959100603e+00,-1.249063671426595690e-01,3.162784969558724679e+00,3.516056861048125981e+00,4.656431010397668047e+00,-8.846932327776881877e-01,7.956574808934217202e+00,2.179876232731552399e+00,5.028894819662841797e+00,2.989562483117335745e+00,-1.450110445317302599e+00,-3.172165579080557407e+00,3.109864660589178875e+00,3.646311161122269606e+00,-1.506341761031775306e-01,1.569360199889806795e+00,7.678909530748462275e-01
1.702085812707986756e+00,-6.069409717721674369e-01,-5.080025649573258195e-02,-1.872567757616047324e+00,-2.829944396406469220e+00,-1.302327760879588014e+00,-4.035711678399911406e+00,-8.566943587992150722e-01,-1.625112041523878670e+00,-1.344882485773091219e+00,6.118462403993392140e-01,2.252745373761576353e+00,-3.024701198753407816e+00,3.121890364746954472e+00,-1.304658025405918576e+00,-5.631970056382227696e+00,-2.073021641663469250e+00,-1.167494610777692454e+00,-3.718499619353367258e+00,1.104582863351000199e-02,-2.319757745552116113e+00,2.036028558325594151e+00,-1.754913508435794078e+00,-8.461799414973114608e-02,-2.789127640138653330e+00,-5.855734835378481051e-01,-2.469203853789377678e+00,-3.934025532619843890e+00,-3.831004089748422103e+00,-5.082828410124642815e+00,-3.526461965053158121e+00,-1.404730532859823633e+00,-2.702653626298012313e+00,-1.943149000452761177e+00,-3.578133574755009150e-01,-2.411194806125534218e-01,-5.296826089268571458e-01,-1.070376582049193281e+00,-5.827258525351404206e-01,-5.974146957281885051e+00,-3.967391289411010824e+00,-5.280514701189389370e+00,8.396631539442565018e-01,-1.029460364116505655e+00,-3.031136182805428403e-01,1.873665899826410408e+00,-2.261195103865223377e+00,7.615887686753366470e-01,-1.995495660894227807e+00
-3.768429967872903852e+00,5.228716007735516591e-01,-3.694445545727241154e+00,-2.526080312128381244e+00,-8.844640859660408694e+00,-3.416058041014127689e+00,-4.046985872737173473e+00,-5.751602194786747946e-01,-7.410229549469947941e+00,-2.936793848353358882e+00,-3.864269035831314536e+00,4.768317318785911141e+00,-5.074993674965357915e-01,-8.179523640960100650e+00,-1.680751719524806953e+00,3.585191147602695416e-01,-2.665255547323411633e+00,2.677062904642139252e+00,-6.290669905454315369e+00,-7.912239768444895294e-01,-4.845138092911986938e+00,-2.967630996520514763e+00,-1.739526122599615476e+00,-3.261501515463589129e+00,2.690452885002211358e-01,-9.009319048127444329e-01,-4.850258363517565563e+00,-2.228967161106873096e+00,3.536784538416213763e+00,2.236157043308586445e+00,-3.635657920709187252e+00,2.671831817468767856e+00,2.322419812798740768e+00,3.551019144981888864e+00,-4.654902982059478056e+00,-4.346784627360752218e+00,2.959893457206437262e+00,-9.380407321288839029e+00,2.026713877426339572e+00,4.569302048337110733e+00,-7.909876315847958139e+00,1.860822648064963669e-02,8.186646553511729429e-01,-5.479121990387492147e+00,-2.370335696631550526e+00,1.540197849145799047e-01,2.498087995794470828e+00,-1.814971035853042425e+00,-7.065254996035226220e-01
-2.503091720012023735e+00,-1.055673766400178515e+00,4.068223004494783801e+00,1.121845904576998620e+00,-2.358886118783148245e+00,-7.013295193845034969e-01,-4.108333436791448356e+00,-1.518818052749713043e+00,-4.436998562602947338e+00,-1.815125997305316874e+00,2.079610386276018463e-01,4.776733529793615318e+00,-8.509672833879551312e-01,-1.629381235286142093e+00,5.014152087456106521e+00,-7.290426331383739189e-01,-3.475222451366549059e+00,9.748643757519803721e-02,1.593031716554662358e+00,-1.001025397997919786e+00,-1.124061472372435144e+00,2.662796120285613632e+00,2.260018872465593187e+00,5.960150879248240940e+00,2.359005496397551305e+00,6.821850559358273891e+00,-4.675742639152849378e+00,-3.370255510900789231e-01,-4.195870467967358408e+00,3.670078932988268594e+00,-6.149237179629352124e-01,7.849545440623552750e+00,3.529026067242478915e-01,8.363216616466715436e+00,-8.747022292025334878e-01,2.772235199290598473e+00,-3.618824294466058689e+00,2.891649202744038583e+00,2.751364466907528339e+00,-1.417303644094419557e+00,-5.476204222586899206e+00,-4.201606279982671666e+00,-2.017980061882263865e+00,-2.347942334595855662e+00,-5.413922956266955744e+00,-4.753173536688921175e+00,-8.720653256611345938e-01,4.021176915098271465e+00,8.437420718235489892e-01
-4.097458318201306682e+00,-6.034779086180891428e-02,-1.888943543696139926e+00,-3.316974211339366319e-01,-6.324451830797658047e+00,-2.576285048328483818e+00,1.980323112306716871e+00,-7.354460634373176653e-01,-1.006676349618260247e+00,5.446631115692628367e-01,-1.218965404673298947e-01,-3.056922510701814311e+00,-1.811174790478237817e+00,-2.378877730004213209e+00,-9.028366427038438946e-01,-5.083300406019414908e+00,1.021946012402654480e+00,-7.310418558406706069e-01,-1.503668687051218367e-01,-2.680860412305216212e+00,-1.061408413861647304e+00,4.503045849473630291e-01,2.197074192814576943e+00,3.424130744132260484e-01,-5.552127215177239394e-01,-5.953177219097570472e+00,-1.324038477295417238e-01,-1.987531370853105051e+00,1.428423426562947185e+00,-2.005621116173273322e+00,-2.673743760428639149e+00,-9.977007086183861118e-01,2.753279878035866268e+00,1.343269899953680735e+00,7.001321121727535068e-01,-1.370877870365299067e+00,1.807935835343663866e+00,1.307070012283747307e+00,-2.892066944958483710e+00,3.354758668206298644e+00,-2.709881354201001402e-01,-1.307779771702241245e+00,-3.106039631886121199e+00,-2.713349346370537152e+00,-1.502372379046080120e+00,3.430719475888894809e-01,-6.500116129316302782e+00,2.042134655695025280e+00,5.588228255695401714e+00
-3.856893481531050938e+00,-7.429736892140055282e-01,-5.741188386817997369e+00,-5.468714487838084892e+00,-1.265912546307033537e+01,-1.895627751554115781e+00,-7.459191528635813473e-01,-2.152896258791470618e+00,-7.973834043271736505e+00,-1.558503625704295459e+00,-5.872272290840657938e+00,1.238528493864485158e+00,-4.325210913932106216e+00,-6.905299633382254498e+00,-7.485073510134315100e+00,-3.372921339009318231e-01,-1.356716102571078109e+00,-2.731293247554227754e+00,-9.282612329886413605e+00,-4.321844207514033975e+00,-2.388918943972253572e-01,-4.551111946314532197e+00,-2.918501191772596037e+00,-8.238364630942225375e+00,-4.027451285789339863e+00,-4.628910240826991540e+00,-6.163805125180525479e+00,-2.816279109583465612e+00,-7.487899672515844429e+00,-3.043133366848938870e+00,-2.992872681699869641e+00,-5.689852206795455558e+00,4.319774256444089744e+00,-1.544901838227514368e+00,-4.395009784105337936e+00,-4.080996063896742854e+00,-5.790119605324782093e+00,-4.703109783126622645e+00,-2.364652270566536707e+00,-5.082681108612481680e+00,-2.555808635569975173e+00,-4.850934702092969175e+00,-3.017934585777765744e+00,-6.516067263735736859e+00,-4.985352034497600116e+00,-7.472149860959978795e+00,-9.977613707310595270e-01,-6.084063784585473478e+00,-7.519495540340421336e+00
-2.345804619249591827e+00,2.003211376760402285e+00,1.000165084551852157e+00,4.283221373681907806e+00,1.916705111347477786e+00,-1.209564284119734490e+00,-4.835712541816952204e+00,2.722344507443100525e+00,-3.826372622475122665e+00,2.589267001174394789e+00,-3.718421609524736660e+00,-5.639831363124589991e-01,-3.474637431358301498e+00,3.258885993115812618e-01,-3.557767205828883395e-01,-3.640387209821934977e+00,-3.997724451003598745e+00,-8.435320431741527569e-01,3.358982950718880645e+00,-2.590730185151147502e+00,-4.557931170168782131e+00,-1.768261970377762449e-01,-1.810107926233169628e+00,2.795575645136872289e+00,5.954444245156636839e+00,3.986883067071117281e+00,-1.374075176867094239e+00,-1.201827578683147379e+00,-1.378709045526884225e+00,8.909669659748369330e-01,-6.684545441232243590e-01,-2.142171075195125951e+00,-2.087516555160686238e+00,4.304648456513413102e+00,4.184350335794851716e+00,1.770206479302888880e+00,2.919788997390345919e+00,-3.323560260053547655e+00,2.823063495250028865e-01,-6.888376835631218498e+00,-1.157509204433557981e+00,-1.362207263384005884e+00,9.280683515741184886e-01,-8.028463958911403964e+00,-6.574486171227956532e+00,-2.457775026793743045e+00,1.135152476841042368e+00,-2.783297695826554286e-01,4.036996481769974388e+00
4.865404754327644632e+00,-5.064594694539418462e+00,-5.904442173364712332e-01,3.010259415806459948e+00,-1.144060608877133234e+00,5.022988883227434975e+00,-3.469284764999235104e+00,6.538041909388350170e+00,-1.227030937921555820e+00,1.442198383085870006e+00,2.400179853426864796e+00,3.970603010634814911e+00,7.562284226684634625e-01,1.821418662650813314e+00,7.643857104071207331e+00,-7.268654676875225817e-01,4.000601739617950514e+00,4.758994019424491739e+00,5.814707009183723407e+00,-3.400081862457868809e+00,3.933728691565695712e+00,2.359830326887932372e+00,3.423371814321422679e+00,7.154542540256095151e+00,6.743890382285663065e+00,4.862441337169750355e+00,-1.849007270176127093e+00,1.289246513383995651e+00,-7.587976837834506383e-02,2.844400448772909762e+00,-5.000682784313075224e-01,7.117776301449248777e+00,2.764191854388490910e+00,5.417158891317892078e+00,7.519184561287107549e+00,5.866528697683917493e+00,3.685132367696530409e+00,2.967073803750716721e+00,-7.593278399603919926e-02,-2.240675953657597752e+00,-3.929022176767656305e+00,-5.947647741666810539e-01,5.929704090081253653e+00,4.607846455226781046e+00,-1.927274729810932452e-01,-1.791648737752057352e+00,7.685981892994068865e+00,2.182058669353778679e+00,4.165395350600372026e+00
-1.260209852999726765e+00,5.177871092265835529e-01,-8.235013501645784828e-01,1.015645508819931875e+00,-2.338212838829393014e+00,-4.287632183612183567e+00,-2.546997060737913321e-01,-2.674351023072915723e+00,1.387781128169004674e+00,-6.306919076508036293e-01,-4.610808826918837866e+00,-2.609236337412895068e+00,-3.786366079106574745e+00,6.775828276833433250e-01,-8.536112818889205478e-01,3.971652914526329070e-01,-4.154736740973809184e+00,-4.424473684881832014e+00,-6.674301023468613536e+00,-1.255486164356864220e+00,-4.448511156627938945e+00,-1.081002817318122311e+00,7.161118012252669640e-01,-3.644665000985991998e+00,-1.103514336101905080e+00,-1.217940505386941430e+00,-1.409799422933928792e+00,-5.996776543282038574e+00,-2.063943709968343754e+00,-9.147746133429471849e-01,-1.590200963422526037e+00,-7.005476803392857832e+00,1.619427692902152494e+00,4.673697354603339349e+00,-3.097435239495466952e+00,-2.647303622755184715e+00,5.332103253643625251e+00,-5.902573096223719062e+00,4.549167078332091663e+00,4.915537805496983381e-01,4.745972607698594192e-01,4.302440168651151531e-01,-1.670456217802860799e+00,-2.102090994084238940e+00,-2.999007359187337407e+00,-3.216828939119523501e+00,-6.033264861459421979e+00,7.174811092676579571e-01,1.248108489604431215e+00
2.369830208819896811e+00,3.344699745441189087e+00,3.553161608166131580e-01,7.139506800763017580e+00,-2.498810111020404179e+00,3.452364878131320758e+00,1.498584519604402754e+00,5.861678597047752071e+00,-1.173680582198292077e+00,-4.764042824619974525e-01,2.923131132473069549e+00,4.429444802723516261e+00,1.322824743283278925e+00,1.212337180872382403e+00,-1.159911956539021682e+00,-5.107962460701563900e-01,3.182887893615520269e-01,-1.903578480211471913e+00,7.993721484834350743e-01,-1.429826832666184711e+00,1.731532520116287666e+00,-1.645070466364806361e+00,1.915129916621564732e+00,2.330773292972412314e+00,9.596668418967545522e-01,6.172433850604708283e+00,-3.370328944572640761e+00,3.890277512643049995e+00,2.502145238685277384e+00,6.775123610644491201e+00,-1.402963726046924986e+00,-2.244906090580620184e+00,5.013208561929600293e+00,2.404705156796639542e+00,6.092098838884638212e+00,3.213617384417492562e-01,4.231499168839941483e+00,-3.995468749771724504e-02,1.115686299030414297e+01,-1.049784668857412395e+00,-1.056042848839729098e+00,1.463325886572851786e+00,5.488679730018375835e+00,-2.477004148984603304e+00,2.731244347979473908e+00,3.782427900411326149e+00,1.280817928892739488e+00,4.181790575924065223e+00,3.486033117129326619e+00
5.075625506536662002e+00,5.793542043990659529e+00,-1.839499932734002030e+00,2.052324318622526622e+00,-2.907940311691389113e+00,-3.095149854544109180e-01,1.755263914734561004e+00,3.801085032659490270e+00,1.373757321817082655e+00,2.276782617743330350e-01,6.009438359287078146e-03,1.133411577699090733e+00,6.757683277703598890e+00,-2.734318658605579877e+00,-4.013860466681975936e+00,4.917875420580437584e+00,-3.368409330343561159e+00,-2.095771027724815827e+00,-1.875245607879498122e+00,2.345693719235075747e+00,-1.416149286233117088e-01,-2.190239208425130091e+00,2.515061357155608412e+00,-1.834433800548498361e+00,-2.661260451688801432e+00,-2.109483716929813291e+00,-3.131594244067977595e+00,2.480103012290184594e+00,2.103624068116408008e+00,2.226372155052227964e+00,-4.025194136639205666e+00,-3.347380349099129404e+00,-1.322489526383599179e+00,1.952569133642985122e-01,-1.309650919341081909e+00,-1.228881898696371655e+00,7.335279855620306932e+00,-4.999840504075636183e+00,7.255506320254657915e+00,-9.483845492657647647e-01,3.069454543113724121e+00,3.854206102125290911e+00,3.259900248146116120e+00,6.292598890111269494e-01,-1.571213411476969579e+00,7.359450501805330447e+00,1.791704397913471025e+00,3.693386869769287095e+00,7.390933680537141726e-01
-2.662215072456152409e+00,-2.432503007387263327e+00,2.253152347112345577e+00,1.024644875992413162e+00,3.693953983612964898e+00,-8.022577471225343926e-01,-5.100469908384186901e+00,-1.163159641741448480e+00,7.202181669020931709e-01,-5.823804704876072158e-01,-2.017639928154487894e+00,-1.627301330672438651e+00,1.387196632486624503e+00,-4.984263110227946214e+00,-4.315341514824794444e+00,-1.153923835395764375e+00,-6.963439876066947143e+00,-4.195594878268384953e+00,-3.694863430070621568e+00,-5.280485913491197003e+00,-3.816636028031009875e+00,7.026338436175949553e-02,-2.620093709256322345e+00,-2.934730841192532136e+00,-3.965586738230981734e+00,2.944563620303547680e+00,2.349982304389134136e+00,2.471768349875125725e+00,-1.560730612304961795e+00,8.639197975914845173e-01,-4.356796381352978642e+00,-4.295858683193398697e-02,-8.018407515690071374e-01,4.677052664063522158e+00,5.841814189257030776e-01,3.860181606663139586e+00,2.688895742288469393e+00,-4.453367145437090002e+00,-1.011662195564819733e+00,-1.590814544372151751e+00,-3.518771724687427938e+00,3.429521538216545373e+00,3.400899420319108968e-01,-8.630202381405512213e+00,-6.854585991452336380e+00,2.665322866695934767e+00,-4.483868720397062191e+00,-5.223351681986226902e-01,9.331057312297144080e-01
-1.418078210176938247e+00,-2.046052353150409342e+00,-1.693036877114640903e+00,-1.489809255505391228e+00,-1.474046718308364312e+00,-6.067105792426155553e+00,-2.274142570061952195e-01,2.270941814031091965e+00,-1.536766479537869046e+00,-4.086975247933115618e+00,-1.662930230610325744e+00,-3.500373797181186131e+00,-1.302248427178034573e+00,-4.196417528357883953e+00,-3.394496297624953307e+00,-2.835531482831330052e+00,-2.343140821160395681e+00,-2.944469332004127082e+00,-9.981228803095418822e-01,2.031056213133718202e+00,-1.654059434154777408e+00,5.486649731519739337e-01,-2.561706409497695791e+00,1.258377199451941042e+00,-2.508892979604300688e+00,5.330954415434199234e-01,9.947543560565947907e-01,-8.833753226635943090e-01,-1.399210623456854874e+00,1.156935979318877816e+00,1.149936433012729520e+00,-2.192360433227663830e+00,-4.812709945243225818e+00,4.060142236172756824e+00,-5.046217742807825424e+00,-1.153324400976043940e+00,4.425480538941306108e+00,-3.982062452517020290e+00,3.838842287757000094e+00,-1.970866969235910870e+00,3.183212975849434745e+00,3.758809534014429410e+00,-2.180871840773549231e+00,-1.223845337006651768e+00,3.026632441931340622e-01,-1.243887783980165862e+00,2.463747747674627675e+00,-3.671147446813546322e-01,-4.997925344959002203e+00
8.381859766293358049e+00,4.241317018033274877e+00,7.075902666755297332e+00,5.268217451210452040e+00,8.890726333617454458e+00,5.474680956525311615e+00,3.068178102693963183e+00,6.529878526117701476e+00,9.183191262159265733e+00,4.208683079312308450e+00,7.289709781234749997e+00,2.873802827318239661e+00,5.865303894482310376e+00,7.583560878840673425e+00,2.881145371001045508e+00,1.286435521062576637e-01,1.151757038492244867e+00,4.755112127252791865e-02,4.442683225670605474e+00,6.685817910157159538e+00,5.725791532689957108e+00,5.132715515564528097e+00,1.074017390839692609e+00,6.230827369839339269e+00,1.408509606391369795e+00,2.221864216164812333e+00,2.597601242326241344e+00,5.848448315661143759e+00,6.932465478449233665e+00,7.013993138576430475e+00,8.212775888853339978e+00,3.996106712292708085e+00,5.866545360914330765e+00,8.422276284171159588e+00,4.840813922406125513e+00,7.659586871289369547e+00,1.168992879816050845e+01,9.949630040831644706e+00,5.766804455575726074e+00,5.965917559161721506e+00,5.593813129026368181e+00,4.944651867112398236e+00,7.381711883163674770e+00,8.404317323348868385e+00,2.936330054532288791e+00,5.210743707589705842e+00,4.550305508430787960e+00,5.611293606628195541e+00,1.350328270623018412e+00
5.330528521488259841e+00,-1.837079770442750615e+00,8.863122431596485384e+00,-1.270164634344189469e+00,1.254938935060874172e+00,1.532416734663029523e+00,2.605645729544200151e+00,-2.264358360281935934e+00,2.122409922708675456e+00,-1.606409254345353865e+00,-4.052319562229318439e-01,2.447591521611765408e+00,-1.869105793789671344e+00,3.096187216578778045e+00,-1.679579704844000210e+00,2.318080988644416696e+00,9.345791808219339192e-01,4.567815201418870430e+00,4.216687552998483746e+00,4.676739819531837483e+00,1.167132778185748787e+00,2.946033552420255219e+00,6.394807191892496689e+00,-1.788591651348372835e+00,1.403388628266228899e+00,1.611879480231024342e+00,-2.283157340215080655e+00,1.648177913999001598e-01,-1.049067582941583865e+00,1.229521258294450137e+00,4.291971139866953777e+00,8.693528295292102470e+00,2.994194318751915773e+00,-1.193392104910484530e+00,-3.036916328045925262e+00,-2.374050337597032545e+00,1.725616471609447977e-01,5.820633431442047367e+00,-6.849821011224201950e-01,7.653947777246437489e+00,3.881899345856459682e+00,2.829425990059095675e+00,-4.347500062622009498e-01,3.232874337152233046e+00,-5.508373926231873163e-01,-7.736933812162083424e-02,2.543033301975614613e+00,-3.686263003790696269e-01,-4.423155774562823161e+00
3.008145837630766817e+00,-2.132371745497548599e+00,-3.772240715097008312e-01,7.851997141983726447e-01,2.738477750860166982e+00,2.762682151112906492e+00,9.485069520904366724e-01,-3.256923237198120713e+00,1.681113281836506879e+00,1.846375205490540905e+00,1.316730381303705233e+00,-3.174439057480886284e+00,1.041159534555989863e+00,2.650842788129288863e+00,2.780638873306041425e+00,-3.140375306535338584e+00,3.163843629789012457e+00,-2.721531129989408715e+00,-1.694810213041647362e+00,3.785507336765643327e-01,-1.890990023778141571e-01,1.745376339772406027e+00,-4.174889922078216742e+00,5.589752664045112063e+00,3.666330561107123409e-01,1.265157612812582988e-01,2.380022503227731345e+00,4.680100226464616320e+00,-2.039164490486907511e+00,1.050774135519964458e+00,2.538086775641234638e+00,-2.226350198861991814e+00,-8.711591280960884198e-01,-9.897304889959157581e-02,1.931747947225176176e+00,-5.873293989701552364e-01,4.678959493476169129e-01,-4.153525600630000980e+00,1.285696922850790624e+00,-3.040588031986768414e-01,1.019798758308684938e+00,-4.831249969166913072e-01,1.781304867673327186e+00,-1.778720849961218820e+00,3.545153964399772040e+00,3.822452335837694726e+00,-7.484279928120597392e-01,9.388051062755216059e-01,2.285318359557554579e+00
7.185826602337855862e-01,2.833618709461430463e+00,2.004317679569294519e+00,2.777863701341697578e+00,1.917829040596851886e+00,5.287712941484175033e+00,5.493318776787636804e-01,2.176781298329819592e+00,-2.125004428667642387e+00,3.424322702116989969e+00,4.493015936696080903e-01,-5.059865592277892787e+00,-9.795398725912572990e-01,1.729908498312505705e+00,-4.227717303801531656e+00,-3.362614848826160685e+00,-8.603407735906380971e-01,-3.865326704273022163e+00,-4.736658219584799490e+00,-3.518049446628873422e+00,-3.440703268866114328e+00,1.945136662869880517e+00,-1.397424567973917231e+00,2.320095718245812400e+00,-2.892628081744188506e+00,6.576249374681033544e+00,5.908961417472324840e+00,-4.403519407951235198e-01,-2.017721221038794255e+00,3.915461341592968436e-01,-1.126600246614408274e+00,1.042656468439802087e+00,1.096734512849618426e+00,2.068537464003814552e+00,3.473731478740319289e+00,-5.369703706220123607e+00,7.467213389062402840e+00,-7.771595033428052801e+00,6.081583502900437033e+00,-4.625936230696804152e+00,-4.622285947464156664e+00,2.832372548448844007e+00,1.304621521888450264e+00,-8.202907842988931719e+00,-3.870773045690547143e+00,5.151054583117855579e-01,3.113564660702276221e+00,2.633684888143421166e+00,-9.870319294445373259e-01
2.035879558257567279e+00,-5.995316021609886636e-01,3.451913242446825514e+00,1.183518039946222178e+00,2.596980387708286209e+00,2.663098638197877843e+00,4.171361369916412598e-01,-1.344205517901096103e+00,4.611760053465222775e+00,2.906481007185681253e+00,4.540495929845898004e+00,3.514850602066259100e+00,-2.029046673030520775e+00,4.421015282216872677e+00,-5.424527211992564713e-01,2.031285526084791737e+00,-9.652965002171136621e-01,6.807485213267116642e+00,2.909294751907746779e+00,5.554499640193736321e-01,1.714773607519860743e+00,3.836216321209036550e+00,1.350256267965844525e+00,-5.747213789657168448e-01,-3.205245963303555268e+00,5.353185040279290874e+00,2.366224902604826763e+00,3.340757448591031409e+00,2.985865697517787076e+00,6.542633046007558129e+00,-2.352361531809438855e+00,-3.070174519328828122e+00,2.311104618886452577e-01,5.571968460094019804e+00,4.108044225192094001e-01,-6.466651001307249791e-02,1.695478189208587283e+00,2.389321287495019153e+00,1.558981425269711618e+00,2.326432581795832011e+00,6.170376118577756586e+00,-2.311049492791197590e-01,2.155335209219747306e+00,-2.779598463311799605e+00,-7.830252392338467038e-01,-1.436568187783309636e+00,-1.667926738220923744e+00,-1.442300070835486503e+00,-4.048863174108712215e+00
-7.338353687497794375e+00,2.434695002135318642e+00,-2.808881092605030272e+00,-4.119373325266996844e+00,2.413441859805380396e+00,-5.846181620949227664e+00,1.913335310789842758e+00,8.240657448668500251e-01,2.950117587622576032e+00,-2.531240337919962169e+00,-2.177121748024279491e+00,-7.808593681696448741e+00,-3.273213156591403994e+00,-3.045508601074842225e+00,-3.987718424520094285e+00,1.901822488719212556e-02,-1.263530217990231908e+00,-3.786526387943696559e+00,-4.182435164984164899e+00,-3.631070166627399676e+00,7.499716112004617408e-03,-5.401048903288633296e-01,-5.042258820845698430e+00,-2.479861812012180700e+00,-1.330367577742862517e+00,-2.045101204968503339e+00,-2.912312338209985807e+00,-1.048278100351367925e+00,3.008549381654496369e+00,-7.374216394386404971e+00,1.132692967551345742e+00,-3.721672507068449320e+00,-1.771070654425445312e+00,-7.935913712418040333e+00,-7.648189000874551446e+00,-4.581093729389922764e+00,-4.896454390588029781e+00,-3.831383872125460055e+00,-7.561425665757123937e+00,-3.914385120999777534e+00,-3.894368284565000504e+00,-4.267641337259430401e+00,3.458255625298298774e+00,-2.349694078667985409e+00,-3.829190665037876862e+00,-5.127958406958621040e+00,-5.397129071920228061e-01,-3.869793590492923929e+00,-8.049328392917788122e+00
1.772723210279663952e+00,-5.801605112859840929e+00,2.587459647198501855e+00,-1.281728957880437392e+00,1.664292774369594774e+00,2.387811107492785467e+00,2.552973709249394929e+00,-6.245714453083559548e-01,7.269824390039517858e+00,-8.154702650465801561e-01,9.449116914465238715e-01,-2.536974332576697577e+00,1.516946760283720330e+00,-4.160533920142297504e-01,-2.112247519896435222e-01,-1.084808501480235332e+00,5.583419685556345602e-02,-4.530791220885844517e+00,-2.067041517187148791e+00,-6.565157257301443394e+00,8.727836120411713861e-01,1.154785714376838079e+00,-4.413113910085764147e-02,-2.812853495375790658e+00,-5.362895889276990680e-01,4.123559497582626854e+00,4.706917319939133648e+00,3.427216877661425798e+00,1.423029271502030291e+00,-1.124110688853424023e+00,8.605682551761439925e-01,-2.429875853853460832e+00,-6.153860074554859949e+00,-1.331735451183547303e+00,2.256917957841153122e+00,-3.585533507800446884e+00,4.407962287385744027e+00,-4.741463933502154671e-01,-4.573927267619499304e+00,-4.027402442134115468e+00,-2.279490279552994103e+00,-2.617548665998424617e+00,3.611600429364547615e-01,1.708896041525052034e+00,2.474475682339513760e+00,-3.301987700597781572e+00,2.948402305992119832e+00,1.110696148694334529e+00,-5.901904232920704430e-02
1.737038224219942029e+00,1.526995645420437642e+00,-4.596062257446013710e+00,5.779063241343653345e+00,8.475178478661073989e-01,-8.956013153739149635e-01,1.167715332828664909e-01,-3.991463653241924980e+00,-2.589164850213142355e+00,-1.238009502167554121e+00,-9.376276448012942355e-01,5.705810090816226809e-01,-2.079695115863353649e+00,2.794346926824987420e+00,2.558198820055574529e+00,2.758978480313277526e+00,-2.494885915102816654e+00,2.360502019104064875e+00,1.209881766667612935e+00,3.017130991469341605e+00,-9.773794966229446546e-01,1.158684637287888286e+00,-1.097834539811436416e+00,5.399803991921648283e+00,1.358636798398741297e-01,-3.952951049990385268e-01,1.230796622802839968e-01,3.175124304660787988e-01,1.486743552001045798e-01,-1.237937903828765229e-01,4.940776839228133710e-02,9.949314601733092456e-01,1.932004482319105154e+00,-3.625288046855199564e+00,3.639719168337646416e+00,-4.595943460392206248e+00,-3.876317947390295338e-02,2.906517942323347370e+00,5.829172790957709571e-01,-2.256783122723277302e+00,1.833144419473885067e+00,-2.400857282739485843e+00,1.280413707588428096e+00,2.022503190704889597e+00,-3.155483084699250984e-01,2.615213111318912098e+00,2.495593301163248512e+00,-4.038038705767847958e+00,5.807876773735119735e-02
4.363159843069722044e+00,5.190521807134766519e+00,-1.591035797807914598e+00,-5.570669736460759580e+00,3.811825184149093104e+00,-5.049582043256394925e+00,4.256749825499079876e+00,5.139817175408746053e+00,6.983968392914723822e+00,-1.158089379489378734e+00,1.383145104601320785e+00,-1.461408406578076802e+00,-1.257559603965603401e-01,1.426231985177509820e+00,6.479014057879480815e-01,-4.307669257251144357e-01,4.247190271126607186e+00,5.330892856284284775e+00,7.529806353464846502e+00,6.537493864243519859e-01,8.643843773495447635e+00,3.963079309744043321e+00,7.986190554178576484e+00,-5.107038197100862043e+00,-2.416056462773111591e+00,-2.072753800897464860e+00,-1.961993350683111981e+00,-1.094467909933304617e-01,5.637578661623971144e+00,-3.610350795442830441e-01,-5.520234307682854169e-01,-5.383637259232342265e-01,1.549297513811062732e+00,-1.392195175254268058e+00,2.076862390541076575e-01,1.800417413805097899e+00,-2.685684585795613533e+00,5.609272731997518413e+00,-2.251741153284026797e+00,9.734429520886019205e+00,3.771054680205278231e+00,-3.290015329618696249e-01,-5.972099424026257042e-01,7.158322925355410149e+00,6.003069880675726111e+00,9.074127614099847250e-01,-2.103625139706090330e+00,-4.513549807470020880e-01,-7.742766494767876040e+00
-6.614740654763666683e+00,-1.120274638100115183e+00,-8.788225117655111163e+00,-3.326443901215316856e+00,-5.472788052643088541e+00,-6.694277480993269691e+00,-2.679591638962666167e+00,-5.753432343810892746e+00,-1.017671264434750711e+01,-6.766178297621198823e+00,-9.492718193838145524e+00,-4.613217676921766319e+00,-2.255567065053168285e+00,-8.068063021508452337e+00,-8.515502131610233505e+00,-1.954895369379533232e+00,-4.913309009344863476e+00,-1.265600298802728396e+01,-7.015378190087488974e+00,-9.376259304518086424e+00,-6.593409847788187506e+00,-6.872253888692259949e+00,4.294807303910426199e-01,-2.897317946074540185e+00,-2.165659308070932099e+00,-3.520644645990016475e+00,-4.694769883761665596e+00,-4.091010776299685681e+00,-5.911148096389799989e+00,-6.779212505419440760e-02,-3.355038190613549354e+00,-7.604647682057981584e+00,-7.178588923263222732e-01,2.414806396058475357e-01,-2.074528007306148392e-01,-6.333000752313095560e+00,2.898865211954926302e-01,-9.222749943318346411e+00,3.660291297198726035e+00,-7.470443609191563361e+00,-5.756367191157416130e+00,1.565207889062387281e+00,-7.328241816303053824e+00,-8.514674227778439075e+00,-7.346843845787834226e+00,-4.742721689505668081e+00,-9.023230899100682656e-01,-3.246602494481257928e+00,-1.722586465762033781e+00
4.906690403812485890e-01,6.881544885978878590e-01,-2.814306598478953703e+00,-5.740892113216271575e-01,-1.525330077694837971e+00,6.233517778573167689e+00,-5.018580561270299611e+00,-8.102513754270399549e-01,-2.028900983663150193e+00,2.335762898374158070e+00,6.255033587794632810e-01,-1.972787761565072406e+00,-4.922885915187504402e+00,-4.391227413155126769e+00,1.470123558454143886e-01,-1.646698275040592296e+00,-1.979393845077349390e+00,-3.795308812206763083e+00,-6.479142051971788163e+00,-4.663031954870454854e+00,-2.168484602499646474e+00,4.513877179447827181e+00,-2.434249418988802205e+00,1.309603738395058059e+00,-9.211164080898008866e-01,-1.491787546451981195e+00,-3.313842511679486069e+00,7.893427967557858915e-02,2.191824132969400818e+00,-1.825771783167588147e+00,8.201786530709480605e-01,-1.138365714826297115e+00,-1.858542384762776667e+00,-6.879052394277741511e-01,-6.718063791742270308e-01,-3.448788714926345644e+00,-2.800175194563939929e+00,-5.893801026063809623e-01,-2.309628755225083374e+00,-5.016025420747453722e+00,-1.659841995508310353e+00,4.674896052261272583e-01,-3.433821600991064038e+00,-1.214467363326123373e+00,-6.700182398609255685e-01,1.472900442259350573e-02,-2.339675614125556802e+00,2.033995155740723204e-01,-1.785474525068305729e+00
1.030688990577344866e+00,-5.660563912103743434e+00,-5.187029021691273556e+00,2.982547145374113029e+00,-1.212834123751396209e+00,4.491489570549699550e+00,-2.093072822633815999e+00,-2.228220627636133599e+00,-3.188280873077730782e+00,6.539716489622102280e+00,1.761847726635225930e+00,1.775523232018909381e+00,-3.220377068200331649e+00,8.248683428760456238e+00,4.917709972952440722e+00,-3.800480912650927579e+00,-5.052893511307709140e+00,-4.254626070752609568e-01,-3.109445056716520828e+00,-1.427463099132877611e+00,-1.493814419066342714e+00,-3.758065461305177379e+00,-9.444796992230877208e-01,4.200426593989086577e+00,1.492865043486572452e+00,-2.965567046151884600e+00,1.321739159884780523e-01,-5.188233884686134445e+00,-4.223348194497022590e+00,-1.735302551236718394e+00,1.866828568977476621e+00,-7.786874222739290641e-01,-3.384615578551183113e+00,1.875468818256625259e+00,1.168775226194344707e+00,2.962439379190177746e+00,6.672502130144726262e-01,5.139916365976398893e+00,3.044539646100796304e+00,-1.233066497444795573e+00,-3.571131819520570794e+00,-3.573386633097536791e+00,-2.219108537616731880e+00,1.339009496352634887e+00,1.974480854402910435e+00,-2.761461534501414850e+00,-9.300442326612708976e-01,-1.722989571860398250e-01,3.048897417164300627e+00
2.324873773182001280e-01,-1.811925416080609974e+00,2.863842628505625765e+00,-1.299727842504602826e+00,1.961570171946550811e+00,2.095538623787310151e+00,-1.740272004728867339e+00,2.110078036889761588e+00,-1.371133281121775793e+00,1.034992924631262801e+00,-2.711720678375771687e+00,5.179108693713009304e-01,-3.667699017270821926e+00,3.886092697630383341e-01,4.608653604984818131e-01,2.522978609856521004e-01,-6.000033444580058495e-01,1.728852993457415277e+00,-1.361641724336659198e+00,2.071283914052728381e+00,-2.407308855227078936e+00,-2.029930898722028587e+00,-4.986776811689869859e+00,6.192405948220652157e+00,6.365464072341466384e+00,1.522471028259358983e+00,-4.506407832441931660e+00,4.293692888669720098e-01,-1.079697991038954363e+00,-4.631468614136622364e+00,-4.697539901377854932e+00,8.892308325195155128e-01,3.276849061678720698e+00,-3.033838368580741296e+00,5.730141590380617433e-01,3.123467083532478927e+00,1.478428342896113801e+00,7.340573140377482098e-01,-1.418858927481751353e+00,-5.254180121850840379e+00,-6.355624601535143636e-01,-6.960729583400476983e+00,-2.157413606805667072e+00,5.271259419199335605e-01,1.246629271142669415e+00,-1.324564882684694744e+00,4.755665352915854349e+00,3.357904567626889270e-01,-1.830775277124964351e+00
-7.206050012041769648e+00,-8.624849134479976698e+00,-4.589694056368328390e+00,7.493158431944881848e-01,-9.105487298725548628e-01,-7.399048995541189555e+00,-2.284476330686622259e+00,9.765051567049580772e-01,-3.853556038311277909e+00,-7.260188800799279862e-01,-5.296437045983657832e+00,-8.153275329418152584e-01,-5.823119133195198138e+00,-1.160705166577308267e-01,-4.720458962103981193e+00,-2.937016376861523170e+00,-6.566318579358333629e+00,-6.320507483977849006e+00,-8.375050240907540910e+00,-6.034826628869001119e+00,-4.154940812391600069e+00,-5.669774785960501884e-01,-2.770177541029075763e-01,-4.330056865146429068e+00,-2.847659317720902639e+00,-2.476694811240398586e-01,-3.202817874940152354e+00,-2.126734482723659614e+00,7.623780914007001197e-01,-5.340654330023501650e+00,-9.970349759816647506e+00,-2.044195694337846980e+00,-5.326052858482880126e+00,-3.576952294058826531e+00,-1.361720680090996671e+00,-1.486061286520787172e+00,1.607849796608066928e+00,-6.515870798682406928e+00,-1.488878851398883096e+00,-9.511357131744183846e+00,-3.182958750482284049e+00,-4.659651981459247416e+00,-2.191572207400605876e+00,-5.312379670902683593e+00,-7.112060713476427765e+00,-6.811346609964448184e+00,-1.061396074999290340e+00,-6.658023733188597193e-01,-1.001368708803330065e+00
1.125419557680481519e-01,-6.627845630214584283e+00,-5.901959710738465148e+00,-3.957097371225382521e+00,-7.004603776724500186e+00,-1.152463202434840284e+01,-4.789829551367900784e+00,-2.388164169082992672e+00,2.589258246584618561e+00,-1.936720753766125513e+00,-5.870744853923666184e-01,-4.536117217015406489e+00,-7.282179594267656597e+00,-1.898650430490693708e-01,-2.420094379897918646e+00,-7.531759403227070493e+00,-3.303184940250127433e+00,-1.396499437381894193e+00,5.415121336144236963e+00,-2.635106363112027505e+00,4.671678028836135366e-01,-7.075231078065749024e-01,-4.488983293688413312e+00,-5.068868135860249424e+00,-3.284172210044251194e+00,-2.360772985697484838e+00,-2.764084550192784651e+00,6.544584923188290215e-02,-4.457401092637656603e+00,-3.968043772161953697e+00,6.079116238496806712e-02,-1.044982198994569789e+00,-2.637582110867114693e+00,-1.052298130021996414e+01,-6.269936289617866088e+00,-3.480171404182308414e+00,-9.646606173605487555e-01,8.241605204764934633e-01,-6.621072465797620765e+00,-2.613226032994411252e-01,-1.030045106491707507e+01,-8.972552945232399324e+00,-4.303736086928084958e+00,-1.062760295950899714e+00,-4.950115949915334213e+00,-5.213455703373814032e+00,-1.197264781259964295e+01,-4.533199817460725534e+00,-6.663830372006835923e+00
2.481541456246655120e+00,2.532871332567518508e+00,-4.752763325740727574e+00,-4.701847818213289898e+00,-5.651959742671703868e-01,-5.405312873322813516e+00,-8.087006682241215660e-02,-1.832054868656760593e-01,-6.711435071059063340e+00,-9.175057797187367026e-01,-1.002623773724760525e+00,5.062243521056098317e+00,4.992648621401448494e+00,1.966268121431609117e+00,-5.658641015105234651e-01,4.831355900282913396e+00,3.425618656442428467e+00,-5.693088488986417062e+00,-9.578352971983156161e-01,-2.638561643619520947e+00,-1.108696810970427604e+00,-1.558156778120243446e+00,1.883808010449256720e+00,6.903569333346342596e+00,-1.752833069009331446e+00,3.368770976568702391e-02,-2.919368759773104394e+00,5.874636000806271463e-02,3.614095936931654762e+00,1.122929666349335776e+00,-6.489004433507827407e+00,-2.969848265345749638e+00,9.888742792216196342e-01,2.020534550742620450e+00,4.587799982326547621e+00,-2.466848742864235611e+00,3.590488292441428309e-01,-3.618654948532280979e+00,6.753093794986336995e+00,6.570601804724348627e-01,-5.836119900367044977e+00,-7.449810376898282627e-01,5.203137098501086300e+00,5.407539289969864882e-02,-3.010306238372256971e+00,3.144629521725549992e+00,-6.449277815608598363e-01,4.112408444076494085e+00,4.326479251641454304e+00
3.819597337347989896e+00,7.790125946986129257e+00,2.194446404370686832e+00,6.497651478852576545e+00,3.507293009473426704e+00,6.449939008298815502e+00,5.151890694384761993e+00,6.403287454705491655e+00,3.401666988691202320e+00,6.297930732401407994e+00,3.162133631593175842e+00,2.904818897782862841e+00,5.959384747440024555e+00,3.286053787364150214e+00,-3.112426465815392174e-01,1.108217039074626342e+01,8.746689189812382637e+00,7.137899763880685811e+00,2.648533040668956673e+00,7.901719290559186426e+00,4.581270949915221991e+00,2.782393127612652783e+00,2.817592200676945158e+00,1.036178077005723175e+00,2.276465154698018800e+00,5.497206898355753157e-01,6.614937305758200381e+00,5.622732706484404375e+00,4.501100749876699503e+00,7.802339078098759373e+00,1.618719411641764916e+00,2.954740844299274194e+00,6.696452616909601474e+00,4.376039345417987114e+00,5.985908539230870851e+00,3.543167889951833072e+00,5.977085683586575549e+00,1.025532424507692442e+00,-1.757519065180088047e+00,1.015076115773649335e+01,5.993814849532066447e+00,3.868446527083803765e+00,5.355601409751517217e+00,5.023252419454615314e+00,3.563572016725826241e+00,5.078183406316333581e+00,7.398599869259228967e+00,3.227377545900112388e+00,-2.802907049189292454e+00
-2.543658668449083837e+00,-2.649289934464349017e+00,1.412792521275745838e-01,-9.496914648511505241e-01,-2.178027345071487986e+00,-2.709787644812864826e+00,2.962114336671985537e+00,-3.879916623031260947e-01,2.210184333708369309e+00,-5.323685111958369909e+00,5.796446041513923397e+00,-2.910904316916418377e+00,3.991017780148499838e+00,-1.084035180715059443e-02,-2.601266579113171051e+00,2.201838952698798035e-01,1.261753585758768503e+00,3.852269266973993300e+00,-2.525683703273315039e+00,1.332348797294066856e+00,5.273639303937892819e+00,1.403829140527634411e+00,-9.049174025524115983e-01,-1.320658796603217056e+01,-5.825025683446465763e+00,-7.408303748608227046e+00,-3.014110869173979967e+00,2.627063155338676737e+00,4.493897120303169679e-02,-1.488085017103829344e+00,-5.512340036454347114e+00,-1.455725781406066011e+00,-1.425541285687859538e+00,-4.281011341175385176e+00,-3.497929283028637926e+00,-2.704639746584990956e+00,-2.622828572122235080e+00,3.142116210240844865e+00,-6.549328496216541673e+00,7.647177255994344058e+00,2.264620231767841663e+00,4.247614721481493660e+00,-5.610465363563531760e+00,1.968130822104984912e+00,4.962787677671404829e+00,-3.585413593542233990e+00,-1.484963582189217757e+00,-1.525998344407998530e+00,-6.273061924937922695e-01
6.159669841888536501e-01,1.955391668857613396e+00,-2.282591162074461444e+00,-4.257858366135593542e+00,1.486770349463645280e+00,1.959347677148177980e-03,1.806468742258890092e+00,3.297457755211615105e+00,-4.024202110751833317e+00,2.848934223547062938e+00,2.278986725074065411e+00,-9.583203981138608274e-01,2.154616911626894282e+00,-2.431918134077163618e+00,-3.678388521749625273e+00,3.166584394488399568e+00,3.131267328941127914e+00,-9.597182221750303333e-01,-6.141202009534072470e-01,2.842841064229127745e+00,1.775647004099123016e+00,2.310384338377682312e+00,3.849546026315829206e+00,9.769687687978553248e-01,-2.289027186694344351e+00,1.550389239420550958e+00,-1.355051937642184345e+00,-6.593289387555630654e+00,-3.953346027013294517e+00,-5.651620028300385901e-03,-5.499576203361482563e-01,-4.948197007587584739e-01,2.049492472241155383e+00,4.568630284868123503e+00,-1.700678113022532356e+00,-4.875960501160800042e+00,-1.985516854205319426e+00,-9.141496333106115257e-02,-2.213052688105618504e+00,-1.887549080864576290e+00,4.967014903223496702e+00,-2.539167800533960406e+00,-8.664325358928228749e-01,-3.433229263523493557e+00,1.859348152025582568e+00,-4.210092752011054262e-01,-1.604743772714479100e+00,1.384505194285216012e+00,-3.647964348530279288e+00
3.370874745133879191e+00,4.077159509978820928e+00,6.350702616672171397e-01,1.704566661230089819e+00,2.943909558836427021e+00,6.820020711242845479e+00,4.659005762461342348e-01,-4.380058789750028048e+00,1.409374688215983662e+00,3.100316297462624604e+00,2.102129360399734193e+00,2.464738065335203121e+00,8.089820140972665996e+00,2.866177728302305994e+00,-2.151228519117108995e+00,2.574004914736595762e+00,-4.446096941886558795e+00,-8.516054464366438204e-01,5.200744248716076434e+00,3.282673170575205912e+00,6.103682944782051756e+00,4.259579566141665552e+00,-3.613769601633196160e+00,1.460068118419890926e+00,1.024448907921871266e+00,4.109606994099433308e+00,4.813288493916837218e+00,-3.044645396676535221e+00,2.727787955612827719e+00,7.502055516135589741e+00,-1.033593920545237799e+00,2.076791826737642843e+00,-2.156343117069821957e+00,5.461136875966652759e+00,5.928083023730477130e-01,2.327543382445754094e+00,6.156712304073868047e-01,4.200048700995352213e+00,-8.729061930169015326e-01,-1.054821982490844245e+00,2.417128191006371107e+00,4.094795647041376441e+00,8.959636368304767506e-01,1.995521085453938914e+00,7.722547543925298297e-02,2.113372930765130553e-01,3.794726798612372498e+00,-7.171489415154190805e-01,5.709882438268279792e+00
2.525677910515176094e+00,3.123926507747416981e+00,1.567337282055298875e+00,2.692282077676230401e+00,-2.322177697267248320e+00,-1.199878856372667002e+00,9.038708834351654176e-01,3.821431203370281082e+00,2.100739562753739520e+00,-2.522276590824081399e+00,-1.204426066483269775e+00,1.501860477409597383e+00,3.438680618411178891e+00,-1.863449218705413468e+00,-2.714838132515255520e+00,1.364283696620763653e+00,1.802992579400367612e-01,1.031548684331198951e+00,7.997331661367481637e-01,4.795689653394473062e+00,3.448827909107239353e+00,-9.210762817761923849e-01,4.998911900200276648e+00,-3.106339368156711522e+00,-5.367427749791062741e-01,-5.205626248892013308e+00,-3.250793754666997160e+00,-1.477008380842493196e+00,-1.511555614173179185e+00,-1.535743883846004243e+00,1.161258721286172468e-01,7.919522223693910012e-01,5.041576703137197413e+00,-7.049261104179227466e-01,-8.334695370072202181e+00,-3.708012467295024872e-01,-5.327183860099592438e-01,-7.502360707002968532e+00,-4.416396878415281613e+00,8.073500023821942762e+00,2.793123678753643979e+00,7.331839581625112512e-01,-1.576338987716612294e+00,-7.696789095515290668e-01,1.748952062232427274e+00,5.777977672788538577e+00,7.125112473396501001e-01,-7.132909046455427893e-01,-1.466765258508940573e+00
-2.414949749297714554e-01,-1.163310833578187653e+00,2.649256765691239135e+00,-3.895830835797780001e+00,7.353291241070216699e+00,-8.110769751240266556e-01,-1.604903039821439004e+00,1.299690785673723648e+00,9.770713810007674027e+00,8.917290433927222981e-01,-3.906118615562105933e+00,-1.030864601001929781e+00,-1.510606541539859737e+00,6.144436135972637381e-01,-8.932344785882306848e-01,5.950460045343115567e-01,-2.202584983698624654e+00,-4.232668881577861697e+00,-2.615081456387415404e+00,-5.163299172072808751e+00,5.676970280540194480e-02,-2.601502128394906244e+00,-4.653234301479442614e+00,-9.676510132814772902e-01,-4.834701990232297852e+00,2.419097042228330885e-01,2.587203058041431802e+00,-1.101728989171684714e-01,-1.630099455713563739e+00,-3.960338640720790337e+00,2.253914961393924887e+00,-2.757226051961478408e+00,-2.018038374537826307e+00,1.855124430315645112e+00,1.558562509893947290e+00,7.485954619128998289e-02,1.034246923226642467e+00,-2.899526110456197348e+00,-1.484613557443095644e+00,-2.952938555238087126e+00,3.305622967620606367e+00,5.195409382401670051e+00,9.199178785571749728e+00,1.171402709449571367e+00,-1.451588139800201738e-01,2.574739529239753466e+00,-2.314275817263946600e+00,-2.724209878276618202e+00,2.141900054999678726e+00
-3.212797825086216030e-01,-8.273632335327528509e+00,6.099044443804004345e+00,2.745307505742222265e+00,4.116659765364672374e+00,1.617018250556585546e+00,-1.635863088488751949e+00,-3.380570000533914321e+00,1.719374321907530145e+00,2.265403921088035233e+00,-4.295078801074984298e+00,-5.471986478853319014e+00,1.397478814839316907e+00,1.091885842351763003e-01,4.587052094682640302e+00,-3.877805996010589062e+00,-3.114912420828913842e+00,-2.363082449990309808e+00,3.426779432809005765e+00,4.144247591446429624e+00,5.107189794901738633e-01,1.142299073978990887e+00,4.901294347646629745e-01,4.299204882331095767e+00,4.656988854498196773e+00,4.924591318875154222e+00,1.742133735507271686e+00,1.205067115508433595e+00,-1.035371845968193982e+00,2.602720024121371045e-01,5.092052616726178371e+00,2.031539949087040053e+00,-3.540651802255409208e+00,-4.708435103876959182e+00,-1.260383883852825182e+00,1.596819709167053736e+00,4.053050447611734164e+00,1.513833114176350803e+00,2.500079631062790853e+00,3.713367067659474774e+00,4.227492432112061049e-01,-6.796548375407809317e-01,3.515380371017311489e+00,2.960427344012027895e+00,1.584097624016602035e+00,-1.532914079749407188e+00,2.439164836358371780e+00,2.999255552923163926e+00,-2.017430232155844383e+00
-4.404346865723192117e-01,2.876133036465670756e+00,4.474287793652946821e-01,1.047747117853880416e+00,9.948286308857016147e-01,-3.126992500604929059e+00,-4.505155522959127801e+00,-3.526206725032369205e-01,2.853371844689112535e+00,4.021843777067371839e+00,-7.249898188394376941e-02,-1.937919135460106634e+00,-4.689095067879560652e+00,2.891836752414711498e+00,6.759343352102348268e-01,-1.999536772187139100e+00,1.851600259573680907e+00,-2.132392279550195724e+00,4.875799623182886400e+00,7.056487808319273913e-01,3.651479180220138065e+00,-4.411240655603974936e+00,2.483377515145502645e+00,1.399195446670762788e+00,-3.174067051306300513e+00,8.620634484425713229e-01,-1.637989213766607222e+00,3.111157798222809134e+00,3.792913925118315266e+00,-3.541721472316919694e+00,3.617949185747212582e+00,-2.647398182780832609e+00,-1.268242188648690982e+00,7.437151292288769477e-01,-1.260196559272896311e+00,5.823947482537295883e+00,-3.174621620547050771e+00,2.325799985762285749e-01,-1.209200599053435798e+00,-2.307216861233460925e+00,1.004634474395547317e+00,-4.691757592943194943e+00,-9.574239259344891062e-02,-2.778009615210398575e+00,3.597077445939905749e-02,-3.206385901081327372e+00,-5.555834733026583372e+00,-3.535641431496930664e+00,-4.312015518305866379e+00
-9.951295829056960862e-02,-3.745715224248215680e+00,-3.390043753107523816e+00,6.991762715968722341e-01,-1.374585109872261901e+00,-2.559379135349240997e+00,8.274377628051672318e-01,-1.133677470024997191e+00,-2.005978733628271726e+00,-2.322246625827090849e+00,-6.930339954755286858e-01,5.608577987510979135e+00,-4.379557587639376415e+00,-5.299815930445155310e+00,8.346578631755142696e-01,-3.102802475122603099e+00,-3.760286709836813679e-01,2.021096071672808137e+00,-2.364832795084439443e+00,-2.901557800771809692e+00,-1.799532363210244679e+00,-1.834768998210387192e+00,-2.162471946159451264e+00,2.371628604820606334e+00,-3.442288960669237952e+00,4.074544163617741965e+00,2.520055077792085374e+00,3.712991733345968548e+00,2.405974015841679581e+00,4.665936502085356707e+00,-3.924517115512210719e+00,-2.566186722019926147e+00,3.347067252434252627e+00,-6.299221443333506976e-01,-1.375672052874605367e+00,-5.249780204328876820e+00,-1.058969800224334623e+00,-2.435125479275319638e+00,-1.490370165936954816e+00,-3.601693594684341804e+00,-4.850249660797389950e-02,-5.615123307287177568e+00,1.315576871762833999e+00,-1.852185112290024360e+00,-1.274070427485291201e+00,-4.695837243895471858e+00,1.344157628711071473e+00,7.884399404696247338e-01,-3.684681061158328497e+00
-1.105615524976938824e+00,-1.020900404818066320e+00,4.997258104198936124e-01,6.074753961765727572e-01,3.158286338975568430e+00,-3.198512805202474496e+00,9.519279119908643505e-01,2.760354004687831875e+00,-3.417707266875328109e+00,2.609327140867503392e+00,1.520270395474714098e+00,4.309201818326521272e-01,1.370377067333726329e+00,-3.576283871109090517e-01,-2.220616340863166727e+00,6.114258045545883924e-01,-3.293407456710769399e+00,2.098474325119579653e+00,9.537831649722197103e-01,-9.094636765422862146e-01,-4.329395206226754889e-01,2.379789261379043896e+00,3.255566112170082960e-01,1.537415119742095992e+00,1.763995397646443530e+00,4.527162078842936199e-01,5.299531702076599515e+00,3.004262291253121386e-01,3.707648230468287398e+00,5.075406967192224172e+00,-3.077750193390377476e+00,-2.662871368276540363e+00,1.588660394224776229e-01,2.843712120680051747e+00,1.182800726220796239e+00,-1.715985356239776216e+00,1.975967697466363970e-01,3.409856307029919265e-01,1.161569097341482726e+00,-3.482237747044362841e+00,-1.465345335070860289e+00,2.558270873863600414e+00,-2.163422527452037780e+00,2.311432616975715337e+00,-1.064850411699266752e+00,4.011560911812137142e+00,1.469912855470286717e+00,1.961610324978889208e+00,5.041623009831873503e+00
5.065683362099753229e-01,-2.287196119754807189e+00,-4.743788452556880308e+00,-1.583083526396665830e+00,-4.781051066678485562e+00,-4.143738998984348498e+00,-5.062095733913686502e+00,-4.806877992819540424e+00,-1.497354717568186500e+00,-5.727084591234365973e+00,-1.515922188742709231e+00,-5.994948301055976536e+00,-1.029760644575973494e+00,-6.262325093720239266e+00,-6.567163552393392223e+00,1.995934064472178582e+00,-4.740240184030189319e+00,-1.169504888130805575e+01,-5.543860159393331877e+00,-3.255589352467141318e+00,-9.747463837512619911e-01,-6.406486377068759452e+00,-4.922748713536904575e+00,-6.810652508761226187e+00,-4.966773490983503514e+00,-4.970368641945317911e+00,-5.174757202973478520e+00,-6.575873855926918310e+00,-4.711594301657824779e+00,-2.938644000629710096e+00,-5.514389466617680924e+00,-1.014187098860995917e+01,-8.160545212294501027e-01,-1.907450984286931828e+00,-8.035668232970746061e+00,-5.694601416427319540e-02,-5.834384526664095461e+00,-7.074227346971170505e+00,-2.723376829121694875e+00,-3.768114085926999479e+00,-4.399662301426956468e+00,-3.715768038606500401e+00,-1.957050746320988299e+00,-8.158306601514226486e+00,-7.191877427604294049e+00,-4.420525420761826751e+00,-1.650866649693940813e+00,-3.708323536547049937e+00,-9.532408415056842443e+00
2.972661259156140212e-01,9.663886628060627260e-01,6.963393566522073641e-01,-2.058513383214191972e+00,-4.818127770610697524e+00,-2.910065910294810099e-01,4.129747849964928719e-01,-1.699682302216110052e+00,1.541648162827143453e+00,-2.546332933098230722e+00,5.464862704559152462e-01,-2.255998236747470020e+00,2.854494990637989282e+00,1.146364895125062677e-01,-3.887561834579049247e+00,1.890218888435426070e+00,-1.898168447904112544e+00,-1.419628868429968938e+00,6.119390639518824671e-01,3.989692685966247154e+00,9.471204893037931116e-01,-2.474116055726008678e+00,-1.570004971108684089e+00,3.070683367356726645e+00,2.027380154506869481e+00,-2.864696421996869358e+00,-4.262127823593496956e+00,1.069849659601509906e+00,-9.241152648042185724e-01,-1.839825351739398762e+00,-1.348434495223390428e+00,-1.381368406845600028e+00,6.201181250649812071e-01,-3.937255420537881800e+00,-1.855501071161385518e+00,-1.751940091458821014e+00,-1.272575009014774050e+00,-1.350453705817283412e+00,3.327813821105861880e+00,1.798409118022080255e+00,3.635805389139500576e+00,-1.888847392120634572e+00,-1.612900379301446807e-01,7.635783466756815296e-02,1.238649505223705649e+00,9.611271588638524710e-01,-1.697814899153593515e+00,-4.907623521149446333e+00,-3.325511365250149787e+00
4.866350196958263652e+00,1.334294765384900883e+00,2.813252665792844165e-01,8.623618871814131559e-01,-1.956171638370096222e+00,-1.997389105027858047e+00,-1.360238775855130422e+00,-4.092209892264857984e+00,-3.514471164352178101e-01,-1.816968730924918729e+00,-6.678656097357709598e+00,-5.716435055267020005e+00,1.283588807849707636e-01,-8.755808746638593654e-02,3.335709219223093491e+00,1.976877714941962960e+00,2.780457461120582341e-01,-2.576026572752349031e-01,-2.296724975902596722e+00,2.344040903125497621e+00,-3.159104836824869533e+00,2.583429700335143075e-01,-1.780792762481128610e+00,4.273993394087496789e+00,1.031256902346100679e+00,8.435095400639776031e-01,-1.161475312063323440e+00,-1.119097929719364615e+00,5.321247826765781674e+00,1.486098121855806919e+00,4.070865176512186157e-01,1.452232329078182449e+00,8.727865303336599379e-01,-2.175486022691189625e+00,-2.937597444178035033e+00,-2.156138622455948450e+00,-4.276026260489977360e-01,3.195027989387057232e+00,1.732791681359707958e+00,-8.463047630765204721e-01,-2.799467864176303777e+00,-5.937798833949129218e+00,-1.595545952655355704e+00,8.094925683125977489e-01,2.086440155354259751e+00,-2.130680779300732075e-01,-1.792827270030891595e+00,-1.171363570789367481e+00,-1.091539453209253274e+00
-3.180453305801659303e-01,-8.349773652352299180e-01,-1.019351390189353168e+01,-2.314999694802807095e+00,-5.254069974313779312e+00,1.632114559723203406e+00,-4.900187513356875080e+00,-3.850395899617157891e+00,-9.062193255023460736e+00,-1.302700594640274323e+00,-7.471113587346986940e+00,-4.816776007243765534e+00,1.236404078051521305e+00,-1.101636001564231249e+00,-4.228858124110415062e+00,-8.244237165498633502e-01,-3.298645388066619777e+00,6.105105356331739230e+00,-2.155555366653461480e+00,-4.476316585210828869e+00,1.927774101505904891e+00,-6.052476091221777210e+00,3.921024759326118048e+00,-6.783145940632466342e+00,-7.770559349996882581e+00,-1.737440351864793620e+00,-7.030844591914291897e+00,-5.481932883296315673e+00,-1.693744630996776968e+00,-2.407622208063127989e+00,-1.020026079594533286e+01,1.400739151333313837e+00,-7.179313711234738271e-01,-4.926647814719713470e-01,-2.226189388171462724e+00,-5.058017117594340029e+00,7.994390991387878564e-02,-6.622050822759712574e+00,9.472512701597819440e-01,4.362799700205685083e-01,6.381649548789560811e-01,-2.174015228952471901e+00,-9.493020219445060803e-01,-3.531237399962245505e+00,1.239168871330618593e+00,-5.640875889540333255e-01,1.624052090776501478e+00,-3.499163605795185816e+00,1.939237667593887382e+00
-1.055241776860753822e+00,7.113862106525556506e+00,2.793477615038885364e+00,2.759678360651242723e+00,2.300082431692452190e+00,-1.692198548051651041e+00,2.174215166314901637e+00,3.910546879348007376e+00,6.371086463780408771e-01,4.695174672139490468e+00,-4.174481939532496355e+00,-1.127595402863320384e+00,1.299494461814852286e+00,3.088680605176800320e+00,1.057986722375447997e-03,1.905625737234042605e+00,2.429786087028501296e+00,1.253995018658826233e+00,2.237338808639222520e+00,3.832841606332229034e+00,4.156559175769802827e+00,1.664565680706593609e+00,1.683497194210438863e+00,1.536294888667741665e+00,1.114163538365146700e+00,-2.759206466913924682e+00,5.187092317210575843e+00,6.155093808812688749e+00,-2.336294600493956430e+00,1.965603040497073462e+00,2.389829767739308775e+00,6.048346023237486158e+00,5.900854141056347757e+00,6.129558235685332868e+00,9.663493694146001456e-01,1.168026009583769120e+00,7.073098889195383876e+00,-1.247233721179995092e+00,5.969908567803750898e+00,-4.551671792905121805e+00,3.193301618169448020e+00,-1.488842538338779109e+00,4.303537600348981584e+00,2.752211152451922160e-01,-2.006622504057813394e+00,3.515924305123468763e+00,2.469432661544862739e+00,4.125584246726727855e+00,1.072633921002927648e+00
3.400814286276216514e+00,-1.969906120504230085e-01,-1.385379122917900219e+00,-8.959138242118653839e-01,-1.015871853395625024e+00,2.157557420631028400e+00,8.772578649207540824e-01,3.721245046804125822e-01,-1.454662841078284030e+00,2.931885270910952190e+00,-2.386553931140768192e+00,5.832023303096494082e-01,1.139554420487877362e+00,-1.309838571088866255e+00,3.049299832300637725e+00,-2.160435817590121044e+00,-2.830494897683720756e-01,-1.009666663731481062e+00,-2.917359260775751029e+00,-7.520033689995221593e+00,-3.692414642987120743e+00,1.685678759221234113e-01,3.347608994107691416e+00,-1.696042299945421661e+00,6.211909142942282358e+00,2.100129017698086464e+00,1.837396770139364310e+00,-3.184946613318818454e+00,4.867031425923240562e+00,2.503532698131179401e+00,2.390634316879103327e+00,-1.938653287729334984e+00,2.557481916324452209e-01,6.511456173035398365e+00,4.431612574777179070e+00,3.984064506608285150e+00,3.867556469344737291e+00,7.698871866082079851e-01,-4.548445903723272732e-01,-3.527325045602248910e+00,-7.231673315038156247e-02,2.177150010347133957e+00,-3.057822504358390425e+00,-1.822905182222363418e+00,1.058014516860718235e+00,-2.598987797054049587e+00,-2.673596000507886927e+00,5.178772808746545664e+00,-5.085024872723222789e-01
3.615674844548294686e+00,2.697771439239200930e+00,4.786601514163911553e+00,-1.960684410390209464e+00,6.257229582494550968e+00,8.946216109507765246e-01,2.128776084230558308e+00,5.716300941135585845e+00,5.231956676848566801e+00,4.591202798935410279e+00,4.008146692997666349e+00,8.895367289424758184e-01,3.511074477685681039e+00,6.874392370821091447e+00,4.087420013535028041e+00,4.595512121539866435e+00,2.689911651993555086e+00,5.527840877870007219e+00,6.053548828287036443e+00,2.429419195874000348e+00,3.467811711977890621e+00,4.172406306731177850e+00,6.707045489557477147e+00,9.731567136195742318e-01,8.995239791247643391e-01,7.101167672751289572e-01,4.939368784835502346e+00,3.262252189861661655e+00,3.735348622322317347e+00,1.001177735666506585e+01,6.268612282532285640e+00,2.816066694048767527e+00,8.508133189416090758e+00,3.952438885661037293e+00,6.114821002227907698e+00,8.165536977172394018e+00,2.486564432160156990e+00,3.213559794962730365e+00,5.642540138533818528e+00,8.390392961387355797e+00,4.265136032092268437e+00,5.043336669245566561e+00,5.098542374079964468e+00,1.081232130394461954e+01,5.141488070066947635e+00,5.056619022320722578e+00,6.912227073193896842e+00,5.503200026262137001e+00,6.449787926303739205e+00
-3.756805185733698149e+00,-6.210877939850986351e+00,-4.325239175531065072e+00,-7.263346735916305974e+00,-7.263462339665463396e+00,-3.907868024027014719e+00,-5.918496717366850568e+00,9.611749776266916845e-01,-5.579731477448869548e+00,-6.881877983722746173e+00,-4.491606420789528542e+00,-1.934483143691123397e+00,-5.911671613161701977e+00,-2.814113486691825372e+00,-4.581565722892772641e+00,-1.285869868784260461e+00,-3.140128716447182500e-01,-6.396164727805275341e+00,-6.369104826138557662e+00,-6.030480004994771548e+00,-4.499681193889799147e+00,-4.150720699642294953e+00,-8.174644520345248466e+00,-1.606168629534059811e+00,-1.699768510409747746e+00,-1.063615580325308674e+00,-5.524856467645795632e+00,-7.108228362377229992e+00,-4.042976458231088976e+00,-7.580244618203437756e-01,-2.023460063155252175e+00,-4.490163779557905244e+00,-9.054710506723691044e-01,-3.695779204194985512e-01,-6.771573454731649733e+00,-4.072029760565960999e+00,-6.248458990969226079e+00,-3.127692012956852174e+00,-6.052047713575444909e+00,-2.548097159306456305e+00,-2.309521807044715214e+00,-3.850083084202727157e+00,-5.032899480785824942e+00,-6.959190630637726027e-01,-3.111395824300299262e-01,-8.294554766149920155e+00,-2.056434923997640940e+00,-4.497868833996689020e+00,-5.332576075781764402e+00
3.893648586082109730e+00,7.320705310790339482e+00,-3.116218482603939854e+00,-4.429137712118706105e+00,2.733913965576051375e-02,2.674170421864677571e+00,4.507419363571293580e+00,-1.330424222935140843e+00,3.066778904708360898e+00,1.819838470664505992e-01,-1.682152872429489576e-01,2.095330735516990117e+00,3.792965106741774672e+00,1.975476822034080371e+00,-3.103372628834911051e+00,1.007994237107663693e+01,5.309941833236450748e+00,2.163171917704581837e+00,3.690036268065163272e-01,5.731400827387649777e+00,7.490132547643866268e+00,3.118248951014184200e+00,3.025509980997946435e+00,-6.276188573498099998e+00,1.200162128669508999e+00,2.413061142639915779e+00,-2.848196755879534692e+00,3.513837674593457638e+00,3.423297770829806907e+00,1.273452987304803274e+00,2.309839982677747816e+00,-5.100981544382217070e-01,-1.353052090675367580e+00,1.235673167238690695e+00,-1.568330809451152774e+00,-1.571676568631963589e+00,2.807963891524391187e+00,-9.324236642264361663e+00,4.326950656957468944e+00,4.677885117472356136e+00,2.674811543723750518e+00,4.565937280604630999e+00,-5.179773211049710113e+00,2.947618412559156464e+00,3.187799486256534642e+00,4.733041578890190948e+00,7.977399926502314331e-01,-4.682778379516316924e+00,-3.801638956847125606e+00
-1.196299562555892315e+00,-3.033307326025564521e+00,3.607184716431283356e+00,-6.601929654457161512e-01,4.817404554802890537e+00,7.279017494502173946e+00,1.398653800236644429e+00,2.639363579654596670e-01,-9.338277000212613643e-01,6.431496255996204114e-01,3.919169772947840080e+00,2.339710852944345554e+00,-8.572507083480442880e-01,8.309815102826384248e+00,4.866208711276661880e+00,-5.309269021259965804e+00,-3.084453996290115185e-01,4.952014577368391457e+00,4.247669192821028616e+00,-4.739106172069444511e+00,-3.206309521517864081e+00,7.625861254613024443e+00,-5.111216002585782903e+00,2.009296338645495172e+00,7.660078909077691733e+00,3.960543137156375071e+00,1.493639023649499187e+00,1.060414499683899336e-01,-2.118617621548679608e-02,1.675564169112721657e+00,-1.891805703449252807e+00,5.309857583613699639e+00,9.955645549634470903e-01,-5.717225084532823409e+00,4.771853653983443522e+00,2.392213304144297226e+00,-2.856789748545898622e+00,5.763513645433659960e+00,-1.615333555267506327e+00,-3.337074959818158604e+00,-2.329165345828020151e+00,-2.364989247825556529e+00,1.380247408766827721e+00,5.645776993357273454e+00,4.943141005003665711e+00,-2.199268877994527305e+00,2.386230463815539160e+00,2.217068501991620977e+00,2.606591153443051034e+00
1.663610499279552180e+00,5.687676589710894959e+00,6.159911527575274270e+00,-5.172869202543384226e-01,5.313852204342638608e+00,4.777134950402176727e+00,1.616608358867097417e+00,8.701934986534901384e+00,1.797387301839600493e+00,6.601778002334105722e+00,-1.585458235382185110e+00,6.914556605207112128e+00,9.918755842131895761e+00,9.246929732184185902e-01,-1.475675814257964014e-01,1.143978576174923489e+01,6.445838721434634877e+00,8.736506394949726584e+00,5.324237046200467560e+00,1.022653821649224071e+01,6.626730821659509552e+00,6.515095029601765120e-01,4.850112590806169521e+00,1.546709074259949634e+00,2.971717184962800573e+00,2.465041878868527547e+00,1.989029964598731048e+00,6.090174439337331158e+00,7.949138253646584218e+00,6.904544023479088466e+00,1.562044494098478342e+00,4.030374396151400695e+00,5.737358632200582953e+00,6.549967671404784753e+00,3.684175358058476402e+00,1.217274174384166852e+00,1.311362535897917958e+00,-1.864858847447776746e+00,5.605235616092723916e+00,7.797484867853416546e+00,5.776909220237512521e+00,2.109103433500053804e+00,3.628983044981268780e+00,-3.218818496308828436e-02,6.125191017395127169e+00,3.488522369560287384e+00,6.115238622109190558e+00,2.031599778697346981e+00,3.262449950632870799e+00
