-3.007287675947519645e+01,1.339296421418053606e+00,3.954115776498254853e+00,2.982177805466606912e+01,-9.490823705804171340e+00,-8.560018285830780727e+00,2.509165009003777058e+01,2.341631690594968163e+01,-2.661586293666549352e+01,2.812595371810573752e+01,-8.448843610982555319e+00,-2.754056786773154908e+00,2.592540636305693624e+01,-8.326968281584028020e+00,3.011192658446154624e+01,3.130978540233844143e+01,3.160496058718319290e+00,-2.810924558350047420e+01,-4.516988629809832290e+00,2.191138492431478113e+01,-8.569460249345135949e+00,-1.014077554014014781e+00,5.481369055146743996e+00,-3.073790147557699015e+01,-6.826987327235904957e-01,-2.876422997571612683e+01,3.154269331552971956e+00,-5.091849563369152953e+00,2.294550672856392382e+01,-2.423422556896451585e+00,-1.162352377172005014e+00,5.411755754201007740e+00,-3.047372594146134617e+01,6.826663753678752222e-01,2.531490165387939584e-01,-8.147296995686579280e-01,2.753605679964617892e+01,2.899279471604647718e+00,-2.701828152577745001e+00,2.938683472252396012e+00,4.456629339870708861e+00,-6.985218822898072943e+00,-7.848950403765961426e+00,2.256904358221508922e+00,2.885621120363708769e+01,3.789915651403066743e+00,-1.292309131349461682e+00,3.249157039843655781e+00,2.926223799839822615e+00,2.608852313855681260e+01,3.573256291693301989e+01
-1.473010688367721244e+01,1.162871162813751091e+01,6.217269975170964358e+00,2.855604070804928796e+01,8.202856920659522544e+00,-2.134316098465193079e+01,1.399782500657755513e+01,1.882524233530491387e+01,-1.179193855350851550e+01,2.374257308859494131e+01,-7.528816645077391456e+00,9.114556321323330934e+00,3.038863590058403830e+01,-1.535846913948256898e+01,9.367049744335586681e+00,1.493736585270178807e+01,1.723650327510573987e+01,-4.817892626349529195e+00,2.304289143655234628e+00,1.768460932746274494e+01,8.622170686388386684e+00,4.473245536828492241e+00,1.126206437575513064e+01,-2.316154172248078424e+01,1.591378328613980031e+01,-1.988026914458352934e+01,1.387159180754709098e+01,-1.176727647487285822e+01,2.241307898508987861e+01,4.816272672115792908e+00,7.648582297312392697e+00,1.511584081687548320e+01,-2.466356239273464013e+01,1.511001904035547483e+01,9.272905763253556088e+00,1.809841995416628535e+01,1.089400897179720751e+01,1.402002114803951827e+01,-5.815467756230341401e+00,1.128781340131099675e+01,2.692084762544637755e+01,8.685594334768577340e+00,-1.825574804362274506e+01,-1.462867784229128176e+01,1.893200381116783504e+01,6.255079352765478440e+00,-1.850033384714824436e+01,-8.563735763724135808e+00,-2.437130860294263712e+01,2.006603432503765561e+01,2.907143491354100107e+01
4.450357846971294862e+01,-1.242909952890247993e+01,2.732294113449474793e+01,-1.969497541346616742e+01,-3.715013731482334602e+00,-7.607882480319673846e+00,-3.380036633646629696e+01,-3.720433055176943782e+01,4.150786889939931257e+01,-4.083515083846386773e+01,-2.012639469405510972e+00,-8.056697963275958330e+00,-5.181247117550298498e+01,-7.773540399446751792e+00,-3.554582783091138509e+01,-4.269867646005116057e+01,1.637354898457083507e+01,5.363406572417199669e+01,-2.903684279065763540e+00,-3.201689703593028469e+01,-7.386177315901230500e+00,-1.048233148142014848e+01,1.414649225967102275e+01,3.514141038057013589e+01,1.881581593701969268e+01,4.567588301984801546e+01,1.454370852334367115e+01,-5.364886676294744916e+00,-4.221009343684742277e+01,-5.563687945626248244e+00,-5.537414050449603664e+00,1.708963815379112816e+01,4.734590444320797786e+01,1.741268714234643511e+01,1.115341444770722035e+01,1.876902015711636906e+01,-3.277616467202999928e+01,1.319930050363664265e+01,1.189992704681814040e+01,2.902033694459206359e+01,2.070052668673541163e+01,-1.246677133066151910e-01,-6.644464991134114484e+00,7.798926941070634555e+00,-4.069648242147635386e+01,2.504880530859842125e+01,7.801192978660932198e+00,1.243031615955310443e+01,-8.750448462657510973e+00,-3.497943556566679035e+01,-2.551012475622569298e+01
-1.978772775805358108e+01,3.186018989023092995e+00,-3.200969494452560404e+00,2.082403883520882815e+01,4.918449519844709350e+00,3.049245270627564341e+00,1.722218345559471331e+01,2.129965864431317613e+01,-2.282600855922453320e+01,3.204140196730401158e+01,-2.368867200552864816e+00,1.109634738946745358e+01,3.068434915957403675e+01,-2.965812996848376404e+00,2.024689506349960766e+01,2.384394599658233460e+01,3.015075020591504007e+00,-2.025669919130752206e+01,6.799051613608368072e+00,2.363307754378589465e+01,8.727830519666955666e+00,1.432546162568613646e+01,5.802031554870684005e+00,-1.697116830973865476e+01,6.493280839188174669e-01,-2.033350809190625696e+01,-7.210646424675056787e-01,7.967750180213246658e-01,2.509143874138383268e+01,5.661987804908009458e+00,1.045435733436341508e+01,3.229390905600196149e+00,-2.422547727613390123e+01,-2.369727152815907179e+00,1.039190451892951561e+00,2.001334782003725721e+00,1.706341682287055050e+01,1.607737093854249011e-01,-5.285819499405134181e+00,-3.172537707643067417e+00,2.320385079888939384e+00,7.446943035550399159e+00,2.631439295923249322e+00,-6.351470255193031100e+00,1.878694473138369858e+01,-3.238873431222985655e+00,-6.831149294489585522e+00,8.915783392039173805e-01,-2.092890723063554947e+00,2.218463982907530152e+01,2.062381244049519680e+01
2.260954758748595950e+01,6.841310672373515978e+00,5.035320518384856392e+00,-4.569162851646640711e+00,1.287603153147190760e+01,-2.413480481772671382e+01,-2.048519676126324995e+01,-2.338622422598471573e+01,2.019500939726129474e+01,-1.093009680780621906e+01,-2.506270190235314388e+01,6.704262373104054262e+00,-1.592107010060653849e+01,-2.870297979728530535e+01,-4.287639994802039212e+01,-1.972994809699417829e+01,2.404664424892473207e+01,4.035089948787865666e+01,1.183878751390191653e+01,-2.292944571629920603e+01,6.565064734189992812e+00,9.729968270224292226e+00,1.761459485018241011e+01,2.215820397062274338e+01,1.976786008703795616e+01,1.906885772400491774e+01,2.188225883229032576e+01,-2.305498629814378830e+01,-2.820840549780895756e+01,1.205438660324105804e+01,1.390743687798720707e+01,1.461220166352633676e+01,2.581560281677711544e+01,2.419623569446799394e+01,1.433902132930827733e+01,1.657181034348167969e+01,-1.917966090791047762e+01,1.956583293836153103e+01,-1.571097181643714968e+01,6.865253382207515465e+00,2.108677234271613088e+01,1.042769099571894742e+01,-1.434684645202740327e+01,-1.554251127682020872e+01,-2.665456813923848145e+01,1.052851423531639341e+01,-1.293134849366894557e+01,-1.540770107579656134e+01,-3.729329153312403378e+01,-2.553345437647633531e+01,-4.563028575090346983e+00
5.405483297039239687e+00,3.888301511158211099e+00,-2.603909893341084469e+00,-1.258846926598664062e+01,5.711831866479081476e+00,8.335444494016833517e+00,-7.323817061353669722e+00,-3.381908957419064166e+00,8.878799534510372737e+00,-2.812202578761676897e+00,1.446407730491935872e+01,2.872021155864892261e+00,6.781479971029433784e-01,7.830611826575325729e+00,-9.389676443135186901e+00,-5.682170902137562152e+00,-9.510243914889759509e+00,-6.428543724663001946e+00,-2.459045214677957780e+00,-2.415589895413314370e+00,2.585049118200038354e+00,1.943792751710912148e+00,-4.978118707705492696e+00,6.558397065498764889e+00,-8.395207466635739024e-01,3.254491198978416655e+00,-2.275262452848670236e+00,1.735346602625443779e+01,-5.461710897355569472e+00,-8.715255987250402070e-01,1.890231438886827320e+00,-4.966031079171052909e+00,2.903894213525306967e+00,-7.883830933812122410e+00,-4.100668980792885776e+00,-2.590749855213659636e+00,-1.649124083620113979e+00,-1.079987740881745673e+01,3.859338736374488654e+00,-1.635655819755046370e+00,1.072394726497837514e+00,-3.475939686396877448e+00,3.552503560762941159e+00,-1.674974013669184192e+00,-2.280123820974063520e+00,-1.081915074858404680e+01,3.807884087086867986e-01,5.171372446411272250e+00,9.035389625646027767e+00,-1.210158883409342856e+00,-1.386710364154228081e+01
2.175733814888198481e+01,9.262804344297606463e+00,-9.545810180550708068e+00,-1.791863828042901119e+01,6.714591592876300474e+00,6.791212506592231080e+00,-9.350068781274883278e+00,-1.450893594666018949e+01,1.799331556839030810e+01,-3.721821896138924224e+00,1.116039882734275679e+01,1.109882712127189919e+01,-1.246945303537725280e+01,1.365453001185890436e+01,-2.507679477776947863e+01,-1.879529798305187427e+01,1.505365036050383409e-01,1.507462820976171614e+01,1.087916351424536643e+01,-1.479555549075682030e+01,1.289536499990375873e+01,8.943368007766446581e+00,1.430513697308075649e-01,1.620255970589784411e+01,-8.381932952985806651e-01,1.931151061317619977e+01,8.093495903675504977e-01,8.863968384824412183e+00,-1.692711439367889881e+01,4.810082556572456092e+00,5.471317306598662000e+00,-4.351058417368713904e+00,2.376175166148833640e+01,3.241299377547548488e-01,-2.908779617044804588e+00,1.721483542905946962e+00,-1.453750311604978229e+01,-5.527957550012930099e+00,-2.755394364593073853e+00,-4.850382051564190000e+00,2.236733181082780852e+00,1.272262025580955225e+01,9.170659456224317552e+00,-2.659472985712842963e+00,-1.544783001128496736e+01,-6.056426672803567612e+00,-7.453322410967960998e+00,-1.635282911096230585e+00,2.493532097435473549e-01,-1.327424273571625868e+01,-1.899921930757422928e+01
-1.001727291328993452e+01,-8.923436960885755553e+00,1.628855636819151442e+01,2.368789864058254580e+01,-3.921954500246339403e+00,-1.613358986208788437e+01,1.016292613334972295e+01,1.199636059632825180e+01,-1.121172318690480019e+01,8.896108876382625041e+00,-1.171241166533750899e+01,-3.614963654944495453e+00,7.488874531636692033e+00,-1.644897012395760783e+01,1.375542382625008031e+01,7.404594772302484529e+00,1.179055122673500833e+01,-1.471335161568094296e+00,-2.991306051186036541e+00,3.723920574110193726e+00,-5.972253677046730935e+00,-1.073915895122701514e+01,1.090312430918431907e+01,-1.675088175006288793e+01,3.267432996593679917e+00,-9.971472175845116581e+00,1.280813109644694769e+01,-1.440764431019399971e+01,1.590206532285125718e+01,-4.303274516947373840e+00,-1.055224542729554216e+01,6.072119171067283716e+00,-9.168674243820543523e+00,1.116112782316740315e+01,2.600862611216559372e+00,1.455882352714577799e+01,1.033589349890549514e+01,1.143405211362323293e+01,1.254317848266516044e+00,1.789784462362058903e+01,1.330341465876120921e+01,-4.540570533776324247e+00,-1.107220523140342650e+01,5.012373429401648650e-01,7.531146420518519236e+00,2.225380323056671372e+01,6.502911777047891029e+00,4.991485918776064068e+00,-1.023548594463933981e+01,7.255322863105595488e+00,2.121289920737352475e+01
8.144898264118621611e+00,4.170931524668446855e+00,-9.823677885034832968e+00,-1.350904768062908623e+01,4.853829787013280495e+00,-3.343927648439200873e+00,-1.372753955198882281e+01,-1.559949420279421695e+01,5.157093496478751149e+00,-1.461687270817761330e+01,-7.186638488704730321e+00,6.642475015401411831e+00,-8.570052898928500085e+00,-2.658477274367294196e+00,-1.618877965894083815e+01,-9.906224219516003515e+00,1.569173452014521075e+00,1.555613413611592932e+01,7.635359770770559606e+00,-1.204170814687803315e+01,-2.229312351109006052e+00,1.000625875138721099e+01,1.076439265031953862e+00,1.784655957802290516e+01,3.523464990172522349e-01,6.536450561243421831e+00,6.121209778217280295e-01,-2.526716113762876859e+00,-1.670293950721389109e+01,-1.912403380467391667e+00,7.808010256865234311e-01,1.392856811584827215e+00,1.053141752849441382e+01,-1.345176239417440023e+00,4.035258737119929329e+00,2.164943770697192349e+00,-1.125535085938652102e+01,-2.351863869753132441e+00,-7.971412938105602919e+00,-6.662634577984704265e+00,9.115880273382881427e-02,5.473315464983531164e+00,-2.127254770267173800e+00,-3.360542870051702380e+00,-1.385250788357068608e+01,2.638653622599451687e-02,-4.593525552811648538e+00,-9.171812578192559684e+00,3.656180787560790790e+00,-1.284618802435191753e+01,-3.303642535869766306e+00
1.323237831224842509e+01,2.678070296816241314e+00,1.959729949083904899e+01,4.111973602387079652e+00,-2.340218808902911007e+00,-1.467647283842886985e+01,-1.085181118387844101e+01,-1.683911385029942664e+01,5.738543335529721290e+00,-1.524711235552345023e+01,-1.911673565131839325e+01,-3.954777134811613415e-01,-1.550770576302001302e+01,-1.643806526478503116e+01,-7.910906066614211696e+00,-1.239110271552427101e+01,1.662682390545288413e+01,2.030136960905772270e+01,-3.201760190091871294e+00,-1.562406668836247192e+01,-3.483623070227358731e+00,-4.447809070999984016e+00,1.664698490459304736e+01,1.777235188269193600e+01,1.796108414802966635e+01,4.150462993336606843e+00,1.472814183103658259e+01,-2.073990043578642428e+01,-1.916371532643564635e+01,-2.686152326928393119e+00,-2.520899852067729707e+00,1.102787110570548634e+01,7.890482282570776107e+00,1.985837706498808686e+01,1.306339768244279576e+01,1.482377779678659380e+01,-1.424730808989617969e+01,2.028413941978361734e+01,-2.698112138465629251e-01,1.561453587326274572e+01,1.362313724763760803e+01,-7.219744477843184960e+00,-1.681340762476610351e+01,-2.125668868247197363e+00,-1.033420706014191381e+01,1.254112540503237305e+01,1.308452353405968438e+00,-6.796417638308589027e+00,-1.986283255525970759e+01,-1.308944834975235061e+01,-3.931666696716019427e+00
2.248907062055083017e+01,1.135228009101179047e+00,1.585490814032900531e+01,-8.005685317705754755e+00,2.103108353402538988e+00,1.059800228693787982e+00,-1.129980689623974754e+01,-1.314012043985838041e+01,1.978941126052446364e+01,-1.513246935130996995e+01,5.414622277539354656e+00,-4.382463709369118554e+00,-2.225164438531694699e+01,7.148631558624603421e+00,-6.643147036161013652e+00,-1.605473731155959172e+01,9.466135617720112805e+00,2.677753150663034276e+01,-5.673779819042407802e+00,-8.713487226030800059e+00,-1.386417157651754550e+00,-4.851854047691652738e-01,1.142658099155548612e+01,2.231516218203090318e+01,8.831940398565691908e+00,2.094389147633702564e+01,4.743802371558717645e+00,-3.650680205094412933e+00,-1.794984590011664594e+01,1.040836665850990883e+00,-4.989505091590630492e+00,8.900660478812129739e+00,2.567293807521476268e+01,1.505249003214922432e+01,7.581591336785415081e+00,1.428725912163213074e+01,-1.046928746859222592e+01,5.065448326943994495e+00,1.719847661005165662e+01,1.865292756734531920e+01,6.221880941273860266e+00,1.260761101991917599e+00,3.060970603908077958e+00,1.070146190573815304e+01,-1.196360711281630707e+01,1.730084267734402204e+01,8.205718360749244766e+00,9.307826942173981877e+00,3.274286233930664203e+00,-1.116454592841626514e+01,-1.147809880556475370e+01
8.313996176957342499e+00,1.029417200846019398e+01,-7.245151177567579204e+00,9.260997629064403824e+00,1.174606999267411034e+01,-9.139239485894400161e+00,2.785737204848564019e-01,2.991999192737445412e+00,5.429284798417610247e+00,1.295072595032763019e+01,-7.138658365247237292e+00,1.409517619538155841e+01,1.361949683161044433e+01,-9.008512240312196440e+00,-1.156715478010941567e+01,4.065913527257945859e+00,1.103109079328454278e+01,1.246014219232593945e+01,1.425229736034687811e+01,3.676707687874944952e-01,1.461176572450317579e+01,1.266584119466343061e+01,9.565740101460248113e+00,2.321640045092090432e-01,9.419332389991648569e+00,7.363833633690406444e+00,1.120943285304485570e+01,-6.941085571511306895e+00,-2.642061544414579188e+00,8.793144983307589868e+00,1.427251390398019026e+01,1.379561085476630033e+01,6.052952870775543559e+00,9.407623285865502893e+00,1.835579051278097396e+00,1.459312451111751763e+01,-4.629019881781167634e+00,7.913783120398191429e+00,-8.107481251937212363e+00,-3.637220113549514355e+00,8.160658445756936885e+00,1.589489644808155333e+01,-8.680947972326594098e+00,-1.478881063626836578e+01,-5.039591326507810720e-01,-8.237271240791717020e+00,-1.435152322791412516e+01,-1.314746478063409363e+01,-2.484371716102836558e+01,9.451551345090978273e-01,6.799963853218062404e+00
6.255264079764247143e+00,5.093146201091093062e+00,4.856186370296294186e+00,-5.804465066829065378e-01,-1.151794880727288861e+00,-2.100084039691900717e+00,-1.235806739097641049e+00,-2.484831776853974716e+00,7.742822942629725702e+00,-4.600263099869109418e+00,-2.128512548448619590e+00,5.678698463769199734e+00,-2.903248438491120798e+00,-1.695014726509900260e-01,-8.580231613145597791e+00,-6.190491875860499427e+00,4.760125299248141317e+00,8.297965316164097160e+00,-1.504399778739646809e+00,-6.989964714524027123e+00,-1.821496945522329103e+00,7.114608618344417046e+00,1.285989206117016170e+00,8.422419070086968773e+00,2.133955281392893255e+00,1.014207256884629516e+01,7.631464266629989446e+00,2.378395094220870476e+00,-5.320397553467119955e+00,9.398097014379507286e-01,6.283203518101765361e+00,2.631053592185918610e+00,7.692265323667150767e+00,4.084407215962549742e+00,3.150713190510022077e+00,5.853779666542251903e+00,-5.414436345331150591e-01,6.669239486824852570e+00,4.842136121686459127e+00,5.264490437494949049e+00,5.922354989430464123e+00,-1.634134113607239591e+00,-1.081180795122855809e+00,3.185459911716009618e+00,-1.927902705377091852e+00,3.226884156049024677e-01,6.028029722363886123e+00,1.492089226702351779e+00,-5.039301913021732027e-01,7.783383852630834099e-01,-3.233826350565746743e+00
-1.951563892222043251e+01,-3.244475532433817477e+00,4.588065579259431814e+00,1.832696746775203422e+01,-3.576894541496134394e+00,2.324412155898248500e+01,2.512506530089223489e+01,2.844351924417042454e+01,-1.917247802506989274e+01,2.328397833574162945e+01,2.270555763302793650e+01,-1.313015489859984442e+01,2.572333857810937019e+01,1.405816514041529608e+01,4.516435625148221789e+01,3.290324431122733273e+01,-1.001415958368825443e+01,-3.417472608762400199e+01,-8.437619828104597985e+00,2.654599035906672455e+01,-9.616381961920534849e+00,-2.246462624203116931e+00,-1.069385707807235164e+01,-2.403072795626954061e+01,-1.143219789968216382e+01,-2.131094831432201175e+01,-8.274444993834762840e+00,1.787337638506833315e+01,2.766281060753428278e+01,-7.024481816458258976e+00,-1.062875224910387928e+01,-6.029915519409473568e+00,-2.509909872813368992e+01,-1.128623246277464887e+01,-8.970699691273225085e+00,-7.624455997997618084e+00,2.660003626955426625e+01,-1.256883351154143469e+01,1.268459936428139301e+01,-1.593960519428383460e-01,-9.189724467970247446e+00,-3.937813815942567075e+00,1.447106567729983873e+01,1.116718204255289493e+01,2.690662815279837616e+01,2.235205881192007471e+00,1.988917898434104359e+01,1.181071245528621283e+01,2.947935440801046880e+01,2.732543407075933217e+01,1.856442314695851792e+01
-1.266135577191590933e+01,-3.786456737419237051e+00,-2.499864758115043628e+01,-5.897650291558358404e+00,-8.796814085562083552e-01,1.477391978368186187e+01,8.519381077650535872e+00,6.532267008624903504e+00,-1.553215565802526399e+01,9.291591647457686065e+00,3.390887042056551337e+00,1.872437307167638565e+00,1.145792798630645493e+01,1.668088425100378203e+01,1.011083534750819979e+01,1.407390480237561725e+01,-2.160614085811678464e+01,-2.234799673616659277e+01,2.551142056898813681e+00,6.459334244424717042e-01,-1.526252370276054648e+00,-3.630619869774218245e+00,-1.333502133199505835e+01,-1.533354540878303673e+01,-1.805418793647800157e+01,-1.229413247610353643e+01,-1.606452367958511118e+01,5.705366815900780431e+00,1.267700444628908230e+01,3.832220491319204392e+00,1.536679507566826253e+00,-1.666940708542612981e+01,-1.396520539342689560e+01,-1.518883395703579531e+01,-1.409702832482888191e+01,-2.257285545469811439e+01,5.891674264532330341e+00,-1.278183987393119914e+01,-4.948652734832736932e+00,-2.414172153136498267e+01,-2.760815026391641425e+01,2.243756978648336897e+00,9.474228604672434884e+00,-4.064242571944277849e+00,7.173269381169289360e+00,-1.546930425111957419e+01,-5.308134690316718363e+00,-6.366699676512944883e+00,4.197090674235131935e+00,8.055019322662774428e+00,-4.060089100403900808e+00
-5.123955502692896680e+00,-4.124394667532298442e-01,-1.667563609163206806e+01,-1.320139545239560874e+01,-1.501507357422243061e+00,-1.593449181343013166e+00,-2.709388605505799852e+00,-1.592513445776971404e+00,-3.524541109721440524e+00,1.376894761764300590e+00,-1.694699293725281164e+00,7.069826297668104331e+00,3.650741864594494679e+00,-4.247486270248591822e+00,-8.245934391106782613e+00,-3.071902779509566805e+00,-8.684622981994419177e+00,-8.788479755726795517e+00,3.072276154540349413e+00,-3.879551523807642344e+00,-2.744550314197624630e-03,-2.110601907315782455e+00,-5.071583751518245364e+00,-4.289921107826806690e+00,-1.075677749141855877e+01,-4.501782825034278623e+00,-4.693558514349002841e+00,3.404187881867191567e+00,-1.186631241021303396e+01,8.178805652159581996e-02,2.546635713923974365e+00,-6.323694770881394867e+00,-4.151719869998133916e+00,-8.105242762962461711e+00,-6.253257586672633650e+00,-1.091505997145540263e+01,-6.904584131968776184e+00,-7.676530151542685587e+00,-1.233197760697554557e+01,-1.680358296012142105e+01,-7.830305389085175705e+00,5.500797386983258264e-02,-6.281368486319205857e+00,-8.885176512014743011e+00,-9.533914843604943457e+00,-1.232181313700100311e+01,-1.148128469973340415e+01,-1.045648526568437298e+01,-6.022101935421133589e+00,-6.864911847778471632e+00,-5.176366001264677941e+00
1.435882677864224188e-01,8.521890339764203404e+00,-2.394379305334006602e+01,1.330234777916553535e+00,1.396198101737658526e+01,-5.703447070253844231e+00,-8.924546485775883831e-01,-6.324122902290339354e+00,2.086880225923442467e+00,1.177659900327486397e+01,-4.972032092487872035e+00,1.670610592576015208e+01,1.292049613060509827e+01,-6.447913757396653622e+00,-1.286403163403901928e+01,9.669600225016530270e-01,-9.568049693022320223e-01,-3.796700537799642117e+00,1.401723569535104374e+01,-1.232290205891928281e+00,2.197114641710226834e+01,1.238926631039377391e+01,1.316743261643867680e+00,-3.027218086393227203e+00,-6.212987509958172616e+00,-1.759845411894071621e+00,-3.100956841710029721e+00,2.053103506375501652e+00,2.134479867442906631e+00,1.150066216590529855e+01,1.291920158535959118e+01,-5.086462159019976781e+00,-1.680269877940965273e+00,-1.590149462922347823e-01,-9.443767336741633045e+00,-2.502142598164986964e+00,-9.619178775875995013e-01,-1.518481378094316048e+00,-1.351485168027607742e+01,-2.377143783424660128e+01,-1.820824982827873528e+00,1.557868260151799866e+01,4.228277723518368170e+00,-1.305683473306376818e+01,-7.834739722642429349e+00,-1.120498129995024605e+01,-1.434283681778437725e+01,-1.819490256535059558e+01,-1.187795889498939594e+01,4.520819600829844020e+00,5.936443628303552877e+00
1.040772399113501834e+01,-2.696451806735584711e-01,-3.101746986662560879e+00,-1.330693546936271510e+01,4.945124789264456311e+00,5.524553268255312233e+00,-1.435760947530020104e+01,-7.653397258075488985e+00,8.700936397537597955e+00,-7.559920056998961968e+00,4.544448908356004679e+00,6.177457071229206509e-01,-5.860960258611189744e+00,7.356035923825180234e+00,-1.726363435564527293e+01,-1.423980665964228542e+01,-5.039373340286029901e+00,6.476423951563440085e+00,-3.254547596557503808e-01,-7.508882376219554011e+00,-1.875311759660525102e-01,-3.098212305730741356e+00,-5.757423061946001397e+00,1.412288179145932077e+01,-2.323409660868863913e+00,9.178125637403947934e+00,-6.045511118695779729e+00,-1.280370899592861544e+00,-1.591724721132051279e+01,9.324604964934541940e+00,2.429250150240475747e+00,-2.841995927091952368e+00,1.229632284101189477e+01,-5.929083824892298793e+00,-1.383822569673580860e+00,-3.801614300484009057e+00,-1.020246422690182087e+01,-6.282592873334110095e+00,8.709756175617708873e-01,-8.034173679529896361e+00,-4.790996280192230117e+00,1.661599809827484897e+00,-4.051677190328391021e-01,-3.517662746878393421e+00,-1.098806878594942482e+01,-6.898477314994219789e+00,-2.341584615545285963e+00,-2.673994674063309596e+00,-1.836626139211998021e+00,-1.627834909350082171e+01,-1.909636100653649038e+01
-1.821557955504022885e+01,3.038013277328395212e+00,-1.457889043091892489e+01,1.496797907558226015e+01,1.076302305333484632e+01,1.386710091751603002e+01,2.580597541237851900e+01,2.463999315823812353e+01,-2.171635945339361840e+01,3.075785576709336766e+01,9.488062914461977471e+00,4.582501821427891642e+00,3.422490192402216280e+01,1.124089774467890024e+01,2.161437572721374423e+01,2.456220120032291376e+01,-9.678875427604086923e+00,-2.975731732053204937e+01,9.464312360772805022e+00,1.830280151684204881e+01,9.365616362439148190e+00,8.363303180276524529e-01,-7.499557546843814038e+00,-2.443367199219459707e+01,-1.059749162168814252e+01,-2.177168541506059540e+01,-6.041555145808964689e+00,5.978124436463027713e+00,2.419456286971271197e+01,7.477418516233479195e+00,8.028860078188886362e+00,-1.350492028668323385e+01,-2.567946906792052530e+01,-5.129628780924365472e+00,-6.722479700349724752e+00,-7.706859763490504278e+00,2.202097096904473972e+01,-8.462085345182009277e+00,-5.018841555626968542e+00,-1.603950903823130503e+01,-1.514933513548051280e+01,8.160118770105688313e+00,1.060653296877993057e+01,-5.671278075174390310e+00,1.939455014691349177e+01,-7.307214848157705944e+00,-4.138065180673059729e+00,-9.794064672205234245e+00,3.534337067593809500e+00,2.259731777679714071e+01,1.831477912768434990e+01
2.293843076227661015e+01,3.939975545718743977e+00,-1.033113354129106654e+01,-2.075991891308508386e+01,3.896560976027613421e+00,3.641689366366413161e+00,-1.933980116070854649e+01,-1.467844923410366142e+01,1.555390225830129225e+01,-1.850417978188412960e+01,2.409366753674904604e+00,3.005449375890010266e-01,-2.091617347604168842e+01,9.859423294032998442e-02,-2.786101157009773388e+01,-2.303888094084572202e+01,-6.878570775839175866e+00,1.427818927092057599e+01,5.542098247717479609e+00,-1.848244262301440699e+01,-1.281001423024305197e+00,6.340084542783191779e+00,-1.704605523798574662e+00,1.847328136077990379e+01,-2.760306063735897375e+00,1.550579449507606000e+01,-7.073669255102187137e+00,2.239342344526201067e+00,-2.315947484460265926e+01,3.322154246465269800e-02,8.014938668873899275e+00,-9.013203819789827875e-02,1.969525440358099644e+01,-5.008410071068163383e+00,1.363515720593704295e+00,-8.728960455123762063e-01,-1.825858560570348033e+01,-2.630348466124608375e+00,-5.545945015554855750e+00,-3.319884476782099192e+00,-7.439510219481320519e+00,4.807920443501011221e+00,1.785988132686128438e+00,-3.261947149752303599e+00,-1.980883190691701401e+01,-8.332588017573463901e+00,-4.591054373867414995e+00,-4.771252692060731881e+00,3.041825517659455080e+00,-1.811136694192212104e+01,-2.434221875810282398e+01
-1.927043642934719969e+00,-3.816426733487563450e+00,-3.955699120572359728e+00,-1.223501885243919673e+00,2.031932716945587636e+00,-7.394350285533672462e+00,-2.704672659445667815e+00,-1.758350001832843734e+00,-3.103137128769966058e+00,1.376847579854764803e+00,-6.329296703118805212e+00,1.294392750904618250e+00,-4.299054332452634242e-01,-5.775104121117716538e+00,-8.113787953336304426e+00,-4.978259959683142277e+00,2.295308479066322960e+00,1.795979826127524603e+00,2.351851519761471110e+00,-1.047199379556653476e+01,4.936124924167434536e+00,-3.195418553858520472e+00,2.342876999793177095e+00,-7.196874556031644055e+00,3.452086719375832224e+00,-6.598679939710583753e+00,-1.926892051507584913e+00,-6.851842085875675892e+00,8.317920552427801595e-02,7.092586568855430151e-01,-2.788616810845940819e-01,1.197108499547079319e-01,-1.860499767906732771e+00,-1.287880370155438658e+00,-2.289381192874210491e+00,-4.161887290524363792e+00,-4.059732248657771159e+00,4.548957072162300719e-01,-3.921897878464469134e+00,-6.973826956781155051e-01,-2.209509370986765031e+00,4.392268412667812427e+00,-4.558811253046108014e+00,-2.888005773416340460e+00,-3.809361477878224544e+00,-2.988884249683830596e+00,-6.318395058776595796e+00,-4.952194962174198523e+00,-5.390192470671343550e+00,-7.452139894741095283e+00,-3.840560340661869354e+00
-1.035177591910784756e+01,-6.392293202340848524e-02,1.017072402415697319e+01,1.551080683565281326e+01,1.670533528915973065e+00,-1.008469169110251151e+01,3.135182840811752580e+00,9.624680440745395416e+00,-8.262889574949824123e+00,6.250478444629959718e+00,-1.845045056550060281e+01,-3.837676261606937089e+00,7.871225362648761603e+00,-1.014581403681320992e+01,6.429233604731188656e+00,4.626221389037450393e-01,1.180744248995699586e+01,-4.606621338604533378e+00,-3.344266077050752628e-01,6.756279427520295755e+00,-2.132397619744061945e+00,-2.213130548458448477e+00,5.365866577789120129e+00,-1.099151184231860512e+01,1.109268273205507427e+01,-1.070054501024593208e+01,8.957292551738904152e+00,-1.049975246593049327e+01,4.576890745091934498e+00,1.140139555750271150e+00,1.275399947498055742e+00,1.284446861817687768e+01,-9.112183031608941164e+00,9.196045860539562966e+00,1.081442693440678937e+01,8.005270304215830635e+00,1.486208674222339710e+00,1.021690226255111611e+01,-1.457900955481529759e-01,6.250646355044441549e+00,9.887441813085320774e+00,9.179978483178132809e-01,-7.977920081513904194e+00,-1.123905533269971002e+00,4.669568373421714824e+00,6.750376633336284016e+00,-3.747662412034436841e+00,-2.263536108233665800e-02,-2.043701665635698816e+01,6.907395299982049153e+00,1.389746808798520306e+01
-1.728979590298954250e+01,3.340951677360005867e+00,-1.660315355509389690e+01,1.325421473975869802e+01,-4.384892995141958849e+00,5.047354435417978458e+00,2.108090029220346651e+01,1.826799958805257518e+01,-1.852801282087198587e+01,1.815389763228383657e+01,1.849181851779859276e+00,7.144167138668535699e-01,2.110463518396008453e+01,2.914505388929628626e+00,1.780658969322353613e+01,1.554434294554250684e+01,-8.305553838356225071e+00,-2.357123358871955432e+01,5.069763558592403463e+00,1.668640070640826423e+01,2.108399548396296730e+00,7.016312257148964449e-01,-4.886959456466925644e+00,-2.436905836479074239e+01,-8.363056623963046832e+00,-1.872820845723668981e+01,-3.911828217259517793e+00,2.207171468341623033e+00,1.706855024819228461e+01,1.401586588799033972e+00,-5.607611946779975653e-01,-8.371159498895124784e+00,-2.409128671358183027e+01,-7.510113243698565810e+00,-9.183688903251923108e+00,-7.699299297470814984e+00,1.449272047961987120e+01,-3.989342356873175621e+00,-7.373282023328364687e+00,-1.341876329317005911e+01,-9.400422235212692712e+00,7.600854642316302368e+00,4.813239987639954975e+00,-7.580101836955826400e+00,1.188237664524659110e+01,-9.967227557141377758e+00,-5.849894650106311822e+00,-9.930360174486185798e+00,-1.064300054425343228e-01,1.217048645041083077e+01,1.192816285784435060e+01
8.957827583810395566e+00,-1.045770499995630232e+01,2.312995526908160215e+01,-1.249285927208123370e+00,-1.213255633810241285e+01,-1.682177145388980222e+01,-9.506383306598578997e+00,-1.513205223917247721e+01,1.489021784773589907e+01,-2.360861889692308324e+01,-1.536962844144917995e+01,-9.428928834649312307e+00,-2.482692532805501884e+01,-1.974080884209065090e+01,-3.989362077131819895e+00,-1.379545330673482617e+01,1.213446962072695001e+01,2.772968507966245255e+01,-7.071902789938143030e+00,-1.326118905574409190e+01,-1.077313071584358362e+01,-1.240160719102953912e+01,1.790320292890945808e+01,1.611794162294503963e+01,1.109638176811448851e+01,1.636992474121039720e+01,8.910519371727605886e+00,-1.523084964143690456e+01,-1.534420857944603434e+01,-1.371401383608312941e+01,-9.405274356796871515e+00,1.093093872470669936e+01,1.283230406494509523e+01,1.058448498483674705e+01,1.489334813524611256e+01,9.660077783350104141e+00,-1.033343146103174348e+01,1.112056035328899206e+01,7.310592148604342810e+00,2.538282425980789370e+01,1.820936204641598266e+01,-6.257589532311831348e+00,-9.158553587714042266e+00,1.417740174456254110e+01,-1.864899258222030198e+01,2.622046975816853731e+01,1.056194703452027817e+01,1.930260168973857660e+01,4.298429931645042501e+00,-1.164619058789721961e+01,2.411293958619936006e+00
3.047168387116747645e+00,7.633474002676739367e+00,1.496769954984518591e+01,1.223367284365462915e+01,3.220631857388797759e+00,1.843333970466169092e+00,7.415552623378850683e+00,1.068498479916936361e+01,3.429175861186303464e+00,2.684230973712039781e+00,6.037765394360452120e+00,-8.525056135558375381e-01,4.469947802165842532e+00,4.294607225032017972e+00,8.271795151842608718e+00,1.050077741250995800e+01,4.559835766401187485e+00,-2.869701203033386161e+00,-1.810086220725551698e+00,8.074959196318943100e+00,-9.537288428088741554e-01,3.883321136639166227e-01,3.658414098526352465e+00,6.089006681919220121e+00,1.187504121539935298e+01,9.736216943384690126e-02,7.577195147258267482e+00,6.487557777653028879e+00,4.822535786950677306e+00,4.962843737377930609e+00,1.590490989125501686e+00,5.096325200711652847e+00,1.205949854644218444e+00,1.087139594933050546e+01,7.734823651702271263e+00,5.456732529304332502e+00,7.988602794620421221e+00,4.766412819923079525e+00,6.922755804497333187e+00,7.708634582766960008e+00,1.002186620406915907e+01,-4.925962011409975361e+00,3.385434484382443987e+00,7.299605343345525021e+00,1.340030117001307453e+01,5.804009475648667760e+00,8.475789259848500734e+00,6.047785688459628162e+00,1.397585240448842026e+00,9.013299440521137740e+00,4.024880158523783003e+00
-5.617071212161656391e+00,2.239313870147748631e+00,1.010370274003586744e+01,6.621497096649557434e+00,1.155221355806847594e+00,-2.260829378212232399e+00,2.864442192018453959e+00,3.564027527958952390e+00,-2.639000065390221916e+00,-2.430839371239141400e+00,2.327035087377987921e+00,1.073523302481631525e-01,-4.748954621441315638e+00,-4.123011377825383406e+00,2.426263714308817931e+00,-1.669668739827296466e+00,-1.751567121340504407e+00,-5.433464669604037844e-01,-3.259371579423333110e+00,-1.515022474366971128e+00,-9.017101672760841069e-01,-3.576751729091874221e+00,5.168835407861659625e+00,-2.363715734334602914e+00,3.656011213121892922e+00,7.949188554249263516e-01,9.637418457100228153e+00,-2.585017881102734449e+00,2.630674825096614544e+00,-5.687611054397036625e+00,1.200214000738810460e+00,7.507142834402815268e+00,-5.480243316182032309e+00,1.072279824638172130e+01,7.509327558554312887e+00,4.987533793619908451e+00,7.134268982004714488e-01,4.803448108867448774e+00,-8.879465390370229194e-01,1.084127049674240162e+01,8.498847605373152092e+00,-1.854425503892454863e+00,-4.813054568562776581e+00,1.886192119449559002e+00,-9.768554654236956125e-01,4.952812029699539487e+00,-1.698111996348876218e+00,6.269498169214172911e+00,-6.448124542691358041e-01,-1.124854998740835610e+00,9.903566207992490433e+00
3.504099536750850064e+00,5.006240967244240281e+00,4.163173049579364182e+00,1.358515984144402822e+01,1.656077030190948651e+00,-2.402185902732223433e+00,1.202375675888496076e+01,7.411256954556039389e+00,-2.032771412381456422e+00,1.360631247925831033e+01,-4.897121376875046117e+00,2.927748716798778350e+00,1.213602242149577926e+01,-2.107157704555028488e+00,1.195111935789836011e+01,8.247459326663026502e+00,7.461338266564345290e+00,9.951650657114075038e-01,4.269704478076930876e+00,1.260192785817844552e+01,2.404644624155476862e+00,1.805736283826667066e+00,9.642858126473679903e+00,-5.527199640421438964e+00,7.025363329570282644e+00,2.020731974917927332e+00,9.343130481919949659e+00,-1.306599221062332283e+00,1.358175794951353765e+01,3.166528786081130420e+00,8.898237108146798136e-01,7.784137029369213145e+00,-1.300096673742234366e+00,2.870368512918686221e-01,8.843011907499462865e+00,1.129267921044519785e+00,1.177997637536260989e+01,7.553495154362976471e+00,2.250657509039753368e+00,7.401353022247761260e+00,1.238981165565340525e+01,7.201278318417900337e+00,6.657565713985982292e+00,-1.539725960475134103e+00,7.592851144342501968e+00,9.304060967265991522e+00,2.987020240201707644e+00,4.784487348689825836e+00,1.503207524772459891e+00,7.650960953439567724e+00,1.728723351486500448e+01
-1.796932819056595676e+01,-3.200443006171965532e+00,-9.333505835600735878e+00,1.249176396385361087e+01,-1.606231435602736290e-01,-2.642682002172938027e+00,1.076327107278168782e+01,2.392561661970522735e+01,-1.842297029112864593e+01,1.474532663539577726e+01,6.413395884804623748e+00,-3.413922486615673879e+00,1.571187836397919213e+01,3.414625835369355045e+00,1.826859821153350083e+01,1.560048639398462633e+01,-5.348380445591034871e+00,-3.300791956404965788e+01,-4.870018519650833433e+00,1.667089823145164118e+01,-5.758806085832480548e+00,-4.230500822555326224e+00,-9.877214249887787290e+00,-2.543121456636480460e+01,-7.848588871777342213e+00,-1.783826827386475600e+01,-1.510779939820744744e+01,8.630743387637647146e+00,2.075410137120957188e+01,-7.323178378775091701e+00,-9.863843812386628995e-01,-2.974487537940842419e+00,-2.024138945868466521e+01,-1.046176976773241307e+01,-8.176718269832772279e+00,-3.012769911512410026e+00,1.764062731667813821e+01,-1.894615643693843055e+01,-8.269008795258757649e-01,-7.084399899633968545e+00,-3.998595486165062773e+00,-3.237166181434112389e+00,-3.610668099039315848e-02,-3.978497318168385366e+00,1.391388771035803273e+01,-1.363687805641469453e+01,-8.449211562718351942e+00,6.103831310213095662e+00,1.069530988965951224e+00,1.532094041195629330e+01,9.597578522265244771e+00
-2.481065962624234089e+01,-2.783806397246186393e+00,-6.559426293992954626e+00,2.847426996803986654e+01,-3.057510286119832443e+00,2.385756746490805824e-01,2.051622686535788276e+01,3.616034435339182096e+01,-2.765285342657205447e+01,3.178974052807429374e+01,9.158846678332285052e+00,-3.764264478837183514e+00,2.823314028118580055e+01,9.530466472344301110e-01,3.282334823017608016e+01,2.813981012123092995e+01,-8.806326471788503696e+00,-3.666695360763608846e+01,-1.482478227443175811e+00,2.929124496094809516e+01,-2.617025867953653329e+00,-5.183633037323122750e+00,-3.823768607369768091e+00,-3.790655851732185511e+01,-1.293525034764105364e+01,-2.670332674915051285e+01,-7.325127731076583437e+00,4.519068054917109833e+00,2.900801903723953146e+01,-1.330195450168250915e+00,-2.200537373655836237e+00,-5.289303133994171624e+00,-3.107785706196741415e+01,-9.443885751461143840e+00,-9.465478440177435004e+00,-3.768503054180634582e+00,2.109014937258739408e+01,-9.126569741899652755e+00,-7.493035025940528726e-01,-5.253663458021787136e+00,-6.890225234587871839e+00,-9.841349223190283269e-01,7.447227348836852556e+00,-4.985211323869823019e+00,2.744618773943273737e+01,-7.682897734602063267e+00,-4.218881343011092966e+00,-1.547567248610032253e+00,1.924279811911376203e+00,2.690823798237759235e+01,2.144080987873191191e+01
1.604595451298516906e+01,9.614904991792860400e+00,-3.289068604973423682e+00,-1.601516802021575714e+01,9.054660929705212524e+00,3.324435666346262641e-01,-8.354307866976542485e+00,-5.509109343236844758e+00,1.880297248257807752e+01,-1.474543945270363565e+01,8.081062659352777899e+00,2.381935274234091016e-01,-1.025260438996909329e+01,5.223937443821306204e+00,-1.347431822747351582e+01,-1.802397352237125361e+01,3.815352471973937121e+00,1.097992535765961541e+01,-1.185553365157327121e+00,-1.109363671817229147e+01,1.972551296372810348e-01,6.374916116607906247e+00,1.086727926816996259e+00,1.345294554451478852e+01,2.610175512986303126e+00,1.224731393739449459e+01,-1.636359798896926065e+00,3.911890276703105851e+00,-1.636265665846529771e+01,4.419750590312541583e+00,7.402282158103424825e-01,8.243856992359228641e+00,1.376741634071658460e+01,3.486406046492885658e+00,-8.355451059323126817e-02,7.551911831210019521e+00,-1.100886437311487498e+01,-1.472011239277278616e+00,6.795614617418679337e-01,8.876717580194645407e+00,3.742635038297914996e+00,5.210949220210752131e+00,4.962444625312545377e+00,-1.317273065500385698e+00,-7.686971250823899204e+00,1.916520376387831348e-01,-1.900601448795342208e+00,3.246262765316981547e+00,1.808760897333870021e+00,-8.122137690241835628e+00,-1.454873200729253568e+01
1.049320279003530487e+01,-5.145844089168198465e+00,-1.180059852069359216e+01,-2.347720112724893227e+01,-5.035282792404545127e-01,7.263284247314443220e-01,-1.834281227856149954e+01,-1.197443342343418493e+01,9.484380554364374660e+00,-1.698384160962713452e+01,-1.432386495509158308e+00,-6.306841770299124406e+00,-1.387196013865687583e+01,3.916089150281865994e+00,-2.386586084687272802e+01,-1.948151294203037054e+01,-3.319406523359056393e+00,1.252292396551125009e+00,-5.918548017034838793e+00,-1.612151684642138605e+01,-2.250277033481025146e+00,4.762143590520763470e-02,-1.233142265375446733e+01,5.038484154248130231e+00,-6.948982945117519350e+00,8.546976459942184690e+00,-1.142170738430149513e+01,9.635908154132275527e-01,-2.163253230589160836e+01,3.158949278425671192e+00,-5.377981972368802488e+00,-8.757910866130439231e+00,8.775331307810663617e+00,-1.022009512592443414e+01,-1.274815206933465817e+01,-5.598950618058771589e+00,-2.170440605298728798e+01,-1.067916209167407615e+01,-4.617836693862145125e+00,-7.906962768400849662e+00,-6.182216882845375849e+00,-9.236685875410310942e-01,-5.485753004083155027e+00,-7.082263277228728171e+00,-2.266624611945438517e+01,-1.343301702538898112e+01,-6.597746019036186738e+00,-2.449571528158524636e+00,-5.733574447257877793e+00,-1.816571649277960532e+01,-2.485028364550686319e+01
-6.664207637288798836e+00,-2.536786165168549712e+00,1.093054663294263484e+01,2.612548689331075735e+01,-4.562122024572861534e+00,-1.605779757627816906e+01,9.281356304742931940e+00,1.119405997971165334e+01,-1.464103886300629043e+00,1.608584604349155001e+01,-7.740847431712258420e+00,-9.642242317609293067e-01,1.556561839491848787e+01,-1.345219128761420180e+01,1.141574703255662726e+01,1.111605508997908665e+01,1.823268831757746256e+01,1.170465945368733784e+01,6.524497777290813261e+00,1.029084280006875751e+01,5.041615818124469683e+00,3.082237078822267051e+00,1.397144528114729312e+01,-1.355123221144662971e+01,1.079498381050302491e+01,-4.299021905313664682e+00,1.471460192056272831e+01,-1.096560256423972213e+01,1.097543476924403905e+01,2.872424627899655469e+00,-1.366538531646719123e+00,1.730299995639798993e+01,-6.889474278019915410e+00,1.793156749929732285e+01,7.899948839315388938e+00,1.185320614400095707e+01,1.161069416962928713e+01,1.896787122196387188e+01,1.027196790856197861e+00,8.355749659219565473e+00,1.559370599071462848e+01,6.344493191082894334e+00,-4.415768256169692485e+00,-5.181092353274991957e+00,4.870255563071633986e+00,1.541947428957616317e+01,-2.873913907832196912e+00,-1.333385240080771084e+00,-1.049382827647115590e+01,9.044312681317423497e+00,2.623046599792040823e+01
-2.910449486046313439e+01,-7.956901830847716184e+00,-3.177916069512739305e+00,1.879128606922104439e+01,-1.062429727422473036e+01,8.193392153301370939e+00,2.255177708458256802e+01,1.952725706448315179e+01,-2.553572777270562000e+01,1.785061387812849176e+01,-7.867145377975117704e-01,-5.491871450186087245e+00,2.193832678789517843e+01,1.688537413177586100e+00,3.329373530004122017e+01,2.587672506862887900e+01,-5.093726283401801780e+00,-3.385837144851526403e+01,-8.515460524999330261e+00,2.442849347047783226e+01,-8.383678267521299077e+00,-8.295709483336343837e+00,-9.210706624501348472e+00,-2.973126591714364864e+01,-5.187953726882331473e+00,-3.598207030361835734e+01,-6.990518480185762940e+00,-3.032786361066787784e+00,2.650928139082585133e+01,-6.062062190555398189e+00,-8.203752912923443219e+00,-4.174162509338460225e+00,-3.142063272546081265e+01,-5.073197861966622924e-01,-2.736100560607230836e+00,-9.118890868983886122e+00,2.299831150781623990e+01,-6.540721725361468231e+00,6.852798851617523113e-01,-5.926604514616773400e+00,-7.995785881200938583e+00,-7.139144235660150883e+00,-2.997326354947427163e-01,-9.033229245202054614e-01,2.612891673267546722e+01,-5.487760246299933087e+00,-2.236381734479945038e+00,-4.883681873451942046e+00,3.183004514487931758e+00,1.636198786897548985e+01,2.189425966942150126e+01
-7.869681453786632197e+00,-6.557830080179556376e+00,5.075823272411215115e-01,-1.167011545677584028e+00,-1.287023879442795149e+01,1.310364199092190596e+00,5.926506262344632958e+00,7.488884980502088951e+00,-1.113722761790903526e+01,-4.282706889742617928e-01,-2.642488286968831090e+00,-1.099566075752371574e+01,9.898654827594079997e-01,5.835287558388675855e+00,1.581122999889732128e+01,4.617972680796725626e+00,-8.604870230506277196e+00,-1.785515471010574373e+01,-1.056299373218911519e+01,5.733538201144368074e+00,-5.870985520323199758e+00,-6.340428033794873741e+00,-9.772192556779575767e+00,-1.129958860122765074e+01,-6.197240382814770854e+00,-1.237212781611855306e+01,-9.265959993387976823e+00,-3.034247057741650266e-01,1.062882365929183948e+01,-3.899590150679342671e+00,-7.036084133667102947e+00,-1.048220208061393421e+01,-8.269481180938136333e+00,-3.674268076197651389e+00,-4.950700592092315944e+00,-7.697459208773022254e+00,6.570794763687810125e+00,-9.315765625888277057e+00,4.302419994672892933e+00,-5.273201583607010079e+00,-9.052157130653590400e+00,-6.901334349120201495e+00,5.604383899747298337e-01,7.893546084328380452e+00,9.668422463550088608e+00,5.067129074672800826e+00,3.965063022965175765e+00,4.256097434811744407e+00,1.283855825796245931e+01,4.449046831523476797e+00,1.634929213868800302e+00
9.477801831283283462e-02,5.143912073361208925e+00,4.503379012832158246e+00,-5.774826444346691900e+00,-8.265210311217424888e+00,-7.649353368659399521e+00,-1.376670634109407132e+01,-1.366886245186487869e+01,4.743781437718721961e+00,-1.690075222365829077e+01,-1.034054076866794070e+01,-5.839601338270676401e+00,-1.277428298374403148e+01,-1.280946314690621435e+01,-1.277134107570042332e+01,-1.420690253729864061e+01,3.882415030840736136e+00,1.318395134657391132e+01,-8.850733866944832329e+00,-9.468010933855699918e+00,-7.156099372891274513e+00,-5.227460256368141600e+00,-1.567691517463769557e-01,9.037815142112703981e+00,7.968828466837665658e+00,2.144114043846584217e+00,3.581750312882692633e+00,-1.034194649093638851e+01,-1.380078691872235552e+01,-4.331484097167090042e+00,-2.054362646928973302e+00,4.059467417395029365e+00,3.296951087268285008e+00,1.392053694465395175e+00,1.216893047228982283e+01,-3.268636433267735342e-01,-1.276405830117653295e+01,1.382687947456844313e+00,-1.923438801452662883e+00,7.044610698184611941e+00,3.805592782503556926e+00,-1.130209299356281072e+01,-1.231613897552833592e+01,-2.175324283252709989e+00,-6.009814491509185785e+00,-4.292524797153662419e+00,4.825559010232104429e-01,-1.042626595396688671e+00,-9.472192271643004702e+00,-7.364786483628294356e+00,-9.577369450879988477e+00
-9.032691672346118139e+00,4.563434003468223032e-01,-8.495540336429908024e+00,4.910309233758091807e+00,5.870609745855575490e+00,-1.476624046172751292e+01,-1.356660039843152532e+00,-7.245233852396801844e-01,-9.888721752322874536e+00,5.806913755403542154e+00,-8.274893864787120634e+00,7.701365364552793302e+00,3.232302774934938228e+00,-1.406897459422480878e+01,-6.956969608797247240e+00,9.192374507547198537e-01,8.138297295185672908e+00,2.940975818172536727e+00,6.814113101786525739e+00,-5.806936860243561149e+00,8.565445482839278313e+00,3.937113425987494253e+00,9.928062643004945897e+00,-7.639346686242522999e+00,3.848303090985272235e-02,-4.889413716583832503e+00,1.273015877069711976e+00,-7.894512682886277943e+00,-5.024358666192105360e+00,-3.027430391079259486e+00,5.508430539727503295e+00,3.953175290099547823e+00,-5.686396956811440084e+00,3.407434076004397738e+00,1.036184014181435131e+00,1.787028488313975316e-01,-1.707647186533933326e+00,7.416453578835955796e+00,-7.782231102036962334e+00,-6.994626074675243110e+00,2.497805921539407947e+00,2.894992178680465322e+00,-1.027155942922770215e+01,-3.754520664879748004e+00,-5.200639427352937716e-02,-5.524447684101039258e-01,-9.681575935071254690e+00,-1.306306539201734296e+01,-1.565334576762621310e+01,-2.856725047514635296e+00,6.244617534271913684e+00
8.312244236067037662e+00,1.123909319949903818e+01,1.623693069879652029e+01,1.790174946795168509e+01,7.473601778473064172e+00,-2.672679800335469480e+00,7.672545471048777266e+00,3.526736896796747178e+00,7.023701447369948170e+00,4.829036758123647743e+00,-1.135370741319410470e+01,7.030710611152494849e+00,8.678546225811592407e+00,-4.676224812535632935e+00,-1.772793381925347189e+00,7.316587581395220141e+00,2.064857059251785643e+01,1.646907357427058116e+01,3.290785011007376859e+00,4.291089456178337258e+00,7.990896760696398538e+00,4.055681961604283181e+00,1.444461239265564245e+01,9.751734838933288074e+00,2.579155101168436914e+01,2.644856413125597605e+00,2.287018906174432331e+01,-7.645202088131651585e+00,3.827001749318543311e+00,7.412332974942355435e+00,8.044443421548290729e+00,1.825806777977496509e+01,1.045116310091619916e+01,2.279351458220290283e+01,1.823382221391867830e+01,1.895144644661771238e+01,4.821033734386398706e+00,1.919500006753111521e+01,3.890949519502589382e+00,1.842021299550251001e+01,2.427653469050171964e+01,5.447368377871161016e+00,-6.970717932763236924e+00,7.792426425574126903e+00,8.886916750354687977e+00,1.651166227593035885e+01,6.030780042206862035e+00,3.160784575883270442e+00,-9.568073393559668460e+00,6.671351935211700557e+00,1.176092130591516494e+01
-8.039163446917630296e+00,4.313111760025602592e+00,-5.137026514671354960e+00,1.678060401985261407e+01,3.968079643735020756e+00,3.160799588921451075e+00,1.539449056787886327e+01,1.701970619485356195e+01,-1.326919298410115111e+01,1.972652046517619695e+01,-9.985750064727811903e-01,6.287499686216333927e+00,1.475907227717821790e+01,-1.430384102891657294e+00,1.333004648209377407e+01,1.264688460119675462e+01,-3.924661809169438520e+00,-2.035687631939867970e+01,3.207786851583604992e+00,1.454582674169802203e+01,6.965733326224889943e-01,-3.530256675487616569e+00,8.617643865354832622e-01,-2.285783704011283746e+01,-3.561270124509898771e-01,-9.982407814953326408e+00,4.435000759276422344e-01,-6.066944339384194862e-02,1.522351734717300253e+01,2.316250727000735754e+00,-5.397772047163504894e-01,-2.469804487036695306e+00,-9.635048142440201246e+00,-7.224121398251034387e-01,-3.281750032019618679e+00,1.129566806717416272e+00,1.733199726055658019e+01,-3.452587602462042771e-01,2.818152324302547473e-01,-3.052525577793510969e+00,2.091218719466655940e-01,4.366743285154022658e+00,-2.420355377251822038e+00,-4.827087805333026616e+00,8.851538783377131736e+00,-4.039279498161981508e+00,-4.045034052153347659e+00,-6.869941271930043669e+00,-9.304529719050329106e+00,1.047118033031341611e+01,1.263688881746989523e+01
-2.954905284643182029e+01,2.421065517025128067e+00,-2.076134736684353221e+00,3.676658841251617815e+01,-1.699708335260794900e+00,-6.289020091952053804e+00,2.462326543607514751e+01,2.833263984833461180e+01,-2.562487446977814898e+01,3.274218570518370797e+01,-1.101462021471358099e+01,2.610084875161324813e+00,3.675504761507442453e+01,-1.178221764671402738e+01,3.031749766608170660e+01,2.789426847197094617e+01,9.690755651550814420e+00,-2.893262664914012561e+01,6.933101091559433549e+00,2.703540418502663556e+01,2.986962862743719249e+00,3.668324633968786941e+00,6.698922183790989138e+00,-3.238941220237198593e+01,6.406237505800175036e+00,-3.157385734580454795e+01,8.318132715725566229e+00,-7.893086139586717564e+00,3.505310342648822086e+01,2.892394846825526944e+00,1.274553979439328799e+01,2.559988055184809319e+00,-3.058649482332201330e+01,1.662996634610418134e+00,1.154621612727065738e+01,6.586063472098548033e+00,3.036047547578890260e+01,2.155258922763960250e+00,-9.789470190093677360e+00,1.101849005448422458e+00,7.275543297414674093e+00,1.045208744331990847e+00,-7.554815674785432478e+00,-4.724785438812777016e+00,3.304462997982069083e+01,5.194948506632450780e+00,-5.467736373164484576e+00,-2.418603459478077866e+00,-3.611516631252242426e+00,2.419307066263525385e+01,4.406438673169037656e+01
-2.780622995125088792e+01,6.496261715718107510e+00,-7.236206642603365324e+00,2.562499768177142556e+01,9.444542135518226189e+00,-7.584384267260423584e+00,2.360474417001763925e+01,2.029472123998068867e+01,-2.289238616087614986e+01,3.430858652832951350e+01,-9.453772696700148970e+00,1.040457269169242061e+01,3.338708286243105050e+01,-8.535014350338105515e+00,1.778338705188555835e+01,2.363293992289592182e+01,5.109390480173368942e+00,-2.527151352399571493e+01,1.461058556691114063e+00,2.023758301562627437e+01,7.802246649135114787e+00,8.353631739174975479e+00,8.705141797755356237e+00,-2.453056986398318529e+01,-1.453751715518540877e-01,-2.555520259080350698e+01,-3.306883990857017785e+00,-1.549364570765212834e+00,2.669353177989013659e+01,8.579697450138603187e+00,6.593023228034049055e+00,5.372766712470160577e-01,-2.384709891341299581e+01,1.643238046948199749e+00,3.104511120372038135e+00,7.552922314914032320e-01,2.203630302979586375e+01,1.832010141607406828e+00,-1.002231284121898724e+01,-5.963292755759704633e+00,2.298556482637479803e+00,3.884906992508156964e+00,-8.873728684608447992e+00,-5.296325730111950847e+00,2.346997868940752952e+01,3.725620913649763111e-02,-9.651180051512989522e+00,-9.897584840110596360e+00,-1.088893379311754117e+01,2.112144261037687087e+01,2.607257725658295300e+01
-4.827993771125548506e+00,1.688405034496316404e-01,8.155765143213233870e-02,1.325016996292105986e+01,3.711837919938986374e+00,-7.079187687113996041e+00,1.127562240836359742e+01,1.563928093869806091e+01,-5.055458322514532199e-01,1.698306149464426085e+01,-6.920902085248417990e+00,7.229668997997855229e+00,1.742998796874977430e+01,-5.621957626139266750e+00,1.377440432975551410e+01,1.241883449859955668e+01,9.580778108300183504e+00,3.603572965808696793e-01,9.210065567971851053e+00,9.409331176670249874e+00,5.380609088809372942e+00,1.076033237410898025e+01,8.033087041349405766e+00,-2.038248846733209163e+00,3.585525504840089361e+00,-4.652806416646926735e+00,1.258638268756724798e+00,4.301186048086024449e+00,1.015522803116726003e+01,1.283181697330078030e+00,5.111780556180119284e+00,1.766186130048040148e+00,-6.804776294751155419e+00,5.040492867509945185e+00,2.619909766323820222e+00,1.753602363188452751e+00,1.050970752851619316e+01,2.050186076548233149e+00,4.167812650459818968e-01,-1.727776691688950317e-01,4.941901867274101079e+00,3.011719292950962412e+00,2.209488735531430770e+00,7.581424386925306180e+00,1.058627981700300680e+01,7.670652295876594806e+00,3.882828781617561731e+00,7.188068378573699846e-01,1.197439710645337385e+01,1.267005936742077132e+01,2.122085241437701342e+01
5.528887905075606568e+00,2.928604910575042908e+00,6.853340625577907907e+00,1.456517041942945401e+00,-2.138254456516619495e-01,-8.585143430398236575e+00,-3.271974237356882753e+00,-7.497978886086737127e+00,1.495671490493578393e+00,-3.982185833867331493e+00,-1.026853003403107323e+01,4.048809469382449677e+00,-2.657572769757689635e+00,-1.385093413058218559e+01,-7.506713154363152896e+00,-1.859465277517399429e+00,1.085298507491361519e+01,1.997493229678261883e+01,-8.915190429910850867e-01,-8.308549254581116372e+00,1.217760574092976000e+00,1.431018020345260489e+00,1.187680824374151456e+01,4.438821712983696877e+00,5.623458053917645749e+00,3.367991549831995890e+00,8.794788485460946603e+00,-1.626374116208218368e+01,-4.137712906818677538e+00,2.215156277509799931e+00,1.281099134954185814e+00,1.102256059011764044e+01,4.487787043253985253e+00,9.357184001783492633e+00,7.090960501157188567e+00,1.118523441673676189e+01,-4.328325831561129711e+00,6.021850428327022442e+00,-2.454891936276528686e+00,7.995753154050917466e+00,1.044815212939653293e+01,1.612679384054815479e+00,-1.065677495658982465e+01,-1.155828729601235283e+00,-7.406984449029568651e+00,8.363905128570722880e+00,-4.267459477152597103e+00,1.451181847005724723e+00,-9.984225877800991356e+00,-4.110843273061486336e+00,5.186734759692601671e+00
1.895728172755926977e+00,1.297738249373384001e+00,-1.456438375314860867e+00,-2.448090492368374171e+00,6.532351498417114044e+00,-4.748945958543288270e+00,-6.907659819108105559e+00,-7.602865819606241971e+00,1.020649198027623328e-02,-3.752954650622800870e+00,-1.106692498294133209e+01,5.855035785147979510e+00,-1.295754032236926534e+00,-6.705293863694622658e+00,-1.292057096241449798e+01,-5.390821605778868708e+00,9.276177899539391092e+00,9.501131076279584420e+00,3.850589316385243599e+00,-7.149300221741587080e+00,2.412439041754716129e+00,5.988048435835878536e+00,8.117737287051891570e-01,2.466261213252755269e+00,5.546536964818035820e+00,5.543530968365477207e+00,7.425551590707041072e+00,-9.383938104410534109e+00,-2.304141267060456411e+00,3.274849507587987318e+00,5.959807789183314775e+00,4.660146044268243415e+00,5.765394875889554349e+00,5.011400945617918268e+00,5.790794257413643287e+00,3.605364097543254154e+00,-4.621083718541500573e+00,9.571597236117041163e+00,-4.057260318390244258e+00,3.493333867597876008e+00,5.068032684302089308e+00,3.809428140964706611e+00,-9.025511563522755409e+00,-4.921337696871476375e+00,-6.224259417338864786e+00,4.210788780855083679e-01,-1.547596970857390630e+01,-9.141442940341994117e+00,-1.298752384681116290e+01,-7.117347338284632841e+00,-2.165154789571104743e+00
-1.747435627597872099e+01,2.789864677249327407e+00,3.196673815230181681e+00,1.702490852435476754e+01,-8.424657875690026998e-01,-5.536939892176348188e+00,1.004441329029078744e+01,2.144204237344500186e+01,-1.733947672115551342e+01,1.653878941632020982e+01,-2.302374991788020075e+00,-3.447770808122551323e+00,1.911615978913873093e+01,-1.425406963509118219e+00,1.056675958559609363e+01,1.663937369768332530e+01,5.373985778058557372e+00,-1.868162723810019088e+01,-4.048941688499495761e+00,1.681027253325660098e+01,-1.485938459182411187e+00,1.108586139418561878e+00,1.233676851380450579e+00,-1.708159029531775275e+01,4.893581903529421240e+00,-1.835918757765865905e+01,1.217532837496075881e+00,-5.724779059831703876e+00,1.357278760623619185e+01,-1.701246434733089785e+00,-7.344426502359517883e-01,-6.490361115646701151e-01,-2.054720150103540277e+01,3.945321203773294982e+00,4.036629712329891539e+00,1.439327353574810786e-01,7.072609359516313532e+00,2.191650186231822062e+00,2.997383852902589574e+00,4.279148660029096440e+00,2.050956567906484729e+00,-1.437562957420441823e+00,-5.307430560783616080e+00,-5.212233180163357460e+00,1.460884377894221586e+01,-3.087217947450700883e+00,-6.092674868666582810e+00,-1.242683398727930211e+00,-1.394420320396130464e+01,8.462058938591878743e+00,1.750671408034910215e+01
1.183089864737747909e+01,2.448111833936518877e+00,1.332207749937540875e+01,-7.550435917861589852e-01,-6.938756970841801763e-01,-9.366748286915896671e+00,-1.354781962338251233e+01,-1.435554098784785815e+01,7.003432927263387953e+00,-1.444006229972850619e+01,-1.290653188425466524e+01,2.241193036111988057e+00,-1.521361086853247002e+01,-9.484618006444160088e+00,-1.137918233452046657e+01,-1.745122676077476243e+01,9.949504273370111562e+00,2.135947683664661056e+01,-4.702665780854722755e+00,-9.845146207764937429e+00,-2.065545157921051977e+00,-2.012041232034345484e+00,7.854300570734077169e+00,1.336887899944390767e+01,9.629657511981426055e+00,8.690874099784718254e+00,6.608316414278425199e+00,-9.312958800971033568e+00,-1.244044144881346270e+01,-4.612269583519410077e+00,-4.168300300195079799e+00,7.058341264377599344e+00,1.362521286718359903e+01,1.233219926231097752e+01,8.049297577960400574e+00,5.735799552360818510e+00,-1.603686847458795484e+01,4.449729231909650196e+00,1.215384599477919991e-02,1.222720441967729244e+01,8.932070427427120762e+00,-3.361738040271129879e+00,-1.026710605935439879e+01,5.777684672400447141e-01,-1.031202450814448035e+01,1.083640886460544905e+01,4.161452006870671738e-01,-1.157095710382764153e+00,-1.468173934738943487e+01,-1.081505290054784929e+01,-2.784858198301168208e+00
-6.871412468033335941e+00,-9.524313727472845770e+00,1.497414918410926354e+01,1.943772678751101424e+01,-5.345626249684984010e+00,-2.792704364933671357e+00,1.532906864161488514e+01,1.263909734451889655e+01,-1.117172309774074179e+01,1.025538026054671903e+01,-2.736628571256771725e+00,-6.394184378979051786e+00,1.337971018738556239e+01,-4.004899585152299935e+00,2.395558543138514196e+01,1.789928357689808536e+01,6.751791520453073403e+00,-8.289575089653451911e+00,-1.599271270832575809e+00,1.267788310875668856e+01,-1.136800672405405699e+01,-4.989869895637316866e+00,3.588494538051425486e+00,-1.652380295007133171e+01,4.706081856434092714e+00,-1.187770307262354130e+01,2.542927520266974550e+00,-4.606969407914427883e+00,1.813852007231771069e+01,-5.956404033723334379e+00,-5.507613674531759429e+00,1.857356750026963876e+00,-1.565456274037670781e+01,9.319015030272741029e+00,1.718443181016753307e+00,5.849101330864373338e+00,1.629894924801355671e+01,2.866116597041409975e+00,8.774305426919909223e+00,8.317325400165158200e+00,4.195899772137658523e+00,-1.045442978031640990e-01,-1.873967783100095597e+00,3.308611287373998344e+00,1.231346212758007752e+01,7.216491418436799421e+00,1.882371625642131896e+00,2.778298050237845374e+00,-5.914529363544632545e+00,1.960225901783719138e+01,1.995488709732605770e+01
6.279864032019584208e-01,5.996042232358710145e+00,9.180611417061468771e+00,-3.269259528688226446e+00,-1.385953906297657356e+00,-4.071946256690693211e+00,2.595698718047727116e+00,-1.650361614365637886e+00,1.011202911775866520e+00,-5.711489963692660154e+00,-3.950329436426234686e+00,-2.402080014544691444e+00,-1.486903356402438980e+00,-6.441813306705384434e+00,-4.588048853287118867e-01,-3.424038541662399737e-01,7.495620557262259176e+00,1.361270579439262107e+00,-4.604057113041687188e+00,-1.939427375010007726e+00,-1.205630797377851948e+00,-3.641159913276077464e+00,4.842176184959307683e+00,2.060306588746796841e+00,9.253522019739909510e+00,1.874024273486529113e+00,6.487493713210702673e+00,-5.460392095080488950e+00,-2.010292741203091538e+00,-1.754710376864820676e+00,-2.337450883148085801e+00,4.350509889051893175e+00,2.057156701523055187e+00,6.481393239153995012e+00,-9.620000655166993653e-02,6.792027142526944061e+00,-3.883129199613910121e+00,7.749348739230238259e+00,2.012634526003218571e-01,5.067344144039153342e+00,7.072916371349149856e+00,6.050937796101599764e-01,-7.457105928378497950e-01,-1.161877533500168092e+00,-4.605985953124819510e+00,-1.923545254886205313e-01,-3.538245343478838567e-01,-4.519492679380871181e+00,-5.407298848423273796e+00,-2.052198210142679002e+00,1.981802543248607051e+00
-4.201947227070094826e+00,1.129826918968185723e+01,4.337493493535929723e+00,2.046443605665474053e+01,1.166658620870176399e+01,-2.645789670478567501e+00,9.917592686044301331e+00,1.052717147407845921e+01,-2.561763069082789279e+00,2.120636801683706452e+01,3.108024805289351100e-01,1.235299682995745130e+01,1.601600131772222113e+01,-3.185964231210518527e+00,6.375923880455220960e+00,1.290694389161945921e+01,8.876747525614177903e+00,3.785713264040300174e+00,1.615360474716563033e+01,1.046015411859211142e+01,1.111792742498777464e+01,1.091973462555167451e+01,1.027614068187392959e+01,-1.240150466931689976e+01,7.089802754736052037e+00,-4.944008034308942534e+00,2.881587470848356869e+00,-1.620853867411237381e+00,1.558890918829396277e+01,6.442534256066515752e+00,1.353052246600920050e+01,1.177068966172598508e+01,-5.611443106016728244e+00,9.815164771062311999e+00,7.977008631073769784e+00,8.150985888453112338e+00,1.203230194530988229e+01,8.935786386610825360e+00,-7.276766379507679794e+00,6.055783753840537464e+00,8.676299402582886344e+00,1.221715918052068695e+01,-4.922807218646977567e+00,9.900981264272061821e-01,1.250942490385120109e+01,4.958514112414755814e+00,-3.559729341903017819e+00,2.549832263924619369e+00,-7.623248669043388936e+00,1.472661563118164096e+01,1.910451019063853195e+01
-9.509589136976376977e+00,8.570361413185937138e+00,-1.108342997260498919e+01,1.235989417006039837e+01,1.255727440631183356e+01,4.154251319997639413e+00,1.082001171733970146e+01,1.601769070270142237e+01,-8.617057057129258624e+00,2.528186247246514995e+01,-9.742612962230210449e-01,1.031814311530979822e+01,3.051293613323854004e+01,6.893089159966446999e+00,1.118544673267829026e+01,1.778183387042813024e+01,-1.541092154361889399e-02,-1.668783809650225436e+01,1.317398825780164628e+01,1.431853064540563203e+01,1.319860484241207388e+01,9.553512463377357378e+00,-7.112622371600740845e-01,-1.469227708527582443e+01,-2.535982713738743843e+00,-1.217536737875677666e+01,-5.344269652392646286e+00,3.501754666764687052e+00,1.605629444796578653e+01,1.195394287502957731e+01,1.219326190598999204e+01,-2.176579477657539119e+00,-1.306000984987545621e+01,5.274124333729461878e-01,-5.532156218299294714e+00,-1.095152337558999767e+00,1.304549371294296911e+01,3.332025316633349998e+00,-4.311456275024360352e+00,-1.399880112705180046e+01,-5.561236750855996114e+00,1.256205442310494647e+01,-2.008793354847165702e+00,-6.808368336567909296e+00,1.743260814758983557e+01,-1.044387210986259973e+01,-6.616190544177568356e+00,-5.917919454792727407e+00,-6.960723730998683578e+00,1.852857919867766512e+01,1.678969150988804060e+01
-1.622242647916034386e+01,4.588725822179588576e+00,-7.110071986500233976e+00,1.657261420945506458e+01,2.771198688113535979e+00,-6.340564310530666603e+00,4.236108112111949708e+00,1.260858979741364116e+01,-1.226692930429654638e+01,2.027676135652461298e+01,2.066590801318460180e+00,5.186366539603016079e+00,1.875417427562516082e+01,-3.635107540478147214e+00,6.718629047811491617e+00,1.462654730007810855e+01,1.728892844821955155e+00,-1.513329478162228980e+01,1.529971176397144195e+00,9.342847260849266533e+00,1.931063482107565177e+00,-3.462044832660073013e+00,-1.480573485800970701e+00,-1.736677135805910055e+01,-7.010564215238660246e+00,-1.153976670815126759e+01,1.804957960546747620e+00,-2.656332719950449395e+00,1.093777671938227769e+01,5.446889956445977177e-01,3.521018061169990609e+00,2.174789199957228192e+00,-1.585168580517273185e+01,-1.807873139456559475e+00,3.690564287942228461e-01,-5.885269112208870723e+00,1.382305708796434729e+01,-2.885877156110514097e+00,-5.086835837861899634e+00,-4.771023362497384568e+00,4.962592293630271989e+00,3.824850806497936961e+00,-3.056570901487497327e+00,-3.743902786751291956e+00,1.145800231748780718e+01,-1.478939174492699626e+00,-6.431181616167258142e+00,-5.351041892134265510e+00,-4.741246713626495080e+00,7.272073795995684264e+00,1.277857334049717153e+01
4.437894826282800409e+00,-6.209277716470804620e+00,3.849309928562105299e+00,6.101227737393227102e+00,-7.921091540836234124e+00,-5.490006560341447184e+00,2.630150178298464425e+00,-1.660495706364949253e+00,-8.134228611460255109e+00,-6.137785931704378584e+00,-7.809965437734344817e+00,-3.609401634728221619e+00,-8.054821790046117869e+00,-5.579387269567284591e+00,1.720480723637913378e+00,4.394644614598265164e+00,6.032629175089743612e+00,1.014855037178322128e+01,-1.462633977578840394e+00,-8.978287109251570364e-01,-7.642364887834585119e-02,-4.946996800186949095e+00,5.918997657758048092e+00,5.887894739941651467e-01,9.112434789291688375e+00,3.243339694554653319e-01,7.269724314902008544e+00,-1.274109166060051024e+01,-3.206007213568796033e+00,2.359527417691452023e+00,-1.089875176750122598e+01,-2.164732070553938570e-01,8.243968675430377147e+00,9.701549908900217289e+00,2.447615627111985770e+00,8.643455342627284210e+00,-6.822654258024123397e-01,1.122624925897881809e+01,3.684078103413066074e+00,6.606103999454001396e+00,4.454863307491965685e+00,-1.723802551822774198e+00,-9.055650649197872326e+00,1.053623976833776066e+00,-9.526936855446909158e-01,8.436025502101184514e+00,5.558709837699094436e+00,-1.452040953776934096e-01,-9.478652837862064473e+00,-2.825298673988655196e+00,8.324015530704453880e+00
7.038732223592229609e+00,9.249346614176939596e+00,1.941145282503915936e+00,6.017659863165363276e+00,7.067952011576863924e+00,-8.722772535021766416e+00,-5.835125759159417669e+00,-2.802411131494365826e+00,3.912287988341835554e+00,6.017213823234491166e+00,-1.031950317714538556e+01,9.737579535663352104e+00,4.409737275561874448e+00,-6.730411996323411472e+00,-1.543415826219229103e+01,-3.218378261034101406e+00,1.026282920958438361e+01,1.253625505877416835e+01,9.515232648115206970e+00,4.635101330262238584e+00,1.025852208591371628e+01,9.225248998129730538e+00,1.362303694720562319e+01,1.368809265282578203e+01,9.448951007270096625e+00,4.432460120136118675e+00,9.731448272571384450e+00,-9.595130010317499014e+00,-7.012961582561986873e+00,1.047538022826355153e+01,9.688513118963877346e+00,7.268966943300865680e+00,8.031075643403832842e+00,9.491285798458022782e+00,1.155596964198574383e+01,7.200394870969830663e+00,-6.343580534885299826e+00,9.471979375035054716e+00,-9.560142750792435251e+00,1.739038836663390208e+00,8.793470975016814961e+00,8.563906708114753741e+00,-1.041306370151302474e+01,-1.110879296307432540e+01,-1.344340093385692825e+00,6.908880459273357033e+00,-1.091045284178932739e+01,-8.628872574457290057e+00,-1.530716797791061978e+01,-2.471708715404552059e+00,8.190108189237138347e+00
1.652201049506762587e+01,9.775089320229383816e+00,-1.223795087058371500e+01,-3.622256211472910792e+01,9.765961085718597445e-01,1.441750922027581261e+01,-1.751331847619011484e+01,-1.919107623787699168e+01,1.838523132601500620e+01,-2.329705802218044042e+01,1.360784344105172750e+01,-2.233431599647984545e+00,-2.069006339201342826e+01,2.346082769817921587e+01,-2.137630443851736928e+01,-1.750394813737989352e+01,-1.149264612328077106e+01,4.387828999354786319e+00,-4.367117225617755061e+00,-1.779753548552757181e+01,1.939182504658490291e+00,-1.113732345287268277e-01,-1.528904234749382240e+01,2.586916752020368193e+01,-9.056983218804028013e+00,1.601257091005040323e+01,-1.499425078143173629e+01,1.978861926235243018e+01,-1.703445531570669047e+01,2.141057826115899232e+00,6.045705899099834468e+00,-9.055305324504288933e+00,2.276329667680825963e+01,-1.909663747587998017e+01,-7.793713151440421427e+00,-1.303868141143972181e+01,-1.667417531870538383e+01,-1.754534882730692757e+01,2.110912742743127346e+00,-1.343452814773171689e+01,-1.551068066720626071e+01,1.245950542647856096e+00,1.665621213166795300e+01,6.747960360344110953e+00,-1.137623213514050668e+01,-1.980696992679114743e+01,2.151716898040602288e+00,2.544203364587500182e+00,1.403427231372259243e+01,-1.322436953867033615e+01,-4.023555411072532451e+01
-6.615500705776812040e+00,2.123900631343186074e+00,-2.990880033632646651e+00,2.681284100797599823e+00,-1.255529766134369618e+00,1.122551263817988243e+01,5.491031064110003967e+00,6.303415463683286646e+00,-3.517247714283703974e+00,7.039023313475434307e+00,4.962325782469460655e+00,-5.006299957539940060e+00,6.779746085501280106e+00,7.325837147285726658e+00,1.630989304116109295e+01,1.041878585579889993e+01,-6.025010415940812436e+00,-1.267788849348756663e+01,-2.777006988487795702e-01,5.418444501503730137e+00,-3.905367662785390159e+00,-1.139199956611983033e+00,-4.606431598648219605e+00,-7.801066471305694527e+00,-3.983518154094958241e-01,-8.433910376675408216e+00,-4.090227382132595402e+00,3.913172618840113692e+00,1.068590944998254955e+01,6.790721898517710908e-01,-2.715914480354804095e+00,-3.251604157348979562e-01,-3.902946927262591625e+00,-3.434457278514087442e+00,-2.225289562054664216e+00,-6.988103807083664520e+00,7.450770381814416865e+00,-4.615971117410846425e-01,6.748255502800944328e+00,-1.552483831418852933e+00,-4.796058907333446086e+00,-5.350325585914359472e-01,8.499079208873054014e+00,5.204418386140140740e+00,1.088707752895752456e+01,-4.681757282597094338e-01,4.357749178139178170e+00,5.291209901829212470e+00,9.990960336530783081e-01,7.783713494467713545e+00,-2.315965359885104213e+00
-2.732862849016930440e-01,4.010144608639615527e+00,-1.106446155373198792e+01,-4.402998988943610748e+00,3.899171707517442798e+00,-3.409074297728730496e+00,-3.186160126184048202e+00,-1.158516188083744858e+01,1.886036687282296009e+00,7.052581922531862446e+00,-7.257232407238098482e+00,6.487820697529231850e+00,-4.902374646558135041e+00,-7.697245254108017853e+00,-1.823662077566742568e+01,-6.090810322076259276e+00,-1.177602758074310252e+00,8.959307214866241154e+00,7.546717099457699085e+00,-5.751404380034515817e+00,7.031421328606555221e+00,8.315992628405524556e+00,-5.314021678477001132e-01,2.085984300731903662e+00,9.510848596679721823e-02,-4.882063108101332816e+00,-4.233691894628989871e+00,-1.078211016309080428e+01,-3.235014116143789753e+00,7.523215541308858612e+00,5.407531756990724858e+00,-2.407119160847671413e+00,1.258880028868821999e+00,-1.883843613136142459e+00,2.105350477122531316e+00,-1.581839451276318087e+00,-9.430149614812890491e+00,4.773300758875489436e+00,-1.247979535052379418e+01,-1.109396859794837198e+01,-5.058140187341654936e+00,2.050913994314083943e+00,-5.459969321723862734e+00,-1.053331415455242848e+01,-3.636735004688298467e+00,-5.731672641938697410e+00,-1.099268405418911065e+01,-1.563986247437932775e+01,-1.342941857761750413e+01,-4.551015424507985685e+00,-2.380626350277893266e+00
1.946961602956686832e+01,-4.484978236516859340e+00,-1.181033229646056171e+01,-2.600035197933725684e+01,-4.978022832977845091e+00,6.255801934553357313e+00,-1.917943330582102845e+01,-1.671103471749279379e+01,1.466743577873093862e+01,-1.400078841320815748e+01,1.327769738719096004e+01,-2.918945684643493355e+00,-2.203755162054721950e+01,6.244950042809151114e+00,-1.764673025066566225e+01,-2.173095338873299553e+01,-8.641588974980276561e+00,9.396535940397779285e+00,3.586979545345931886e-01,-1.644956451369301575e+01,9.055847994461672101e-01,-4.624127645136583808e+00,-1.095960176105503336e+01,1.135570685959293158e+01,-1.406590281346830551e+01,1.875841882422755091e+01,-1.053943090941193717e+01,5.201423452668755942e+00,-2.305951138889545859e+01,-1.308865306096439696e+00,-8.402976984821910023e+00,-7.037121499333638397e+00,2.047936925025688737e+01,-1.238162899329108768e+01,-1.088421112767409937e+01,-7.212424389523396151e+00,-1.335164042447529198e+01,-1.243978142393689623e+01,3.289726929836515268e+00,-9.820536274374203956e+00,-1.242305968828534013e+01,-2.624702446058547078e+00,1.119443372407190829e+01,2.254932992146729376e+00,-2.137379825666327804e+01,-7.891482882304803326e+00,-4.536685473535770008e+00,3.645344867683077972e-01,1.253238413524862871e+01,-1.553101557709037372e+01,-2.966153427406202425e+01
1.506431986661486455e+01,-1.215807775005552704e+00,1.416121767647678276e+01,-1.587369585886215262e+01,7.105796248813600613e-01,-1.015282551833541191e+01,-1.154879490475878967e+01,-1.359755819891161366e+01,1.973294406444124505e+01,-2.182673367313525503e+01,-5.079642908836111914e+00,-3.500389397115573509e+00,-1.860491100677473497e+01,-6.275772645313175246e+00,-1.158693197617871817e+01,-1.314935220728905918e+01,9.342806228302455551e+00,2.318317602210857586e+01,-3.286971625803899233e+00,-1.762343472288521440e+01,-3.277194094333925278e+00,-2.382632394289605049e+00,4.735301500629198301e+00,1.646275516227320779e+01,5.799078074706727648e+00,1.327249430224371451e+01,4.779675301406584254e+00,-1.437030814414407498e+00,-1.345026982851871367e+01,-4.670314994960976129e+00,-2.434257737021424006e+00,1.469499032361791180e+01,1.715286967249538463e+01,1.031774711795614330e+01,8.476822528150561809e+00,7.506396244219587288e+00,-1.253314545588134976e+01,6.571429468463422907e+00,7.296036860211442487e+00,1.462917330792878445e+01,9.335168555221153852e+00,-6.210440997723150502e+00,-6.142249166032156538e+00,4.583732463838880555e+00,-1.375874456692496572e+01,9.668529405211234717e+00,-1.416847475237562826e+00,4.714593194082000949e+00,-2.637945136474629582e+00,-1.485903971032909077e+01,-1.343424779203646224e+01
-1.168398716102479185e+01,-1.547282911830027086e+00,-4.819258371298639432e+00,6.354142982094144187e+00,-4.325206235004399602e+00,-1.478904305803871111e+00,-1.530928279285998173e+00,8.669638815125589204e+00,-1.138806643682363173e+01,7.083514859670327901e+00,1.362999582762337347e+00,-2.755139874614494833e+00,9.520488458619542627e+00,4.955286127968328458e+00,6.441007681570085630e+00,8.398401533412618747e+00,-7.773968353777044982e+00,-1.653737409156515525e+01,-3.662276245148740728e+00,7.703852899680724065e+00,-6.703284413185375712e+00,-6.584438362931718913e+00,-8.765493311427032808e+00,-1.208408149394240105e+01,-5.822150275022742960e+00,-1.114716562746482964e+01,-3.485398640776179668e+00,3.492715793380272160e-01,4.466979743066412212e+00,-4.524311811442614406e+00,-6.731929112927200975e+00,-3.904573012784497532e+00,-1.435726789788823332e+01,-2.245009565631256976e+00,-6.599377112214060759e+00,-7.500780636136702206e+00,3.393307597190114322e+00,-1.356978284721685490e+01,9.477065362539738302e-02,-2.760226954567303714e+00,-3.172306750844088974e+00,-2.917924527754161446e+00,3.989505852561848087e+00,-8.982180156718289510e+00,7.859684925841004421e+00,-8.200049956696169318e+00,-5.327790087167254107e+00,-3.602630193525009794e+00,-2.712447702078453649e+00,3.757012622728215234e+00,-3.914545899095398518e-01
7.667852772914574011e+00,-5.482466133673329800e+00,1.528307507829079270e+01,1.008994089900362390e+01,-8.116161549688321042e-01,-1.120273236881477885e+01,-5.305959767946450967e-01,6.788304617130880736e+00,1.748931479310594783e+00,2.045824366815194750e+00,-1.562375370465113766e+00,-4.765777267294987851e+00,4.047118361934979980e+00,-7.403924492939376378e+00,1.542249496477168025e+00,6.442059616825455137e-01,1.364415509248777170e+01,1.264355563230419932e+01,5.138027318863361614e+00,8.165508555824689818e-01,3.053795739977257284e+00,-2.714320211545889094e+00,8.363219984022807196e+00,-4.696937619868577052e+00,8.688019091564198604e+00,5.859106886450247131e+00,1.445357074440787137e+01,-3.354422828041258242e+00,-9.746114071783297250e-01,-4.615289376331138449e+00,1.597514020561166426e+00,1.410377983702371196e+01,3.896700340305923493e+00,1.002904209010286429e+01,8.612890956279445120e+00,1.318735650982390517e+01,1.373462257512068296e+00,1.517293676427523863e+01,4.054590476043336444e+00,1.749095876556142315e+01,1.615150855931302942e+01,1.052033856221271213e+00,-4.528744847844645705e+00,2.909734361715414774e+00,-1.687083213369783063e+00,9.008228837824338697e+00,1.344150756035285887e+00,7.580806393465678639e+00,-1.123064634267174711e+01,-2.746338127372161431e+00,5.280108722657967490e+00
8.896874810422204405e+00,-9.138680229259598775e+00,1.250316484923736660e+01,-9.486925652986551327e+00,-1.310963370798976158e+01,-1.974370096541336217e+00,-7.055656753727076236e+00,-7.946791307040122376e+00,6.359482768158915000e+00,-2.099092584402330175e+01,3.597254311623754308e+00,-1.225127884318128935e+01,-2.097110262637290390e+01,4.197984954499980326e+00,3.628046786371780241e-01,-1.384882915120675762e+01,-4.369138226773454647e+00,6.132446721394040345e+00,-1.003080213918187624e+01,-1.219742890210804731e+01,-1.424780804868765038e+01,-1.421657127885953820e+01,-3.883454571042850301e+00,9.414554271101220451e+00,1.003588229200433668e+00,3.853794567342192501e+00,-2.163853809130989347e+00,5.284640154057646200e+00,-1.315800365966511265e+01,-8.844028341743722876e+00,-1.868055402760880668e+01,1.109125818824835630e+00,6.836062326571200387e+00,-2.995377508915789910e+00,-5.666341962444722213e+00,-1.078731015809304417e+00,-6.040281383470556875e+00,1.901022417873019288e+00,1.152117235568558939e+01,1.277707766623397845e+01,4.729694122921407340e-01,-1.016314175684692600e+01,-1.747086203699840246e+00,9.379133382494330817e+00,-6.062371320820378884e+00,1.097962405580481082e+01,1.212590977751129095e+01,1.040439377684329436e+01,6.465231962626782902e+00,-3.558859588280797404e+00,-1.255724230905695826e+01
-5.310358421724132860e+00,3.292313389885209496e+00,-1.012565424923972390e+00,5.684989285904279654e+00,-1.773497907505398707e+00,-1.195669254135329496e+01,1.676382210365257919e+00,-4.833238797908455453e+00,-5.168670772746372322e+00,-3.856071992332299025e+00,-1.763030600206646170e+01,2.218563136899787125e+00,-3.854220147555414755e+00,-1.969697425471625962e+01,-1.190057811798168430e+01,-5.460542090255087189e+00,1.704380408462226271e+00,-3.028464948283877689e+00,-4.268938196898885096e+00,-4.949181744365104052e+00,2.499510526096707874e+00,2.257540761212162739e+00,6.936034184284984860e+00,1.569484844100284437e+00,8.032652815665441537e+00,-1.231498913283966345e+01,5.901020931952174919e+00,-1.528620540891714263e+01,5.039147186657363386e-01,5.201459986162308979e+00,4.105195017165108595e+00,8.200287567162272140e-01,-9.078724226621671889e+00,8.389799781266834344e+00,1.079589028574789999e+01,2.464247268149486025e+00,-2.881556782292995056e+00,8.339876281004395153e+00,-1.122709788047149893e+01,-4.542988619412907880e+00,-1.130862044935427413e+00,9.726265034084611294e-01,-8.920801868492761244e+00,-1.284450876547831832e+01,-1.460809227537264832e+00,9.511232175897492702e-01,-5.595384798082895017e+00,-1.123058875141640911e+01,-2.025384270362567207e+01,-4.457942184716654488e+00,4.477634925577559599e+00
-8.515237867020214679e+00,8.719218489121939086e+00,4.231270433728528957e-01,1.579745503812771545e+01,1.083742105923400167e+01,-8.862715732399681912e-01,1.742068269808616066e+01,1.504590799807739288e+01,-8.465945104317341929e+00,2.191622205012105695e+01,-1.111191307503305303e+00,9.355491433657313394e+00,2.599383016951020409e+01,3.782504990002868439e-01,1.491633743402999812e+01,1.556155974528787489e+01,1.057938056482237421e+01,-1.296906171795540352e+00,1.342677709317017332e+01,1.623768922681195903e+01,1.484631292246950451e+01,1.342160681063356620e+01,1.448490915830674020e+01,-8.191207803158768286e+00,3.397241863957711328e+00,-1.236841232399264179e+01,4.863240027224147610e+00,4.471767696836497663e+00,2.077364496777497394e+01,1.515344083002162634e+01,1.596400342906638770e+01,5.097417700806474272e+00,-1.055861464587207621e+01,9.990108124807138168e+00,2.273000323489602792e+00,3.007536851925165955e+00,1.571012474644369661e+01,5.705272163586172063e+00,-5.254766109172089195e+00,-5.587238153292831910e+00,6.184933234255820977e+00,1.480268550114698556e+01,-2.489593088210101612e+00,2.334045807536504924e+00,1.670916559157306835e+01,-1.522487262827973531e+00,2.351675761758098560e-02,-8.903187122144339938e+00,6.477504550389312499e-01,1.463154308114520141e+01,1.994231330512607059e+01
-1.828596683857168514e+01,7.395744012266384004e+00,-1.234536523490443471e+01,2.925391872555044070e+00,1.159338359707436261e+01,1.719919096043767937e+01,1.730547472871281656e+01,1.915437484092243281e+01,-1.256566080805829344e+01,1.828552727481617168e+01,2.028344782107955524e+01,4.174665305793920922e+00,2.704031465037271786e+01,2.301355698313982501e+01,2.273060950314784989e+01,2.542411855194294645e+01,-1.393570133678039369e+01,-3.597411960756958393e+01,-2.883012141634013759e-01,1.764679696496618888e+01,9.180437741411795471e-01,5.381656158185156080e+00,-1.286255697940509179e+01,-1.757550907574251653e+01,-1.319768480530543542e+01,-1.801326298437711415e+01,-1.598210433618325510e+01,2.079024834582236636e+01,2.344189559306476411e+01,1.472592192553749291e+00,1.177430916459414334e+00,-1.193052150029361691e+01,-1.524560355749635576e+01,-1.187611204758142058e+01,-1.335955355547161361e+01,-1.304011734616977058e+01,1.710097149070844225e+01,-1.808101866696483384e+01,2.005257770617312474e+00,-1.406390726645377143e+01,-1.307064399090423379e+01,-2.080913586207003174e+00,2.389063561353873766e+01,5.641552879662429909e+00,2.536058862878376630e+01,-1.481633010508093129e+01,4.798432602522794355e+00,4.517512522583006174e+00,2.254944100492809866e+01,2.309886714458924573e+01,2.192450207323661360e+00
-1.356487818401271417e+00,9.032841860053489214e+00,-7.875152961359050963e-01,-6.668463351987007570e+00,3.116496173562878447e+00,3.649104635676943875e+00,-7.340887181265668637e+00,-3.584305186001967236e+00,8.606625150993901130e+00,-5.680031543275243067e+00,6.099129318129927313e+00,5.043412194540713323e+00,-1.390685432455358583e-01,4.843413766973228007e+00,-9.325599935434711441e+00,-3.119010732823931153e+00,-2.308646764954784381e+00,-2.976836801269735489e+00,1.914652989923512960e+00,1.345493517207555279e+00,-1.637131265754297793e+00,5.309302145338826051e+00,-7.716511008201331734e+00,6.348096057188884700e+00,3.474342302558730111e+00,3.039212844628239374e+00,-1.675743519983252661e+00,6.025362183818764983e+00,-1.088469777454980525e+00,-2.107029648700280422e-01,3.534923002990359109e+00,-5.906087377225157198e+00,7.733249795257250980e-01,-4.541676120011622686e+00,-4.868461516561107594e+00,-1.654567145906270298e+00,-5.636488873207984973e+00,-7.170635007371618741e+00,-1.479717828104558652e+00,-4.639978829911736824e+00,-5.246495968528568810e+00,-3.053587583313499110e+00,9.632031803022599092e+00,-3.111187974663193856e+00,5.481499947893107461e+00,-1.107724719061671870e+01,-4.799334538895916324e+00,-4.448841757537930874e+00,7.540227261119770041e+00,-1.819860689733659997e+00,-9.576692670496882442e+00
6.436064734802453557e+00,3.538567015142765726e+00,5.968005208355152469e+00,4.211403294425196009e+00,8.810202346267525186e+00,-7.697528255428466082e+00,-7.079639607127998779e-01,6.231842425931291451e+00,5.049005204690899973e+00,5.815212652720502362e+00,-3.623326833135748881e+00,9.407053047068391294e+00,2.644605720332435350e+00,-2.911942496590246066e+00,-6.161947969684112181e+00,-2.866762200796444837e+00,1.258846156240583980e+01,1.664084354510586650e+01,1.009539786342608281e+01,1.617990515289274622e+00,3.489876575893842592e+00,8.583466018340189407e+00,4.289058648644306970e+00,-5.690632657161927010e-01,5.807497613986955187e+00,6.560007765477186226e+00,7.723473594046097013e+00,-4.847571495215235338e+00,1.163229816645413806e+00,5.722911163212209829e+00,9.490681834301154751e+00,1.499109930654729084e+01,4.903010814768954617e+00,1.116020745835952965e+01,6.126279305453989465e+00,1.517980372776368547e+01,-1.477964113280232805e+00,6.757744492878872578e+00,-1.024361908510767805e+00,6.904918372450089770e+00,1.530496060064792196e+01,6.183141528720828006e+00,-4.940342942343075805e+00,-3.338430675496379507e+00,-6.700331544284189533e+00,8.464099758977223331e+00,-2.474186628458131754e+00,2.445581312463465107e+00,-1.355974382292156832e+01,-2.832172150492981544e+00,8.526842176571280518e+00
1.506891921672944790e+01,-9.608340032686596643e+00,1.618090902961316857e+01,-6.853862702521342776e+00,-5.099411227869304675e+00,6.606563742408219753e+00,-9.602738310927620091e+00,-9.324829815145847078e+00,1.259686014532473841e+01,-1.882797346221933665e+01,6.307567727367747956e+00,-1.028106481092569524e+00,-2.012249125989693965e+01,6.518478553775968187e+00,-3.747748493570096429e+00,-1.146206179568379646e+01,1.726360970430739439e+00,1.994330550880615149e+01,-2.413868267387352162e+00,-7.920982634678967571e+00,-4.128907327163148899e+00,-6.459140809875165701e+00,4.576302761278968845e+00,1.073527479328007317e+01,1.890773402614371435e+00,1.959027836916842347e+01,2.123397862144937420e+00,2.182858555060152916e+00,-8.432174866631353183e+00,-3.422347895878320223e+00,-2.170193852826402647e+00,2.340136509795027298e+00,1.619784109828587049e+01,3.392890443657840649e+00,8.746688752744973261e-01,5.292635154019183830e+00,-7.688499243729328469e+00,8.395750395102007602e+00,1.321296574981372984e+01,1.010145618076460217e+01,-2.639330576532043615e+00,-6.051318769354050886e+00,3.176507249625707630e+00,1.465814827244610896e+01,-1.031186941208917851e+01,1.354660014549743607e+01,6.937010963721412793e+00,1.525212188698203164e+01,2.129883422083553413e+01,-6.034489473928684511e+00,-1.031392245948014441e+01
-4.021841902718175099e+00,-5.504429124025357112e+00,5.680365958380908076e+00,-9.677915166559547089e+00,-9.617577381298772821e+00,-4.027357282914865166e-01,-2.037127586091187492e+00,-4.777619731930657920e+00,-2.733508546813429696e+00,-1.317453795011508433e+01,3.372136536751639824e-01,-1.017635485391364369e+01,-1.190726433742275248e+01,6.520762641170096074e+00,7.833358503674587858e+00,7.107921082614556685e-01,-9.175386664569725070e+00,-8.454298535115702506e+00,-1.216673531649334805e+01,-5.027076075652997744e+00,-8.360456746362924463e+00,-8.832952412047880841e+00,-1.051262334967593048e+01,1.280965323719771565e+00,-8.511892222004769692e+00,-3.797060191819304542e+00,-2.682781271517934663e+00,1.534640465582796320e+00,-2.151176833845163117e+00,-8.343456118031731705e+00,-1.317105282184835957e+01,-7.449584340327049858e+00,-6.122351561870799763e+00,-6.867700817269064117e+00,-3.421524706574228247e+00,-1.154114938216294206e+01,-4.211964839386558523e+00,-7.216200689702290560e+00,1.605791051893353583e+00,-3.784219752403785719e-01,-7.964455621584969336e+00,-1.277496653747279609e+01,1.224162288362116602e+00,7.762606243952300034e+00,3.092207855298818586e-01,2.260484915648834914e-01,6.248237299043781334e+00,5.176116085963045066e+00,1.431897641166853674e+01,1.869834086916606797e+00,-3.322397589534200613e+00
-7.320241178200063814e+00,1.358257053874807108e+00,6.000429029555981231e+00,1.275416936463144246e+01,-1.580013539878579953e+00,-7.427978448641781029e+00,9.079610580780059337e+00,8.808412373940223361e+00,-7.800601815342543155e+00,6.796049304397815405e+00,-1.220661302985931762e+01,-4.577182576905999056e+00,5.836061241992216431e+00,-1.385629560436397867e+01,8.306445952283283418e+00,1.314723114254126202e+01,4.478820791064138440e+00,-3.536531664943650899e+00,-1.367751801005118395e+00,5.895765642091781444e+00,1.885365439328557935e+00,-2.296312057200687207e+00,6.603151565345091178e+00,-3.771530991493865503e+00,1.133118375785189613e+01,-1.558342011567566132e+01,8.278736550737521682e+00,-1.496098254844081232e+01,6.690745273476666810e+00,2.813319416119934413e+00,3.971647721704039680e-01,4.978371498670073336e+00,-1.512509147991877789e+01,1.127350671396963122e+01,1.081074464310814420e+01,2.410680844255345789e+00,8.330164450091915640e+00,7.917308887252344718e+00,-1.749538992177589236e+00,2.736976477494678761e+00,4.575274642763713651e+00,-8.070895919828926068e+00,-6.305319790389347645e+00,-2.042597075189352740e+00,1.228470635315184012e+01,1.049180078239559855e+01,-7.623369706663611911e-01,-1.812789673503567567e+00,-1.047845931081641346e+01,6.360834326666281235e+00,1.467411467425598026e+01
3.467566022645915780e+01,6.666902143275965642e+00,-1.440270267103561608e+01,-4.087022055536249354e+01,6.268233398265405931e+00,1.074993673998123356e+01,-3.783780620505920922e+01,-3.097242642678176949e+01,3.288792674497506141e+01,-3.285918465488889240e+01,1.039217093414369764e+01,2.874158940177582444e+00,-4.003637922479379796e+01,1.099019907229935100e+01,-4.330498753738828555e+01,-3.324460274132183457e+01,-9.062546517114769884e+00,3.185078406158033815e+01,7.195636213289868799e-01,-3.576519541652422163e+01,6.399264283381173257e+00,8.886870446162435044e+00,-1.080843198910721625e+01,4.119371319170048196e+01,-6.899432702007475271e+00,3.459589143469406736e+01,-6.221395029978587843e+00,9.553808312285632098e+00,-4.006455615727177388e+01,3.841358300961373651e+00,9.111095991685992601e+00,-7.082063838362419261e+00,4.225577428255460433e+01,-8.333206552685082258e+00,-6.806998299950619113e+00,-7.128773692547967222e+00,-3.070699043341284096e+01,-8.003113581778492858e+00,2.441957360549915634e+00,-1.179317043456758007e+01,-4.904303745389309910e+00,5.348839396861865936e+00,8.138227758357800212e+00,-2.098005065894551269e+00,-4.361779546514144812e+01,-9.630474673513880646e+00,-2.266320489155910778e+00,-4.825496476088573239e+00,3.042615237340831946e+00,-3.254554317627587778e+01,-4.205302016560553824e+01
-8.762045094486072827e+00,-1.079516144510986742e+01,7.618479003428284102e+00,9.263675208250340631e+00,-1.236990607519895136e+01,-3.943081709627747067e+00,8.677460074787752831e+00,3.351633715227924526e+00,-7.156137414172514255e+00,2.979622244448982826e-01,-1.054755975077739194e+01,-1.197243445186665589e+01,-3.464636274131542848e-01,-6.319140925772339656e+00,1.299436426014631785e+01,7.450048472032801961e+00,-1.306657198217958893e+00,-8.001443724783969813e+00,-7.559002186455694883e+00,-4.426225907432623785e-02,-1.060843486763466181e+01,-9.428362563148791509e+00,2.490681497581345383e+00,-1.313406013734525679e+01,1.336021111917389703e+00,-7.030626570627636518e+00,-1.993673154203807307e+00,-7.712950441026951154e+00,7.134753207254464158e+00,-4.354450372202563813e+00,-1.298844121865005619e+01,-1.943582985661088891e+00,-1.542920803539348285e+01,1.838198935643255982e+00,-2.680292044196979084e+00,-9.945507537605120518e-01,6.241749935199258914e-01,5.145227095070715961e+00,-2.891565590705718058e+00,3.304958484039320687e+00,-7.733465674768666531e+00,-1.076532202111669534e+01,-1.082611868031635005e+01,-4.059827895800695252e+00,8.085974932000160820e+00,5.319754240265291756e+00,1.263083663269421564e+00,-2.666031485358259623e+00,-2.245253642478719502e-01,-1.440401727577763857e+00,7.592725768715279600e+00
-2.335842928469374691e+00,1.568669434451617439e+00,8.770019478471342111e+00,7.208686658907536682e+00,3.454202673141149482e+00,-6.628356981611582377e+00,-1.056246101307048990e+00,-7.080499864219603090e+00,7.294012285427781128e-01,-1.482292121696197951e+00,-1.109967069622850566e+01,3.134251569735531540e+00,7.361333896841872892e-01,-1.548288460998043803e+01,1.291268236486963428e+00,-1.594163294183668089e-01,8.056571616863665852e+00,5.350129279989196185e+00,4.868453483866073128e-01,-3.029370169298376325e+00,2.952881702560339772e+00,4.020289868063717797e+00,9.752378512589624293e+00,6.182762620883767823e+00,2.910765478239027537e+00,-3.119423083013671771e+00,6.734775282544672947e+00,-8.144426194731089197e+00,-1.731707668704240533e+00,3.016449352131596040e-01,1.395423098799328798e+00,9.999524990473879882e+00,-2.406579021365074844e+00,7.799644410006085771e+00,9.621729142923495459e+00,1.687392051304219764e+00,-6.508282857426109125e+00,8.970354426645277712e+00,-6.241426707522842676e+00,6.213431144775921844e+00,3.380639177839415144e+00,8.388152284126123570e-01,-9.668004721668596702e+00,-9.422768002188997016e-03,-5.560620095789330364e-01,8.473650728022024126e+00,-2.308159750088537354e+00,-4.027794381069430552e-01,-2.872447967915531919e+00,3.638648498274730692e+00,9.962514935731727306e+00
2.137076322616099366e-01,-1.277310198658559237e+01,2.642951592015500495e+01,1.514044615793447335e+01,-1.309570889556534645e+01,7.849340046261099602e-01,3.176822895308791583e+00,-7.098424213185416942e-01,-3.508040353972330827e+00,-6.230463194658067749e+00,-1.323734672128780154e+01,-1.118263353800898230e+01,-7.410468786908299244e+00,-6.161595182480684940e+00,1.907397904374708375e+01,5.919590934849616737e+00,9.696379074047634106e+00,4.496354383664575849e+00,-1.274498853378161911e+01,6.349192136025713751e+00,-1.606301321757432987e+01,-7.516611779632744295e+00,1.406701851636237954e+01,-7.270913803567628619e+00,1.801680136674799826e+01,-6.210444345530831356e+00,8.276818140922463485e+00,-1.044117650328825242e+01,3.454614662907536271e+00,-1.123527151140084968e+01,-1.744609762259572605e+01,7.998026154995427461e+00,-8.254606577782324095e-01,1.906488844357526347e+01,7.106882440654417543e+00,1.133362783541736185e+01,6.965626182048795911e+00,1.922845405516914497e+01,1.805460297237221923e+01,2.181853033381639762e+01,9.262863532431538260e+00,-1.471787659071725507e+01,-1.086141346189161894e+01,1.478899859846769616e+01,4.263595337227530813e+00,2.458480389823503032e+01,1.762707064159094017e+01,8.562072106837486984e+00,-3.432639664288799075e+00,5.159446236417924325e+00,1.339816218888655897e+01
-6.465391387887589048e+00,2.290070120796236175e+00,-9.156247326156737643e+00,2.006091208596231468e+01,9.429321510509980797e+00,5.011062932989342578e+00,1.518189964704535200e+01,1.538138182696450684e+01,-1.031248872750306944e+01,2.386921358833835072e+01,6.603136975965027133e+00,7.983664764651244639e+00,1.562036541986562099e+01,7.575680559718996676e+00,1.093420089140853690e+01,1.520169576580163628e+01,2.795110925869024321e+00,-1.459097445544679772e+01,1.232774446160586024e+01,1.456775033321053137e+01,4.778351568200143618e+00,5.074972731515618563e+00,-3.354049470871101946e+00,-1.350900859701243029e+01,-6.310904735934006471e-01,-8.744189103004682551e+00,1.592113060956662496e+00,3.898003818270310283e-01,1.609504051627610366e+01,9.124574982686636915e+00,5.740216200104956812e+00,3.353824659865994873e-01,-1.034035273422354351e+01,1.882523242778525896e+00,-7.364826463216346264e-01,3.282960587580739720e+00,1.551787163348097209e+01,1.163234817714104530e+00,-5.729632962509390026e-02,-4.526911283057022395e+00,1.766406354822107616e+00,9.551526421219826091e+00,3.953570929026029912e+00,-4.621319697827416029e+00,1.025846183084358998e+01,4.351146386872105865e+00,1.579110576364364249e-01,-2.830545763946464177e+00,-3.783620676608793865e+00,1.156214103497524448e+01,1.595499216132757425e+01
-5.080191923218045247e+00,4.129182458753260399e+00,1.054182273255924152e+01,1.321480559999005422e+01,2.819272334361972998e-01,-4.295701641359553236e+00,1.549967231449264382e+01,9.531132671816429536e+00,-7.002754528435422898e+00,1.312045261759140224e+01,-2.758394449962639161e+00,5.638720940347395683e+00,1.390820721390468329e+01,-1.805968198930831825e-01,9.695286257268993069e+00,1.519851722896774859e+01,8.025236327786334556e+00,-4.363632703758341336e+00,5.121691623791551073e+00,1.290567162209385543e+01,-7.372768336768551478e-01,4.884692557129332258e+00,6.423065312745756650e+00,-1.662296506326294221e+00,2.515670482723259660e+00,-9.787169527137031366e+00,5.855096585954159494e+00,2.336251808340543690e-01,1.271878722328648514e+01,2.550824187454352909e+00,-2.720246967421324769e-01,6.506290742644679881e+00,-6.883155759383530636e+00,8.695876471337040670e+00,8.304414248318245484e+00,6.330533080442020122e-01,1.432155063212492685e+01,5.134829518006049476e+00,1.350368110872083971e+00,3.585530731698865825e+00,3.378302324731848216e+00,4.504713596348405957e+00,-2.678664816093478951e+00,1.963473723477643595e+00,1.411304233096754857e+01,2.418225702442978076e+00,5.318717944533324360e-01,-1.661422351386460550e+00,9.469175741478226271e-01,1.267485463954125180e+01,1.620632528696344110e+01
1.503173370407723919e+00,8.253980720578386610e+00,-1.198219204070692712e+01,-7.800595279118460290e+00,8.610475603176146464e+00,5.381754476165802714e+00,-6.454544229241432340e-01,4.742675520660200039e-01,1.741375296340319734e+00,7.602369296116677333e+00,7.311305461217298962e+00,1.007231492995301281e+01,1.279705299124996198e+00,8.431836226339546769e+00,-6.025356583609915440e+00,-3.707273182696652625e-01,-3.234022278890501312e+00,-1.821171924648990359e+00,5.922060687539033808e+00,-8.165798412647884419e-01,9.521867490019898739e+00,7.318833365258643475e+00,-5.632956804486504154e+00,2.317067423938879767e+00,-7.544323899666962596e+00,4.764421711964155648e+00,-7.345909677948693428e+00,9.324019536605598901e+00,2.780795282343500929e+00,4.184122842537831843e+00,1.119999463006636375e+01,-3.940895248718901289e+00,6.064427499222079909e+00,-6.043477160230514400e+00,-2.828382941232740144e+00,-3.304973725077189783e+00,3.525072744761856391e+00,-2.999924818406469740e+00,-4.993457310668667049e+00,-1.347455044133907442e+01,-4.388586307420449195e+00,5.731036189179058660e+00,1.173626963894810338e+01,-1.099454227315244559e+00,-4.644579500877791034e+00,-7.213054567353603730e+00,-7.092742485049264189e+00,-1.334431351835466906e+00,3.187510740645081331e+00,5.541252034619709832e+00,-7.279477483626852319e+00
-2.307760334895222343e+01,9.006387483216990120e+00,-9.924310701989289996e+00,2.570580821433640395e+01,4.900875972798129254e+00,6.291884914511375548e+00,2.512800182504425095e+01,2.690958782102953606e+01,-2.668166515548959339e+01,3.546285270347902951e+01,5.026681767417894520e+00,5.896418328657374808e+00,4.250103387502366559e+01,3.790647746914816096e+00,2.095621870123305186e+01,2.779986487749569335e+01,-7.092403874133093034e+00,-2.380230384507243002e+01,1.113736803612651372e+01,1.707773986714995829e+01,9.031381537023186468e+00,4.225630019902995471e+00,2.060719236392722475e+00,-3.083209757121988659e+01,-6.568135446035300085e+00,-1.838602445290762333e+01,-3.183589259507586089e+00,4.084442796220750793e+00,2.937256423528504357e+01,4.817369893380844204e+00,2.856600230452786437e+00,-2.990305019771721362e+00,-2.938166836082221067e+01,-3.921881904709564548e+00,-7.420658966000591050e+00,-9.697465182688969065e-02,2.355279407951457316e+01,-1.824578954053594604e+00,-5.203866471526067627e+00,-1.292103921587465187e+01,-6.651548413333684628e+00,1.011663510396901700e+01,1.012884514129057045e+01,-6.506075180829245852e+00,2.086208322740241172e+01,-3.130344798066863277e+00,-4.427017805541726858e+00,-7.638371560780353065e+00,-2.728290821746348627e-01,2.512783645690547729e+01,2.710523420154795460e+01
8.560752958238285970e+00,-2.236010079140966056e+00,6.295164747440556319e+00,-3.588091780711202272e+00,2.323589526817239292e+00,-9.813618052071504394e+00,-1.527696120964748161e+01,-1.659734425437741123e+01,1.244390503090185263e+01,-1.346987726128800311e+01,-1.204727373996345108e+01,-5.893393934652314314e+00,-1.245435505105965390e+01,-1.359138629231858353e+01,-1.695478117556627851e+01,-1.383747278932344393e+01,9.357794308365116720e+00,1.834020241257187323e+01,9.027139705289357607e-01,-1.638437845195674925e+01,-1.606668291227168588e+00,-8.186594106637166135e-01,9.403024042273850469e+00,1.337609037350163810e+01,1.354171487124442308e+01,1.033326604005089777e+01,1.204773648613518411e+01,-1.155730126626664145e+01,-1.258102277889781817e+01,-6.560948433370815458e+00,-3.658697043424886441e+00,8.668458025689707469e+00,9.136315180528235658e+00,1.277526135922849448e+01,8.553587617482889982e+00,3.347915686324613560e+00,-1.291297767851248679e+01,1.160334413005715426e+01,-4.314227340799403621e+00,9.847743362471694795e+00,1.035240335823468882e+01,-3.751995919200877605e+00,-1.371494605044532733e+01,1.507624678126753714e+00,-1.215235952999523050e+01,8.677203308229628931e+00,-5.641361673521355868e+00,-1.569803843008501731e+00,-1.054648638191863874e+01,-1.560718192787977188e+01,-7.165784293547868167e+00
1.980959059895421959e+01,2.187654933377835675e+00,-1.696971495952967590e+00,-1.910389775907423271e+01,6.765008492098923298e+00,-2.067933777687124497e+00,-1.605749689253805812e+01,-2.314047744801111506e+01,2.303133298793305173e+01,-2.087184415284911054e+01,1.369280473129593112e+00,1.752020291965602494e+00,-1.816548795971344887e+01,3.980594896194362242e+00,-2.948725958581013629e+01,-1.808975680222083326e+01,-2.687929955432002416e-01,2.489009691482655739e+01,2.496778272993298575e+00,-1.554449073971685991e+01,5.317546081761581611e+00,6.763760324945867985e+00,1.244969876268410935e+00,2.153209373144281358e+01,1.285190599312723059e+00,1.816496940627125412e+01,3.391559421486413761e+00,-1.187079872247798207e+00,-2.179300578879773198e+01,7.600049856690720418e-01,6.794608272729711018e+00,4.784938886876021868e+00,2.191512343162344223e+01,6.303278050235308072e+00,6.158822107549897229e-01,-3.139539124127197489e+00,-1.725308769658539632e+01,4.941777652973116552e+00,-1.900152880553282131e+00,-4.701175861740628292e+00,3.726785642514697905e+00,2.381056610299518539e+00,-1.076029784018583069e+00,-4.070973842133230214e+00,-1.634225868944508520e+01,-1.830870621584400837e+00,-7.415584860043107795e+00,-2.717672461047568433e+00,-8.264437539489110307e+00,-2.111994714441502197e+01,-2.165175112217895759e+01
-5.875356625473540539e+00,1.472299055453509808e+00,-6.168104316124968456e+00,1.024506822453104427e+00,-2.282756478991147198e+00,8.526228634373195447e+00,8.157367925729577252e+00,1.261722898230268974e+01,-3.326499612053317456e+00,1.353258760186188780e+01,1.065658948897720570e+01,1.633013825971250998e+00,6.715473042265491799e+00,9.999720003014980207e+00,9.456393456289248434e+00,9.664294882868535552e+00,-7.472729449072142316e+00,-1.471221017317967039e+01,2.957180001029466432e+00,8.452213290439983595e+00,1.753066196304213564e+00,5.707584497829548908e+00,-3.370724842149794398e+00,-8.403219859058566499e+00,-8.695768993757621246e+00,-4.590551025535738461e-02,-1.023845708287132261e+01,1.323043908349287889e+01,9.177859508538610100e+00,6.587903174228216807e-01,3.248108504825428344e+00,-3.922748637407369010e+00,-7.681773818207932258e+00,-9.658242940497721918e+00,-6.297619242072377332e+00,-1.665030090302895616e+00,1.002012064251564283e+01,-1.105886545746121996e+01,3.155429704850894801e+00,-8.678018661650474641e+00,-5.925532161868429348e+00,8.202301661635512886e+00,1.103060740425119057e+01,1.181348135080890982e+00,6.706824977022064260e+00,-1.042122447620335635e+01,3.290530457792857355e+00,-1.311103811866898727e+00,5.739279380127619845e+00,5.762039316353316565e+00,8.459199380735281437e+00
-9.609169749727797694e+00,-7.854756275561635137e-01,2.706768111690770695e+00,2.516066081774217622e+01,-2.956515384660403534e+00,-1.375632371468124227e+01,1.174038324599331240e+01,1.567640122293058624e+01,-1.611380464526656908e+01,1.721285589990516485e+01,-2.011647202690658887e+01,2.317525875224540677e+00,1.510889958798364319e+01,-1.652376063735087541e+01,1.412527547029274011e+01,1.397516926051322095e+01,1.079212058858938761e+01,-4.580287779316384977e+00,4.970999173314973874e+00,5.395979102211429179e+00,-6.588146151996889799e-01,-4.633387654593215110e-01,8.635877166430455887e+00,-1.397950213979353329e+01,6.571980071591754680e+00,-1.382338461182688327e+01,1.026556776251161374e+01,-9.487848161874813613e+00,1.721361095915948880e+01,-2.996465345779974143e+00,6.030950348530430549e-01,8.420286668874226166e+00,-1.623018871082778602e+01,6.298372956588210059e+00,9.894676196874234719e+00,8.997686805611200711e+00,6.676195939209715213e+00,1.404451027894005577e+01,-2.969496407585544340e+00,1.982572688405981332e+00,7.841058340622125478e+00,2.712078356442537697e-01,-1.234175052825055374e+01,-1.235437633299414584e+00,6.473865915569006368e+00,1.229162837986875445e+01,-4.439094519885482093e+00,-9.745008043630436489e-01,-1.859727319983295502e+01,9.574188159431797018e+00,2.203376727462250884e+01
1.591825379032189680e+01,1.120326122264362034e+01,-1.007032346663401512e+01,-1.607260581470045580e+01,8.841099573115709376e+00,3.805469857247569365e+00,-8.954627865444628299e+00,-1.508708899163127448e+01,1.128819016964872901e+01,-9.976076023731071274e+00,8.015402767198933631e+00,1.254589452780474446e+01,-1.085028829818997487e+01,1.260000998380693460e+01,-2.639431787609301949e+01,-1.352488789092191013e+01,-6.025488541985756896e+00,1.596471844276622498e+01,6.160793356649075569e+00,-8.516945485584844988e+00,9.020266684591566886e+00,1.007593847845868495e+01,-6.263900447772715374e+00,9.267163568437609911e+00,-7.763923633365396704e+00,1.352180808467935336e+01,-4.117290348583425796e+00,1.114367530046430588e+01,-1.681189932664317155e+01,4.218834032178154558e+00,4.477829616385955447e+00,-6.316771924365005120e+00,1.117624035413457051e+01,-6.240584016561341762e+00,-2.227028114951865589e-01,-4.908353060447024241e+00,-1.204289422378064067e+01,-7.397341445728597087e+00,-5.317301533546570091e+00,-1.247556294762767060e+01,-7.324405677458504016e+00,5.114680980003902810e+00,7.058242297194895265e+00,-5.418910757242056953e+00,-1.150261194380413698e+01,-1.558167647976672754e+01,-9.104469165784959017e+00,-9.262233475252308779e+00,-1.584179075822174765e+00,-1.488956541034197834e+01,-2.240868089876867941e+01
-2.136656050121188244e+01,-2.377346678336224706e+00,-2.273230007473027836e+00,2.094168746766888844e+01,-5.795842075347019673e-01,9.822534517927492548e-01,1.533509376414660252e+01,2.671672381846019917e+01,-1.180230150372604214e+01,1.943179995260318549e+01,4.930397004478216161e+00,3.640388342685542344e+00,2.564316422697613262e+01,4.756547045945156427e+00,2.043411744501683103e+01,2.341587329460834610e+01,-7.235495431886445061e-01,-2.816662050684437091e+01,1.245770464570167269e+00,1.994716684385589645e+01,-1.211643156010708156e+00,-4.760243234237570675e+00,-1.990559398855267226e-01,-2.175429018489066024e+01,-5.687231282214641581e+00,-1.517363775198709597e+01,-2.195751196574300401e+00,3.962643645570766093e+00,1.802330646118353030e+01,2.552255347551473541e+00,-3.332554674903017045e+00,9.237005420247745846e-02,-2.047126840761160693e+01,-2.421268716941268995e+00,-2.130016572898536964e+00,-3.407582027195817265e+00,2.166715868930051414e+01,-3.797351585849403133e+00,-1.535790075596676463e+00,-1.810488437639954151e+00,-6.667489588755692864e+00,-4.804624008836935189e-01,1.267879798931980329e+00,5.469758258267451989e-01,2.088717840488404676e+01,-1.363088028369760618e+00,1.390099040687104548e+00,2.470423940657813677e+00,5.337686481360775836e+00,1.995248986079461773e+01,2.007619690847505112e+01
-1.570558097263300290e+01,-1.203112240005899025e+01,2.708568564806794399e+01,2.726966913780900725e+01,-9.535789209278432210e+00,-1.925382827966944532e+01,4.433330071831131924e+00,8.680654197474195755e+00,-7.244927974105634050e+00,3.800698444332140102e+00,-1.988558443746390125e+01,-1.079720609156655087e+01,7.116257519722000602e+00,-2.181639239992329493e+01,2.107017272884390025e+01,1.300819591222731475e+01,1.424729927828353482e+01,4.660158624944682471e-01,-1.354208013094073770e+01,6.983606944507697811e+00,-1.135543044273217461e+01,-1.272608522068656001e+01,1.499771087839777195e+01,-9.534920006631942613e+00,1.710145753961153758e+01,-1.837235813028790332e+01,1.670343535572883553e+01,-2.017323602760675882e+01,1.316815070995433956e+01,-1.148344252473645355e+01,-7.513459332275443714e+00,1.226598627150116805e+01,-1.302420783607392174e+01,1.420652668616533809e+01,1.400730305628159655e+01,1.089632731060412496e+01,1.081984694395423219e+01,1.826716659186895697e+01,1.081314620950452188e+01,2.384868542850464124e+01,1.766678620589132365e+01,-1.521042629467343943e+01,-1.662096842003583674e+01,6.949757324610446041e+00,1.249138336707150287e+01,1.885799741161626386e+01,9.251289073641041583e+00,7.344831574074057734e+00,-1.390383954293000102e+01,1.096650946658031955e+01,2.630212811514900295e+01
2.242182782708472377e+00,8.653750820864175353e+00,2.535981797869650833e+00,2.629722508802683212e+00,6.395184435374107856e+00,-5.865468763949549746e+00,5.155824449760706418e-01,3.203642641952677561e-01,4.094032183197096053e+00,5.667283157057999787e+00,-5.210127827626230612e+00,7.617757160264071459e+00,3.974058877259700751e+00,-6.648706382137099524e-01,-9.789598771146653888e+00,-2.040543736278389364e+00,2.901083930299195757e+00,5.751329375041769332e+00,3.074624148946619950e+00,-4.705820355790970133e+00,1.272025103083402975e+01,2.946496859674194724e+00,4.775637697063358722e+00,-1.725930361126343238e+00,4.506158939975678734e+00,-8.703597595976589885e-01,4.558401033064205521e+00,-1.579627533053788113e+00,-2.189250317540321511e+00,6.317744441172060910e+00,7.762347026047352827e+00,4.524060457338388019e+00,2.262717309560742684e+00,8.781121843341420430e+00,4.333654534358547750e+00,1.316859453216903120e-01,-1.612645502814071596e+00,2.151743882519341344e+00,-1.054734032511845143e+01,1.919192348155509320e+00,9.129992592301103826e+00,6.053254748097747218e+00,-3.603122690337884126e+00,-4.480510752519505147e+00,6.267792062998545077e-02,-2.981894566708789718e+00,-4.846278056776057497e+00,-7.679298230619819421e+00,-1.148858255680696061e+01,3.223105860344671836e+00,5.218484206079235577e+00
1.734436601892306307e-01,-1.086222549350465627e+01,-6.461400700116461060e+00,-9.092673282121523926e+00,-8.378125306520562532e+00,1.133134499482470225e+01,4.430805207528194956e+00,2.523594762438302830e+00,-2.449276238804265926e+00,1.666177799197426701e+00,1.489083932376760622e+01,-5.805978302348027142e+00,9.977350993926874523e-01,9.942892430004734550e+00,1.194756346773282552e+01,8.171611783748783608e+00,-1.047744755770737335e+01,-1.270281671572758952e+01,-1.961711056007455323e+00,5.228376157257959456e+00,-1.629207277109290253e+00,-4.366548773779673098e+00,-9.835660862499779000e+00,2.559584259164070286e+00,-1.418664116473167347e+01,3.183169149087798910e+00,-1.295080907257177749e+01,1.518830226574287146e+01,4.001424105665263298e+00,-9.187589715896745446e+00,-1.709297854472897171e+00,-1.049702855918900646e+01,-4.908150439133445175e+00,-1.754024801961514513e+01,-1.080465607576708642e+01,-1.290968756114764737e+01,5.766877665872441661e+00,-1.074044440064232120e+01,6.112632077945554521e+00,-3.430808547918688944e+00,-1.180356669075445808e+01,-2.637744978353357528e+00,1.507710281857579737e+01,9.390661210333567155e+00,-3.623948491667519978e+00,-1.260377026654364130e+00,3.861235660855279139e+00,9.838777052292613234e+00,2.970541184806156565e+01,3.615387677613803419e+00,-4.724386792277027070e+00
-5.913326030783100151e+00,-9.237948481469761219e+00,2.294419409167407942e+00,1.420874684219806205e+01,-4.020763142092724785e+00,-7.936918280612951904e+00,2.348582082701695661e+00,8.250701769594597224e+00,-1.384642733077158638e+01,4.757758368331145959e+00,-3.758591113377932391e+00,9.989531428955056302e-01,6.014534228421354989e+00,-1.263220034746638731e+01,6.367141774353460626e+00,3.251724056447984346e+00,4.335414264699694264e+00,-4.895749340612513656e+00,-2.001262119482018598e+00,-1.320318492175073466e+00,-4.546726468930873399e-01,-6.226863852232333407e+00,5.016393438466872468e+00,-1.082650903439675005e+01,-3.613048586025247921e+00,-1.057647798586213916e+01,2.614171641680393954e+00,-7.771091305840196028e+00,3.169062760745203988e+00,-5.252189526083572702e+00,1.696048108829472767e+00,-2.184525124615327663e+00,-1.219144648447145229e+01,6.859079117761441857e-01,1.147805430329931209e+00,1.332658493917678211e+00,2.928957866492680751e-01,2.681802412381528278e+00,-6.945818960054909397e+00,6.025011431429033948e+00,3.152071087336786093e+00,-4.413295627871952398e+00,-5.555634793772215474e+00,6.829301239367340237e-01,3.143033514684712149e+00,3.241487236806877448e+00,1.194151941036271314e+00,-2.701658887785012730e+00,-6.657292545180601095e+00,1.037802513197282472e+01,1.465446575668347684e+01
1.385368656352478212e+01,9.197283196973840447e+00,-5.370851288019854231e+00,-1.211522171352083177e+01,5.571409678942815802e+00,-9.722953870597484283e+00,-1.901717670793841108e+01,-1.892237602697624865e+01,1.615427955422666173e+01,-1.722674869015374099e+01,-7.546855799768426465e+00,-2.636537288113149913e-01,-9.861383794147235093e+00,-1.350192519789632684e+01,-3.049226808799148003e+01,-1.356668950467999402e+01,9.279636853561987309e+00,1.960200524880735173e+01,7.234437528420341046e+00,-1.681861598007784053e+01,6.414201692308242109e+00,6.268375917392584817e+00,3.486142422979078948e+00,1.655282562320314810e+01,8.917479496696996577e+00,1.768262876741247069e+01,8.196119747117025511e+00,-8.672162604762721827e+00,-2.098674416412874777e+01,9.482300659034104129e+00,1.375581864051684278e+01,5.944196345068353260e+00,1.509252614359460409e+01,4.597596966640469240e+00,5.707281091297842224e+00,1.981556864506261562e+00,-2.075116141059297803e+01,1.685420208964679478e+00,-4.181543143548396735e+00,4.759606715338550731e-01,9.829022749592999375e+00,8.972462141588019691e+00,-8.498778571887189770e+00,-8.371181302136157854e+00,-2.141491118881544864e+01,-1.678620223093559849e+00,-9.151071642443275422e+00,-4.394670662469779998e+00,-1.421370738550602120e+01,-1.821632230812342002e+01,-1.294633021518613702e+01
-8.139320162938897596e+00,-1.640704014823173651e+01,-1.941993491891425894e+00,-3.051420014202568254e+00,-1.275223184249474606e+01,6.459990560602861365e+00,3.724673769382657262e+00,8.592157491809196301e+00,-9.549912562943141836e+00,-5.714644253992817724e-01,5.442859314554875816e+00,-1.527917550586201045e+01,-2.057139700176627284e-01,5.264536528817345129e+00,2.053636679789238073e+01,9.940216813090010817e+00,-1.186006948281531947e+01,-1.533953032525642257e+01,-6.730498963153590530e+00,2.184531948277409263e+00,-1.061910130374130290e+01,-7.321184792854001699e+00,-1.342748122676775147e+01,-9.371678922047083304e+00,-1.588518826222050606e+01,-4.129079119552457655e+00,-1.388386500611538565e+01,3.529414203021696395e+00,9.318095687382097481e+00,-1.516363218120368828e+01,-9.997482465086541481e+00,-6.398928721677515696e+00,-9.078012837166427929e+00,-1.360907652524697120e+01,-1.101869744382683081e+01,-8.920338156662102946e+00,9.534964297711876924e+00,-9.729874564484116917e+00,7.908960357760591364e+00,-4.918344481537840096e+00,-1.024406434363864093e+01,-1.268252263302479399e+01,4.850197381200671565e+00,9.172161380314904022e+00,5.105324657240737807e+00,1.647249460660758169e+00,6.391129741137724807e+00,5.615513285762791185e+00,2.441379921931616792e+01,7.079164389625614895e+00,4.696990055880521098e-01
-1.809037096068460571e+01,-1.447304388360640681e+00,-5.687066307938884790e+00,1.042105629631308261e+00,-4.971205726167742256e+00,3.373150215492056958e+00,1.013498703037240745e+01,5.886456698042897173e+00,-1.711740465654049359e+01,5.687700441424499154e+00,-4.458038882570724226e+00,-9.295792438013355863e+00,6.944350174369744444e+00,-3.284143451465355135e+00,1.671129074144252513e+01,1.231275856344258202e+01,-9.309043132586428015e+00,-2.697659172124063431e+01,-7.480580877535865980e+00,4.436581161604081558e+00,-3.740523837227748061e+00,-4.356048615496877829e+00,-1.242504446502503157e+01,-1.517287543821764295e+01,-1.924014561148791547e+00,-2.298762463429987690e+01,-1.263384389318400736e+01,-7.689300753128791577e-01,9.732121293926070393e+00,-1.270237452106247833e+00,-5.829295414686120225e+00,-7.027106075699677490e+00,-1.968300652257101646e+01,-7.629000507547751830e+00,-8.931051661372237049e+00,-1.054064838424138628e+01,8.885536282958129917e+00,-1.240122741079503044e+01,-4.668921246989675922e+00,-8.119900333315069219e+00,-1.093598671935899169e+01,-7.862633927858410310e+00,-3.049911143645787082e+00,-2.092082580000247827e+00,1.491935296693621993e+01,-7.576722860384374592e+00,8.373487596642621433e-01,-1.770848706943629169e+00,2.089561865048699119e+00,4.706562766187635916e+00,1.005132548991600139e+01
2.514640663611604765e+01,-3.092046166236192661e+00,1.472809385911441638e+01,-2.292737265167946603e+01,-7.357879610594846298e+00,5.497476463031838456e+00,-2.023132544173704161e+01,-2.388207117421788439e+01,2.815766803348528313e+01,-3.519881608203585444e+01,4.543688834591215198e+00,-7.050841551039258803e+00,-3.522383890832970366e+01,3.202953199287955854e+00,-1.649758642264824005e+01,-2.377852292022024017e+01,6.926893730421104678e+00,3.087427122091524012e+01,-2.462027322558004272e+00,-2.270537689093186628e+01,-1.318110460076409041e+01,-6.007394231729296763e+00,7.114391577545983836e+00,3.586435108132437222e+01,3.493706417708641876e+00,2.440366148599299834e+01,5.793634297046154069e-01,4.242701535471864460e+00,-2.198170427101218039e+01,-6.034111583934842926e+00,-4.950249800803511846e+00,3.847712320787928686e+00,3.475120478552285164e+01,4.053233803741303376e+00,1.032210790307878057e+01,1.029530577412157921e+00,-1.708836395737093028e+01,5.977489301878503802e+00,1.351779563836401010e+01,1.133059182605495785e+01,-1.443835459308123070e+00,-8.017395138852180025e+00,2.377288922729674958e+00,1.239842023320905895e+01,-2.398233962632048133e+01,1.329616773126748086e+01,1.535604130308728088e+01,1.140476890331628468e+01,1.165582802765577064e+01,-2.008551747352223416e+01,-2.262708633357389232e+01
-1.499787388761927964e+00,-3.390115739144583973e+00,-2.201153479165048310e+01,-2.312775070445916370e+01,-8.428557195249192446e+00,9.794824535505076923e+00,-5.298942845008382641e+00,-1.615712606771037230e+01,-5.720706102118366942e-01,-1.146758774129242475e+01,8.409377486979433769e+00,-6.739197332201890767e+00,-1.266992598921730817e+01,6.312676641038000191e+00,-1.131382623001217880e+01,-1.163379163768245306e+01,-2.256894981988849835e+01,-9.332247592244090839e+00,-6.592880808820276606e+00,-8.418867642924830363e+00,1.734090364181697930e-01,-4.907750360918541332e+00,-1.275585730300943510e+01,4.443040398879054109e+00,-1.847227542072518247e+01,2.930601247725572733e-02,-1.694548596283004471e+01,9.503311268443766835e+00,-1.415769456922930836e+01,-6.327727406204242122e-01,-3.438812541751341989e+00,-1.469061975419393384e+01,4.664754125090117221e+00,-2.331051373042051011e+01,-1.326843776589103285e+01,-1.709713381668046139e+01,-1.136688440604944361e+01,-1.761839239387628808e+01,-8.208472478969603969e+00,-2.299401064070226042e+01,-1.917784835306991553e+01,-5.771267392450215361e+00,7.925695298480070150e+00,-4.041782454793670709e+00,-8.344015963185428930e+00,-1.848574604885053674e+01,-5.526450623775961191e+00,-6.832652064565714056e-02,1.777802709946539750e+01,-1.264864517526450882e+01,-2.231753446572034605e+01
-3.918789747915893429e+01,9.610375169705022813e+00,-5.674870227477684104e+00,4.388296782054246137e+01,2.448956815473771087e+00,5.194250306137434769e+00,3.692152364481161442e+01,4.575553765011698459e+01,-3.589044149035480302e+01,5.286038784448992800e+01,9.534461486854191037e+00,4.459724453180138326e-01,5.061129771994919224e+01,1.069015575794694861e+01,4.624329722558941569e+01,4.721260368376109540e+01,-5.153727248139810868e+00,-5.008335277206086289e+01,1.723316666934561203e+00,4.103658627712135853e+01,8.223267625030789674e+00,-1.970080748022689399e+00,-8.260848184299312891e+00,-5.008506574121162203e+01,-9.502563451060996869e-01,-3.825262292741175685e+01,-5.946072096471112900e+00,8.062902695161671573e+00,4.551347090643224647e+01,2.368471140505985950e+00,2.667176410224895378e+00,-2.810773871141754032e+00,-4.359623725057674903e+01,-5.538905754170187379e+00,-4.682006056071603695e+00,-1.330137229290343281e+00,3.856816840268193403e+01,-5.859123976085489183e+00,1.016155527323151286e+00,-7.177912126442316243e+00,-5.042213414038774211e+00,4.894182329961176414e+00,6.782571165471987129e+00,-3.728715538351655923e+00,4.463365926809076711e+01,-4.928306651520927950e+00,-3.858643558022061271e+00,-5.255635635242517978e+00,-4.066653898939836864e+00,3.940527932586703486e+01,4.076051718487116204e+01
2.173464334032456424e+00,-2.522556168301314905e+00,-4.039279435331854629e+00,-3.657197225291675124e+00,-2.462319250113429892e+00,-3.889917307874937169e-01,-2.573880475228320641e+00,-1.103102664223927754e+01,-1.226724011930765634e+00,-2.607307125405146753e+00,-1.005904959521931197e+01,2.696427555802623832e+00,-3.835390647239851347e+00,-2.760681004811790906e+00,-1.466917487981837098e+01,-1.596942468200131859e+00,1.602092631212603369e+00,4.084743341384346138e+00,2.485421669513801834e+00,-9.177367615222465247e+00,5.582013684014745181e+00,1.881939627151181682e+00,2.997488828324525123e+00,8.450181512205972467e+00,3.635189551087339321e+00,-3.316634873992585497e-01,4.459395011117649688e+00,-1.975068718950156565e+00,-6.299043174012520119e+00,3.585816493146234407e+00,-2.782513761826017173e+00,-3.950447061171919128e+00,2.565358125521924215e+00,4.004269437475985072e+00,4.953289426492094805e+00,2.172042547412167846e+00,-1.007645734556862749e+01,2.123298779228617317e+00,-2.872434401821362115e+00,-9.987542294932650222e+00,-8.065811338308799705e+00,1.610380626416161087e+00,-2.457792347807279398e+00,-1.307018377260028785e+00,-7.394580143270768957e+00,-7.334492538096499814e-01,-7.002543159256024552e+00,-7.004869896636829907e+00,-4.342550180229684642e+00,-8.989011289784471614e+00,-7.185813692430434330e+00
9.029499980767292655e-01,-3.980359935606160526e+00,1.395984671423084045e+01,5.676172600076908381e+00,-3.236926814006637620e+00,1.019848899868793168e+01,9.840250174398578409e+00,8.353305381569398058e-02,1.492818819200378178e+00,-3.399354389098562912e+00,-2.200821915650562621e-01,-3.154777557689707024e+00,-4.960493242865094743e+00,8.306617952828933227e+00,1.989788503014052878e+01,8.494285251660093294e+00,7.747188544609255878e-01,-9.145571180169431713e-01,-6.536604081072006522e+00,7.211334470294028520e+00,-5.226664426968271826e+00,-5.608407274773083984e+00,5.090138779851322681e+00,9.740731609494703847e+00,1.499033426755063125e+00,2.692801056662473602e+00,2.765924710644792395e+00,7.382574300331837591e+00,6.338457647134183581e+00,-3.211218348549540025e+00,-1.177992739440059111e-01,3.750850357158756587e+00,5.153698625860574367e+00,3.738284224233523911e+00,6.143079771285968604e+00,-2.978715806514694808e+00,5.396459613462313953e+00,2.733525502955742148e+00,1.184195194540080820e+01,1.083770070050184131e+01,1.244273543428127127e-01,-2.223876598770993418e+00,1.126829818523806992e+01,1.135752071982789957e+01,8.413865895035751663e+00,1.161614268555337404e+01,1.564551383289079567e+01,1.433554846723421505e+01,2.195964316712025521e+01,3.147658078534718129e+00,4.326876417249598816e+00
1.680090421669099499e+01,1.918241078482575190e+00,6.009413022880210953e+00,-1.068082695301933960e+01,-1.065722318179031181e+00,-7.174642121501360492e+00,-8.461083458688385406e+00,-1.699502641967833227e+01,1.612120934707529329e+01,-1.568400154341274444e+01,-8.877006109128085853e+00,1.262737425272582481e+00,-1.130406281841297833e+01,-6.372978360656388119e+00,-1.696438211213657254e+01,-1.307782544498401478e+01,3.791448762096051972e+00,2.267948934027819874e+01,2.573902775760799067e+00,-1.554827429106699199e+01,5.393874516865820645e+00,-2.867343835587571554e+00,9.546817785603250783e+00,1.518882585837695132e+01,5.369737585696223725e+00,1.753172837993388100e+01,5.141057118248003377e+00,-5.130478378790645166e+00,-1.665670023595434301e+01,2.255241467973861269e+00,-3.409829368309727826e+00,1.121201930704959437e+00,2.400152450671230042e+01,6.304759973098870596e+00,3.598497572214907514e+00,3.692731955682822420e+00,-1.069425821601561566e+01,8.568712483538996949e+00,2.239923015074997803e+00,-9.953130435852197699e-01,2.578098200082147518e+00,1.207093216824971504e+00,-2.722831991071106295e+00,-1.616599651287130346e+00,-1.301870927453228433e+01,7.012735921609960954e+00,4.614392974195307140e-01,-2.085731717794792939e+00,3.616693676723453432e+00,-1.641625546596831242e+01,-8.351521610279244001e+00
-2.073494452485648054e+01,-7.171938487495187253e+00,-1.520345528775924926e+01,1.773509088093712549e+00,-4.312880259369256564e+00,1.587837810485279277e+00,1.128040618165259978e+01,9.912037619606437033e+00,-2.058284150532485057e+01,9.817104258329369060e+00,2.296524730680991055e+00,-2.488527084123814959e+00,1.794975449590362970e+01,3.126908844663530473e+00,1.484096153487945102e+01,1.077417511617674606e+01,-1.518581681837867947e+01,-2.676853746322505501e+01,-9.200704886589563536e-01,7.872924431680209167e+00,-3.761952596052107189e+00,-7.951392541246518952e+00,-1.735350700376715238e+01,-2.052428111699156688e+01,-1.753024464379287650e+01,-1.849147050541231962e+01,-1.244228308485362433e+01,2.713933503587898421e+00,1.434291277358914130e+01,-4.974678761035959518e+00,-2.229175887613129348e+00,-1.113883324007359121e+01,-2.067798252641757273e+01,-1.343094025069079578e+01,-1.227095142327269173e+01,-1.564019407478059875e+01,1.043685157321773005e+01,-1.278129869006129127e+01,-8.242826035516630512e+00,-1.326300465236572634e+01,-1.710454096837294102e+01,-4.775182472714806003e+00,3.474489113352213998e+00,-2.008762622559525646e+00,1.702787520911609320e+01,-1.585000891585996285e+01,-7.673700038603727513e+00,-8.575095489616506583e+00,2.672984523573237681e+00,1.374887428490812979e+01,1.029046174971353089e+01
2.881406319963384810e+00,-1.867223713170448463e+01,1.154661233592512559e+01,-8.797204463208492697e+00,-1.075744759292092212e+01,-2.229618988057610718e+00,-2.442706640382525052e+00,-1.529708137413434699e+00,-3.473207575818532789e+00,-1.340311399248736635e+01,9.986335182912414510e+00,-1.270749068404142790e+01,-9.380051448342717535e+00,-4.382186664030808920e+00,6.643614180949811043e+00,-6.246301508463600882e+00,-9.297455793693558235e+00,-1.903938372582719918e+00,-8.350301677969689251e+00,-4.820366216038395102e+00,-1.078876275177524491e+01,-6.055007692256660690e+00,-5.050307991339590075e+00,4.802893568315932171e+00,-6.185958555967360439e+00,6.427881516557794939e+00,-9.243631432493707223e+00,2.562216099791261747e+00,-3.476239852934751351e+00,-1.065215120679290983e+01,-1.234475833401313061e+01,-7.733225756388479866e-01,4.073293190866688285e+00,-4.448866782755161786e+00,-3.517136169775715526e+00,-1.988014473752192313e+00,-5.736748439900575924e+00,-7.758497350924944413e+00,9.213664641500814767e+00,7.694187463944015093e+00,-1.075782906578143017e+00,-3.778264853453573657e+00,2.056406297034106601e+00,9.336963240377613715e+00,-7.582740947522959907e+00,3.711830708797083211e+00,2.886625278924499938e+00,7.552821793545361651e+00,1.023821520964780873e+01,-6.313491841030412388e+00,-7.527918968187098159e+00
4.648978381495023626e+00,9.629570797515953018e+00,-1.481020788959072476e+01,-3.033943358307169547e+01,5.250846512731946802e+00,3.331599701228398214e+00,-1.737059558889442457e+01,-1.724504596021024128e+01,1.038475140497808269e+01,-1.384152703568568299e+01,7.311853338783230072e+00,4.118980203153205011e+00,-1.356141927418578419e+01,2.873464523705544948e+00,-2.990812575933970408e+01,-1.976330097849132983e+01,-1.119325745759710244e+01,4.939170071431768783e+00,4.594797335361360702e+00,-1.707218976892326978e+01,2.969474781841990207e+00,8.656579971079526814e+00,-1.412289083940951784e+01,1.475037659044523153e+01,-9.813591052978338780e+00,1.010855670724211741e+01,-8.170711416392174797e+00,1.699890731876193328e+00,-2.138536119721754503e+01,1.928196320502933325e+00,1.343877164433140159e+01,-1.049804548084104283e+01,1.204416613157151694e+01,-1.073850643176332653e+01,-5.141673742106687151e+00,-1.290298948662761802e+01,-1.753275218984654060e+01,-1.324506333598172425e+01,-1.021638409230091504e+01,-1.877315851027136517e+01,-1.143301234262577815e+01,6.170576858697186751e+00,4.037086300310342324e+00,-1.448725301026605905e+01,-1.773005075467602509e+01,-1.933803731265112802e+01,-1.521823608424661600e+01,-1.167465509989531824e+01,-4.200619994983808780e+00,-1.620927087137201283e+01,-3.102347136044971876e+01
9.167690800580032828e+00,4.887629724428663280e+00,7.056591412873694402e+00,6.744374212498509991e+00,1.041970630343321069e+01,9.727064465291121564e+00,9.094672023107721159e+00,2.833100282178485418e+00,6.359303554150667059e-01,-2.821366286334927587e+00,4.756563720998194356e+00,6.719103315309524760e+00,-3.641806965128216778e+00,7.540085161940714542e+00,2.079041237470787618e+00,8.328779728436982666e+00,4.441925936440728861e+00,7.424218552764768830e+00,2.112645400748709434e+00,4.036243768442599134e+00,5.404619121917717095e+00,1.263863622143710730e+00,5.804205369420624372e+00,4.823317487349671140e+00,1.060044698015495257e+01,5.896650060368269664e+00,1.045286748421840528e+01,5.559679122026158993e+00,-6.636118517803075711e-01,1.016029576457150796e+01,5.356062240085663895e+00,3.362279003587416604e+00,6.486302250811018411e+00,1.088324998554608136e+01,9.545707191346959775e+00,8.108209264938215810e+00,2.920424062107106700e+00,1.277453001305216063e+01,1.200709343216696112e+01,5.357286101067753492e+00,3.486119964691274831e+00,5.068986192477895614e+00,5.562346081723104518e+00,3.276254978422280750e+00,4.733477848777400077e+00,6.721250040150553495e+00,6.846391348058593174e+00,3.426307020884820531e+00,1.539786391193491255e+00,1.863958974119835688e+00,-2.880397615758662155e+00
2.021896332723690648e+01,-4.295374766414752798e+00,1.367433919669158371e+01,-1.918000470494280663e+01,-8.188459472672835915e+00,3.437086078829222124e+00,-1.936158340066782557e+01,-2.054469327010937718e+01,1.958547088443109629e+01,-2.335296164054237522e+01,-5.240450766975879304e+00,-6.385060707104161182e+00,-2.476104680610204767e+01,-7.846663034971641970e+00,-1.069829743331446181e+01,-2.339581525649775173e+01,7.564959777596603985e+00,2.615673590021190975e+01,-5.660615180936448887e+00,-1.611092736538001802e+01,-9.820416192550631251e+00,-4.369906931325995281e+00,3.901939062174079265e+00,2.685117673459890852e+01,7.099643373060388285e+00,1.918399403542371218e+01,1.118813826228742236e+01,-7.068389270365605270e+00,-2.057816222276909812e+01,-5.982685340870231627e+00,-1.857433184415931748e+00,4.754545849188819062e+00,2.344155741556278372e+01,1.117405724869167472e+01,4.190337425752488798e+00,4.867973432476672357e+00,-1.488949076694682816e+01,5.320877347793337542e+00,1.085124538838041808e+01,6.209016886193886364e+00,8.615224381436481504e-01,-6.435718396818102427e+00,-3.369875331154051690e+00,1.019309864081838590e+01,-1.843328610084091679e+01,1.721340143431050507e+01,9.615395312370850434e+00,2.705306235318317931e+00,4.289237663147944524e+00,-1.475188834499725843e+01,-1.977581666336885391e+01
1.115283677393413164e+01,2.355193147754429894e+00,7.740195617420267737e+00,-8.752135479367115778e+00,4.565383201735522256e+00,-4.399210531300393967e+00,-1.386496810891893894e+01,-6.028963265789000658e+00,1.700308581315068324e+01,-1.595819485606159560e+01,7.700506520246208630e-01,-8.225269587357861845e-01,-1.229373918070853478e+01,-3.906858101120437521e+00,-1.233793656901692160e+01,-1.939112154621887640e+01,3.266267748533799864e+00,1.762606878445940239e+01,1.982680032699511763e+00,-8.642356606555059884e+00,-5.749551170465195815e-01,1.170730371175141560e+00,2.366126003071283179e+00,1.284502764628897253e+01,5.531686039450997683e+00,1.768525078802366579e+01,8.440189246300818127e+00,-4.875068790584588641e+00,-1.354096086024410184e+01,1.332164931479212333e+00,7.968298053068900710e-01,6.991478311332602225e+00,1.541268736905361081e+01,1.012873271864421909e+01,6.328321538688745918e+00,9.015130169218997125e+00,-1.019904145703191745e+01,1.601093425789570812e+00,1.116823784909393158e-01,8.543926588980211179e+00,1.304772122501292309e+01,3.968458698882421309e+00,-6.158383729299123033e+00,1.175387902044275901e-01,-1.044072392375904101e+01,5.083500214228315883e+00,-4.860009337740858193e-01,6.976680146562825868e-01,-5.227148317210795980e+00,-1.286132521139285778e+01,-5.868269601551760140e+00
-1.695125581292146677e+01,5.229686832431005072e+00,-2.185839074909830160e+01,1.052306803765906551e+01,7.363329703029891427e+00,3.857943906751362118e+00,1.530789093526545486e+01,1.530697945129410975e+01,-1.721479827705083210e+01,2.392651589315681093e+01,2.297389589317752723e+00,5.525534226842179208e-01,2.475581448850918420e+01,6.485926565277539524e+00,1.434266251411672854e+01,1.624805391614602001e+01,-4.879579099017357535e+00,-1.833525587667335799e+01,8.713938543489899047e+00,1.242704684955260319e+01,5.271763817399994778e+00,5.114727716629331233e+00,6.077293530787764020e-01,-1.648759625112140981e+01,-6.666581572041510029e+00,-1.487868162237804093e+01,-8.038060653853200677e+00,2.340744432363652816e+00,1.200205267235913809e+01,-2.025253600198357429e+00,5.239351539829510074e+00,-5.216812608671566487e+00,-2.122934064857155079e+01,-7.242043148844105716e+00,-8.684298412651285659e+00,-6.293187031775989482e+00,1.103521571972075677e+01,-4.688947683772541453e+00,-4.866675159057731292e+00,-1.071258044737804127e+01,-1.025412956987502611e+01,3.194002085431649984e+00,6.140928148211497906e+00,-1.312101010301452764e+00,1.712148945428507218e+01,-1.812624789278149962e-01,1.483985510938524932e+00,-1.603140876866071984e+00,1.086133314737260847e+01,1.490509530482733247e+01,1.675485095970183380e+01
-4.736966138640402946e+00,8.560078726280746508e+00,-4.181836304232358081e+00,1.525270481509832976e+01,6.150466747374617071e+00,-1.705306286336042643e+00,5.814809736556290076e+00,9.138264781520557989e+00,-7.781272663215256458e+00,1.850240074811828350e+01,-3.778638040460079228e+00,1.015194564016304746e+01,1.375054406317637046e+01,-5.325557097837816833e+00,1.885538086010137171e+00,8.327080036377230599e+00,5.008716499169879377e+00,2.792181844326634632e+00,8.423467044395264836e+00,6.985380987301243572e+00,9.414367716887820592e+00,8.970860888251971588e+00,5.342935163825004885e+00,-1.137605238383479822e+00,7.055460119298281541e+00,-3.157482669108161222e+00,2.906628271233788752e+00,-9.676259414716824381e+00,4.898993115922959163e+00,9.448734950984192693e+00,8.355978606983631707e+00,5.551572901773269564e+00,-5.249622455343422089e+00,4.583461831546775223e+00,2.913555240214025677e+00,6.099184703689576104e+00,4.322360870446466663e+00,7.849939204403718840e+00,-6.731788289673080961e+00,-5.678704409354611293e+00,4.369055362748289539e+00,9.876272680579235796e+00,-4.069904840093216514e+00,-5.752800913833548968e+00,6.881581408284778156e+00,-2.352533795263488159e+00,-1.168860654367509966e+01,-1.131914363152934300e+01,-1.548282287274044755e+01,2.302873963278660341e+00,1.282950548474560115e+01
1.986735538047310712e+01,5.529902152415698602e+00,2.817838326644607427e+00,-1.269638718853327575e+01,5.436509031285087445e+00,-3.672050250937845206e+00,-1.191096714298210912e+01,-1.767421017424738849e+01,1.609733602159835897e+01,-1.361868691175094170e+01,2.679255753576577526e+00,4.466725192373650621e+00,-1.129526788630034950e+01,-3.416322075195419750e+00,-2.672714436722756659e+01,-1.811306507953946721e+01,2.156880790269477544e+00,2.675029655309560894e+01,8.606202645399486428e+00,-1.635404880370170133e+01,4.915798357387759943e+00,4.696024028841598863e+00,4.258488943430712936e+00,1.588481693122079719e+01,1.675576447444451667e+00,2.097489536277949540e+01,5.192420155465315545e+00,-7.679935050069302882e+00,-2.558625167970610192e+01,4.737246725322850516e+00,7.634779558110762920e+00,2.107312349273655627e+00,1.910141057751313198e+01,5.162688609054767674e+00,2.879953474632315658e+00,6.606988694105343285e+00,-1.449013122132196507e+01,8.798251116993212051e+00,-1.710819510244820485e+00,3.480841583507254366e+00,1.845322188805640806e+00,1.027348509713287328e+01,-4.004411349981312540e+00,1.997230211577727843e+00,-2.107324106121210505e+01,6.501015413517363672e-01,-1.768926084109027519e+00,-3.835318638237972699e+00,-1.485492087781386772e+01,-1.622588800511445228e+01,-1.142910616609463403e+01
-2.479284688838370343e+01,-5.589766813465114836e+00,-2.205345300440386325e+01,7.339215208180977612e+00,-3.403036992402025174e+00,1.188892047464220880e+01,1.346787450016326204e+01,1.498034783172926865e+01,-3.508872091297182294e+01,2.159519064546552869e+01,6.235500725375891840e+00,-1.616493611355311888e+00,2.464843799047119077e+01,1.309564742753475919e+01,2.045530021467867954e+01,2.006406039598256541e+01,-2.301884467541956880e+01,-4.529460616228638514e+01,-6.360495579240637909e+00,1.936790598905826855e+01,-5.365461052754597837e+00,-7.337339137157844249e+00,-1.084649703664048914e+01,-2.682020650705028331e+01,-1.318424052870672902e+01,-3.246335415564500693e+01,-1.970821840949863457e+01,2.275870929337830972e+00,2.139208273037601771e+01,-1.552926610016115205e+00,-2.768972825602416421e+00,-1.788658706417954036e+01,-2.864072292586373791e+01,-2.216290182615062321e+01,-2.045981212897521573e+01,-1.627361821875658165e+01,1.817956208330957679e+01,-1.529336733228203471e+01,-3.943239603179656605e+00,-1.755709232329680702e+01,-2.343632201651347202e+01,2.558913763654157236e+00,5.569662776076830468e+00,-5.199358560528598794e+00,1.737892506316949692e+01,-2.087027746627434510e+01,-2.717644724341676365e+00,-1.088987628075850722e+01,3.461519906753902198e+00,1.452382727709169430e+01,1.146749191955806779e+01
-1.272895139738676962e+00,-8.875940220340558184e+00,-4.649050153626914650e+00,-1.166167860147579383e+01,-1.097940642211969475e+01,1.784961709418433884e+01,3.246171995593933879e+00,1.735767748769738272e+00,-8.739280209695199364e-01,-7.151312829543066130e+00,2.357587527239033420e+01,-1.198784790527520627e+01,-9.346514599376202881e+00,2.373186793482910772e+01,9.199970306408625120e+00,-2.094784923759529516e+00,-1.898674410257982004e+01,-1.908015225621604571e+01,-9.172957650283382947e+00,3.475453228829242569e+00,-1.044846269354098744e+01,-5.223094177052382214e+00,-1.888700288455266119e+01,-6.295426160239425695e-01,-1.358989881981775483e+01,3.109567258094556141e+00,-1.627712084787812685e+01,1.873594902307074150e+01,1.377930603648478858e+00,-7.319186297966497889e+00,-9.468954095941370497e+00,-3.475317924927278312e+00,-1.210324085812604533e+00,-1.699890546006021097e+01,-1.229993715029346113e+01,-1.149847900731525741e+01,5.092655280180263588e+00,-1.695184290139412298e+01,1.355947540486847913e+01,3.068759971575495182e+00,-1.122995352430194949e+01,-9.128821431885867810e+00,1.762196881336655352e+01,1.027541839487620123e+01,1.348131458783427661e+00,-4.204062670187504125e+00,7.308928985362480368e+00,9.197622112404159722e+00,2.240288341171599029e+01,-3.637246397432450262e+00,-1.463148312932118600e+01
-2.083048796380452217e+01,-1.110614981625854369e+01,9.750602277727887568e+00,2.440892270617274207e+01,-1.447543125879405324e+01,-5.639094217570570500e+00,1.801745219870931436e+01,1.880368471663899399e+01,-2.375752356980749269e+01,1.387839499324466708e+01,-1.214025435355614491e+01,-1.810270632313514483e+01,1.314158962300349387e+01,-5.856496869686999673e+00,3.113364069994189975e+01,2.156581971344971294e+01,2.320003217713653587e+00,-2.270615175511634476e+01,-1.443307807150404720e+01,1.938719857447650341e+01,-1.353456326609858884e+01,-1.037449904992967831e+01,-3.767476329133305768e-01,-2.911433651213770801e+01,-6.043119126273843733e-02,-2.801148879586668983e+01,2.006574894888973670e+00,-8.657680208411630218e+00,2.093502561512126192e+01,-6.357382609868809098e+00,-1.104324527954585733e+01,5.533761673411055071e-01,-2.709877105880352843e+01,3.430234794641614737e+00,-6.761561817094738913e-01,1.947736516652617933e+00,1.305709633491492383e+01,2.871434828026422803e+00,6.195665805252396297e+00,1.179854544141140238e+01,-2.569461426314417984e+00,-6.218607373200168098e+00,-6.057358245060650681e+00,-1.795912668957166503e+00,2.377077032996725947e+01,6.863006916389545964e+00,1.267634605688647831e+00,1.623282944175649334e+00,-4.787613490236507729e+00,1.407850919172384607e+01,2.523804730265799989e+01
-1.023419779951379383e+01,-1.845177753670522502e+00,-1.707836566848182969e+01,-1.656379530649322085e+00,-2.744358474145709437e+00,4.617650155451777039e+00,6.190848690671341359e+00,8.981186039345388394e+00,-8.915962803535707693e+00,5.704231863548822723e+00,2.370805754614577765e+00,4.703096716180805714e+00,1.597336382302890456e+01,6.366010109575767295e+00,1.076907544729217392e+01,1.041641054560747115e+01,-1.438508411444153978e+01,-1.757668514312752350e+01,-2.194211729946331069e+00,7.678731403053009608e+00,1.031611897102865605e+00,-8.811191839225889222e-01,-9.781769004687618008e+00,-1.298957461848325323e+01,-1.017484174324473045e+01,-9.103865002305447263e+00,-1.357124463346374910e+01,7.754461446310275896e+00,7.943916963889383176e+00,3.169040544715294505e+00,1.415741227644587763e+00,-8.786472477159154693e+00,-9.848701885602054062e+00,-1.294120183801248913e+01,-1.260596696490572199e+01,-1.473714172866942995e+01,7.068869424047628414e+00,-1.075763941410011881e+01,-1.059531998579958767e+01,-9.685256368268889915e+00,-9.049246502749280552e+00,1.755984919220243246e+00,6.687609023237476080e+00,-1.414942589694405450e+00,3.230127894504312813e+00,-1.246550636315406457e+01,-6.240335825786521795e+00,3.404858647135736049e+00,4.573060223551078884e+00,1.290469499696145839e+01,2.932717728870392282e+00
-7.714261186002636883e+00,7.883297109028375438e+00,-1.495248580572065578e+01,8.566915457396586220e+00,9.962424393241491316e+00,1.335993902021104773e+01,1.096790414920626056e+01,1.508950802711858330e+01,-5.364169160619145060e+00,2.153802116019528512e+01,1.067714247011906359e+01,7.274041148985979532e+00,2.048161778134405253e+01,1.062560500090781623e+01,4.520045289711718262e+00,8.508354795102501811e+00,-1.142124273592545158e+01,-1.679594052259399817e+01,1.380635911930735737e+01,9.773606202412405963e+00,5.542823743126842118e+00,1.017044759420149447e+01,-7.945592183764709659e+00,-1.433825195074220815e+01,-7.777183303374404666e+00,-4.967833654092212115e+00,-3.585973873886719510e+00,4.741456689743307251e+00,1.467176602452654599e+01,1.579885067805253129e+01,1.244585915606648996e+01,-1.849423837355429701e+00,-5.958743907830193365e+00,-6.369575884633988494e+00,-5.853712130540386305e+00,-4.941542045932263427e+00,1.432482049010517500e+01,-2.678222854193075264e+00,-3.958534099372949644e+00,-1.535321983578422866e+01,-6.140454169217999691e+00,9.875907231481029669e+00,7.922499556022258638e+00,-5.778880013590450559e+00,1.527752622614234923e+01,-1.142021107150906012e+01,-8.805316789294430180e+00,-9.245051367128638731e+00,-6.140763936957371882e+00,1.097637635088998920e+01,5.473699945699946667e+00
-4.410655020142367988e+00,1.704951124691942432e-01,4.295552791209122034e+00,-5.686447290323711989e+00,-2.544933402602156836e+00,-3.149187673282745514e+00,6.161695192929861342e-02,1.557342459105293342e+00,4.914071018293912019e+00,2.056487243155262767e+00,-5.337153917537886372e+00,-1.836952926718017354e+00,-1.205808895317987961e+00,-5.355367598351921110e+00,-4.406605449662958307e+00,-1.920435199802128512e+00,4.117946312479339177e-01,-1.974719292080412192e+00,-1.519736028028036756e+00,1.161510327419250643e+00,-3.582498875286077578e+00,1.151489664140715741e+00,2.383982372351510115e+00,6.345960770592484756e-02,7.817818442645725341e-01,-4.823181767913682805e+00,1.748332769657007901e+00,-3.287441052976007416e+00,4.100005322561353083e-01,-1.474246688327386146e+00,3.495015779400740263e-01,5.698692114607866621e+00,-5.061689955851345957e+00,-2.529564107926073113e+00,3.787363565140677402e+00,-2.339660303303326749e+00,-4.106487127918875268e-01,2.580852297970084752e+00,-3.891291948631986131e+00,3.633480158677270033e+00,-1.154652718218461604e+00,2.687268722525127718e+00,-2.255220598399244825e+00,-2.115168461701485203e+00,4.539878754495683566e+00,7.801913786220413982e+00,-2.788322123756305615e+00,-4.488979231629069422e-01,-3.255094441007793549e+00,1.270833008891077753e+00,2.924410646512285883e+00
-6.182089874443370547e-01,-6.835379770200439076e+00,3.092954407775474479e+00,-1.120719596733654200e+01,-5.798618646569429380e+00,6.661758117761058529e-01,-1.395509100832033411e+01,-2.833120838816505227e+00,1.040758908974407149e+01,-1.986490094409272800e+01,4.220516625476361305e+00,-1.042637968721400732e+01,-1.525693915116490196e+01,2.378025576769529081e-01,-5.769266526084851243e+00,-1.370021282411712171e+01,-9.221206614958747494e+00,3.655877327767858453e+00,-1.610898652880684878e+01,-8.192114624716866800e+00,-1.280680539670880158e+01,-8.144622236860620035e+00,-7.746283467707559822e+00,5.054066340650949840e+00,-1.448306899536589309e+00,9.491929031164659136e+00,-6.880581162016032870e-01,4.576342686997599607e+00,-8.643623289189578784e+00,-5.169831909836602790e+00,-9.744467370355435420e+00,1.913347867655218693e+00,4.050953426244236155e+00,-2.140059682048124579e+00,-1.516518350469680199e+00,2.598869656123465433e+00,-8.375975595293644105e+00,-8.137178172615289640e+00,1.123554958891688926e+01,8.060721338999385921e+00,7.878990167729028826e+00,-7.248990519432743973e+00,3.085205500841980086e+00,2.288909228574267374e-01,-6.716075072082858810e+00,-1.294516871631310906e+00,6.344036470574181408e+00,8.927375601894672386e+00,-9.055260133240601306e-01,-6.758556749165643751e+00,-1.868566752079563287e+01
-3.980678133326732038e+00,-9.779540073092402030e-01,-7.588556963094255536e+00,-1.010595768764325797e+01,1.359828609087245344e+00,1.034810094321334084e+01,2.243108972606011164e+00,-9.123499043831153621e-01,3.071505058942205935e+00,1.575092471479341283e+00,1.421369071278346041e+01,1.487145544624733029e+00,2.811149566901624652e+00,1.110491481125244917e+01,-1.319570767502888931e+00,-5.048486705035415412e-01,-1.160596517217833679e+01,-1.481276749378615065e+01,1.432529964889251328e+00,-4.362902779762727334e+00,1.783213610056196607e+00,2.585413537415495178e+00,-1.038206627292620077e+01,-4.670405470521192814e-01,-6.854775155225690142e+00,-1.357224571973874028e+00,-1.358369141004477854e+01,5.515398835909930852e+00,4.394498213369399053e+00,-3.701600882276764093e+00,-5.887525818536922806e-01,-6.613185045392877548e+00,-5.243368710117835008e+00,-1.490689897928962537e+01,-8.672172709668771517e+00,-5.749274208294300692e+00,5.085887660624495155e-01,-1.195990390696752037e+01,-3.175124298050199467e+00,-8.997042254685799989e+00,-9.177186904442747206e+00,4.624769106964572440e-01,6.372375625516927045e+00,1.932213268719208621e+00,2.544284978243228412e+00,-1.410902615348452116e+01,-4.116709361477081330e+00,-4.086232276742594038e+00,1.123603935806116816e+01,-1.793997869373060716e-01,-6.607628069739963195e+00
1.500000437940579801e+01,-1.280038090711369136e+01,-9.800712911624607671e+00,-2.640974921787870144e+01,-6.021426098189856191e+00,1.055683555860591483e-01,-2.278943770069483676e+01,-2.766159059961466582e+01,1.181399612294673318e+01,-2.866689519706835299e+01,-2.799496123659924507e+00,-5.712819106090270438e+00,-3.084722864449840785e+01,-1.715471244939203110e+00,-2.377651793156940130e+01,-2.008212806681837392e+01,-9.694728680227262529e+00,1.102966247750417139e+01,-7.360471454019458903e+00,-2.446373224422639936e+01,-9.292530336658456847e+00,-1.237123789419288755e+01,-1.240946710029428957e+01,1.069906886647067346e+01,-8.622528536991193704e+00,1.304249278474419071e+01,-1.148023157410443140e+01,-1.577368895490613987e+00,-3.624051165793314055e+01,-8.827738547694547577e+00,-1.331103329451866912e+01,-6.729448162603782535e+00,1.866566940502866245e+01,-1.323812324472005031e+01,-9.075977827278581600e+00,-5.679338435677200536e+00,-2.380767945539856356e+01,-9.006120184100627313e+00,-1.203381963183205450e+00,-5.483931510166147660e+00,-1.936767046691745975e+01,-5.818292315446016438e+00,2.743464604260324347e+00,-7.568491679097064662e-01,-2.897832113309062763e+01,-3.950201030813730974e+00,-1.950151680853172920e+00,-3.005243627233547876e+00,5.183192622052207099e+00,-2.107309871861912498e+01,-3.249484067981597946e+01
1.836415222579166340e+01,1.465062654269984677e+01,-1.444575489204398266e+01,-2.100231820796825488e+01,1.251666191417128715e+01,9.813878604083800639e+00,-1.243144628336007429e+01,-9.577814268665694186e+00,1.824174535244417328e+01,-8.497362791477424793e+00,1.102855547714828610e+01,3.773151455675873400e+00,-7.774354087576853978e+00,1.240979216637403226e+01,-1.979018524920362765e+01,-1.208392038390897127e+01,-1.232095693350093590e+01,6.914810863600933111e+00,4.834953489496647272e+00,-9.287616664831295665e+00,8.443767879096846229e+00,5.139866225341934935e+00,-4.689824588955012530e+00,1.869713554867877647e+01,-3.387929919989494998e+00,1.359988491222829410e+01,-7.013321341690040178e+00,1.462572561616051203e+01,-1.181221031605405081e+01,6.766205943077416407e+00,9.317796085782140025e+00,-5.281681876598307568e+00,1.424464951393945178e+01,-7.792514613161036330e+00,-5.684396353164289373e+00,-9.936411711070523012e+00,-9.892650018418596147e+00,-8.924028631803873068e+00,-2.944446650409316746e+00,-1.066280443971910863e+01,-1.278397715409540680e+01,2.725804350329305237e+00,1.410729004878497150e+01,-5.807727734680979914e+00,-9.293571214743751696e+00,-1.722352646619516747e+01,-2.021625124961420994e+00,-7.540153962802759402e+00,1.793318084632754994e+00,-1.211594775538630131e+01,-2.471045480208596246e+01
1.910580683365861532e+01,2.785705984892734577e+00,1.876735653815926597e+01,-1.025292371933979041e+01,-4.072095908174273582e+00,-4.716687609186579699e+00,-1.863990027163768559e+01,-1.529342871657781444e+01,1.686438281145262152e+01,-2.586875923341314731e+01,-8.153829570859702613e+00,-8.983258107952476479e+00,-2.524424675150069319e+01,-1.045051817054261889e+01,-1.530690392640576292e+01,-1.715115482969975957e+01,1.660826537252496848e+01,2.989510379577997767e+01,-2.454487768504929779e+00,-1.655309115589602342e+01,-3.875492247609600760e+00,-1.742823624174648423e+00,7.999144220023424623e+00,2.172062632305627261e+01,1.538783387168520989e+01,1.684771924894084449e+01,1.063932029724295880e+01,-1.129220708411426877e+01,-2.199850786367943201e+01,3.059414114976342081e+00,-2.197457894163022285e+00,1.648744840254529720e+01,2.344000877034628516e+01,1.634277988100177126e+01,1.200028987133379488e+01,1.363803611811740346e+01,-1.803755675193908559e+01,1.388539177116162371e+01,7.555417547281157553e+00,1.568937877477066145e+01,1.608348887431572649e+01,-2.457498887080829864e+00,-6.236066622190541864e+00,4.323926112842554126e+00,-1.675904484358212443e+01,1.220531939359612750e+01,4.186250139554084981e+00,9.197459953503466679e+00,-4.727716411161569710e+00,-1.464799434789075860e+01,-8.553371036967423180e+00
-1.468542288348708880e+01,-7.429114057070469457e+00,-2.699254450702679442e+00,3.711363596917823138e+00,-2.239595402226256304e+00,-7.804549075800734315e+00,-9.728687809286693522e-01,3.471116283728801211e+00,-1.469808892899643382e+01,2.457095494149386994e+00,-1.343782562048645346e+01,-3.798209520577415788e-01,3.579424420908045690e+00,-1.230809167523336001e+01,5.281305655201982141e+00,5.183741543964000442e+00,-3.734354904740864178e+00,-1.189057024624904990e+01,-9.574952592445289401e-01,1.180600405280630483e+00,-6.984472666506563954e+00,-4.370185204740711704e+00,-1.449661034379346347e+00,-1.139877609737346020e+01,-3.116447446702376833e+00,-1.756092115755184935e+01,-2.510008797524362567e+00,-9.648517607252685480e+00,6.005068689876287280e+00,-8.237144892240229055e+00,-5.723845137401951000e+00,-3.077736743558774357e+00,-1.858920386800070901e+01,-8.830846715697294513e+00,1.224164677276060154e+00,-1.140026452587237493e+01,-1.650806011268208806e+00,-2.477921184348754302e+00,-4.233535373100395738e+00,-8.152670102393917873e+00,-4.625386361004403923e+00,-2.536357911116931874e+00,-8.272634067903238630e+00,6.985825079680378913e-01,1.009938978519128483e+01,7.296302508907941409e-01,-8.846220223091210144e-01,-7.579222086481135712e+00,-6.056267861582993461e-01,6.487575776743257805e+00,1.100648679554518417e+01
1.331045213624135748e+01,3.772811692675431594e+00,-1.340171610999618235e+00,-1.939870828152513482e+01,-1.366650597207307083e+00,2.268102895503885108e+00,-1.894623383214841894e+01,-1.414953748802508926e+01,1.925410010851635079e+01,-2.026277343119888386e+01,6.815473973425235421e+00,1.361302999015653103e+00,-1.947916374766576553e+01,2.827451658219229280e+00,-1.404187067859218985e+01,-2.106841669865574218e+01,-4.534117954791847538e-01,1.208837651959542470e+01,-1.708967722940410106e+00,-1.608252252397033999e+01,1.924901832279413139e-01,-3.436676105242144175e+00,-5.415627910506628950e+00,1.659993925921300928e+01,-3.683917895198948855e+00,1.788596817972887010e+01,-1.003083728469993119e+01,5.238098217804256329e+00,-1.544908711147909663e+01,-1.725616323186709211e+00,1.626568888302875715e+00,-4.341513356314281147e+00,1.834117009480284821e+01,-5.664234360664842427e+00,-5.229862480862138341e+00,-2.550281332620328190e+00,-1.584631930388604104e+01,-8.576874831911030839e+00,2.774098598392136239e+00,5.786373210831172287e+00,-4.285412314101853859e+00,-1.985517860514528055e+00,9.565292532631541889e-01,-1.682919224720330620e+00,-1.341328416342765451e+01,-4.000849653361213676e+00,1.771925082244562022e+00,4.463875034586339829e+00,6.207429769256329166e+00,-1.038351463420856291e+01,-2.350432248029071758e+01
-3.615127667368720044e+00,-2.113572681213766291e+00,-5.981627986261803365e+00,-2.532115137774710867e+00,-5.262620787426928182e-01,-3.809138798278641769e+00,-1.084169038348202330e+00,-2.561945274383985449e+00,-5.973536267495484609e+00,-5.297267224065083102e-01,6.020979128841370098e+00,-5.594977653687664088e+00,2.142106326644293013e+00,1.578582990754656912e+00,2.781057217012271376e+00,-1.843923066916032028e+00,-5.707893736783669070e+00,-7.127339609202175907e+00,-4.053673221679981786e+00,2.541959928312498285e+00,-8.897086182135151011e-01,-3.744437265471464382e+00,-6.364053822688788387e+00,-5.993723811297719806e+00,-4.447822853642229290e+00,-5.192330561542714662e+00,-6.959713162371294004e+00,3.025647400762414119e+00,9.412467944810187781e-01,-4.102188574977541968e+00,-5.726476151955445237e-01,-2.965563204157743993e+00,-8.772443908927818335e-01,-3.998134643393432164e+00,-4.321537429639429995e+00,-6.556908515456592923e+00,-6.908042787132102625e-01,-8.356978652470786528e+00,3.075698368232830937e+00,-1.694682495525685062e-01,-1.584495798447525416e+00,-4.251513638528614081e+00,-5.439770911598242442e+00,-4.452821686587082439e+00,2.616926909917839161e+00,-7.010256278850932610e+00,-3.810517363121461720e+00,-3.671778163114631344e+00,-6.985972484934441340e+00,7.309994147343568116e-02,-7.890871994966079050e+00
-1.121874307021941952e+01,-2.456464809277250083e+00,2.773178072247235448e+00,2.287720300475928425e+01,1.340773318803179404e+00,3.888554702108337757e-01,1.600441287445413963e+01,2.568138877617940352e+01,-1.445803248518985562e+01,2.009394164469184929e+01,8.331297690928574085e+00,2.514285072877541882e+00,2.208587584602098985e+01,1.487889298357255585e+00,2.718880298969260423e+01,2.114848761394555865e+01,1.922887089270001404e+00,-9.917339199319542331e+00,5.779455258364882830e+00,1.593310516258303622e+01,-1.405564614814096114e+00,1.277437083791523875e-01,1.825271371191383052e+00,-1.772133916357059391e+01,-1.763933863767602972e+00,-7.516788537513832580e+00,3.241817590248888159e+00,-3.788682977083024817e+00,2.252833074424388826e+01,2.242184709991548175e+00,-3.518295363668973774e+00,4.402203147670022965e+00,-1.408775851750813679e+01,4.476346071262913284e+00,2.341223760376839547e+00,1.013490261776800949e+01,1.791081403100355018e+01,4.194156424503026059e+00,1.332874431810524340e+00,7.095771521698384099e-01,7.165730152743930326e+00,2.092177012272397718e+00,3.243785411081906211e+00,6.644759241972490571e+00,1.151968178263674503e+01,5.579742028597388881e+00,3.268884007320739471e+00,3.980490762021483775e+00,7.556283555787228767e-01,1.415774109344009091e+01,1.984013549866009996e+01
2.028044071716981733e+01,7.554033458851974636e+00,-7.929432372158198739e+00,-2.473137522970132451e+01,4.139067979984657697e+00,1.284305066858419053e+01,-1.242214655712208327e+01,-2.364834993679294328e+01,1.957588705759204117e+01,-1.631770065217397203e+01,4.976235676815548459e+00,6.548896036946319832e+00,-1.744887224493995248e+01,5.280942900429785425e+00,-2.638546469119691551e+01,-1.845017367431307420e+01,-6.973442404847904896e+00,2.245492089507212441e+01,1.097553679004533755e+01,-1.892377031035094248e+01,9.304004603421020647e+00,2.024062536132620771e+00,-2.467668241866226797e+00,2.314156445700024989e+01,-4.564954412566345709e+00,2.243864360067919606e+01,-5.724395921885688132e+00,2.680123293644983473e+00,-1.903586199579135751e+01,1.121315512585325536e+01,8.688511602872496908e+00,-2.137265884244506253e+00,2.517774292051349505e+01,-5.263229877729142636e+00,5.076597035479437636e-01,-4.067800735815572999e+00,-1.987983724082938863e+01,-5.406949755729861806e-01,-4.349264174790058668e+00,-1.709992398505074362e+01,-9.575363954572067016e+00,4.801626329987095154e+00,4.616884837416426635e+00,7.721919579426206326e-02,-1.880884416858364361e+01,-9.368482105072907018e+00,1.230881255803442542e+00,-4.630283002020888716e+00,4.297689224246206585e+00,-2.033371569057222672e+01,-3.192119850689755012e+01
-1.689914834110154374e+01,2.342559219045289964e+00,-3.919699161442569579e+00,1.591442820024418658e+01,-2.590837425087225920e+00,4.936624021758873937e+00,1.258456235243418497e+01,1.721747138942176036e+01,-1.439160974232698997e+01,1.990657656633912254e+01,1.986449399244800462e+00,1.578294910100425330e+00,2.333802618988462640e+01,1.354142019110048833e+00,1.794403968423285534e+01,1.974006523869146434e+01,-6.599109679406074846e+00,-1.689169305191057191e+01,-1.365457284674987726e+00,1.885200467934519253e+01,-1.044569355857718707e+00,2.042466481355900143e+00,1.197723944998679180e+00,-1.746300253791551782e+01,3.110013542961691080e+00,-1.970561915986501234e+01,-4.216754731871868778e+00,3.813670724468776196e-01,1.431299603889485539e+01,-9.420851943550068164e-02,-5.710617201062599513e+00,1.786909704869773519e+00,-1.720903905008746904e+01,-4.407049594187910646e-01,1.503309617621860106e+00,-2.330095719073870697e+00,1.331385848510163505e+01,3.648990430123245865e+00,-1.939940895598036841e+00,-1.175774302368407520e-01,-2.277189213556460423e+00,-1.186240130288384709e+00,1.352412502582285292e+00,7.802560134330049912e-02,1.663492523312005744e+01,-4.285190799033544273e+00,5.367667533394699930e-01,-1.667535883248623563e+00,-4.020342553837936705e+00,1.408550521758880159e+01,1.678674775649859185e+01
1.450722118957645890e+01,4.594753876019336047e+00,-7.112357361144336032e+00,-2.452205120519914061e+01,8.347420493939530672e+00,5.425504868879078124e+00,-1.883488972370734160e+01,-2.032026811916678000e+01,1.649469763042084836e+01,-1.951884566663385456e+01,5.485846989190198641e+00,3.195261982103835052e+00,-1.997770198470815473e+01,4.198014341447294129e+00,-2.941984004193730584e+01,-2.583482728087448521e+01,-4.897114842902634102e+00,1.376268099527291255e+01,-5.734339145076991606e+00,-1.699072236181919138e+01,5.487028538114735454e+00,1.496421126945330915e+00,-7.725759601697736123e+00,2.243376306435277456e+01,-3.251685788924993936e-01,1.059151898492773825e+01,-7.455141965023976525e+00,4.877186008740258316e+00,-2.307776565957792414e+01,1.786272182245088658e+00,1.561987003473477298e+00,-3.455375688270511336e+00,2.241310911645266657e+01,-4.880448297378727318e+00,-4.033522522114801667e+00,-6.762060628166459253e+00,-2.041406930205869941e+01,-6.224291811816125453e+00,-4.382095025032436197e+00,-4.348256107163962270e+00,-8.686546363821104677e+00,-1.840798374946829075e+00,3.803163201229416757e+00,-5.315439325642813628e+00,-1.409960452250608753e+01,-1.481107226480590811e+01,-5.373108203764711988e+00,-4.626130132134433026e+00,1.260286658572432050e-01,-1.719417042521637740e+01,-3.073150940053268698e+01
6.499492369518542034e+00,-1.207639086703555797e+01,9.482231371848211410e+00,-8.010331000421574643e+00,-1.261285527857019240e+01,-5.635928339322610725e+00,-7.017625801524012275e+00,-9.089977453830957899e+00,6.234907147954212192e+00,-1.934432260152987837e+01,1.560000990926525111e+00,-1.282405086031645780e+01,-2.477747963291626121e+01,-6.206569892658628795e+00,2.543876832257826237e+00,-1.497140910699175009e+01,-1.602508265249999453e-02,4.778784966270579915e+00,-1.223835507815893386e+01,-9.986294347084426093e+00,-1.601793431439260473e+01,-9.485339161330466951e+00,2.293026159714942835e+00,5.643104544463424688e+00,-1.242233413810545750e+00,1.082212808482900002e+01,-6.105261468924640056e+00,-2.549217511946740622e+00,-7.898242322771733548e+00,-9.682325164258784866e+00,-1.323239942416700110e+01,-8.333259730765807394e-01,8.491116655561302906e+00,-8.188487247623923437e+00,2.547991753188874609e-01,-1.799744865148001249e+00,-9.663497856021903587e+00,-2.496850383667285733e+00,9.276788587920693274e+00,1.544253931714817440e+01,-5.283445989972167522e-01,-1.714100421734640278e+01,1.143080947659643964e+00,7.012803424597397139e+00,-1.403502568190462441e+01,7.125045207463598373e+00,1.005247495700272786e+01,1.424720563975351340e+01,6.494111868671079257e+00,-9.515444363602824751e+00,-9.977790733851682248e+00
3.746682875255298750e+00,1.422064105641844378e+00,7.116850505693827600e+00,-4.574414212232547072e-01,6.872278900034210380e+00,-1.639287697627286988e+01,-1.244028414034818653e+01,-1.223248244763964365e+01,5.390001628701631020e+00,-9.981444274742743872e+00,-1.247385421845314468e+01,-5.630832491016636965e+00,-1.157779896196683289e+01,-9.412274388049391760e+00,-1.185170070670714004e+01,-1.025344389816282309e+01,1.069218362404214062e+01,1.015203762909053609e+01,-2.693877218473033963e+00,-6.668258428939648041e+00,-4.157505951617444850e+00,-2.438704664906978792e+00,7.301235259639221375e+00,4.427023621639712303e+00,1.375843639878301516e+01,5.374113888244977488e+00,7.213184273056327811e+00,-5.485749196122186255e+00,-5.055831123781213243e+00,-1.903572251002664695e+00,-8.057047491169568865e-01,8.738190384056654381e+00,3.838482109200489045e+00,8.736253214890124852e+00,6.203700448778127097e+00,1.256812161333011879e+01,-7.779880156032340288e+00,6.589537304963410946e+00,2.782869355222884700e+00,7.910933501757450692e+00,6.191451665769063695e+00,1.885991761055153093e+00,-8.128495351525355517e+00,-3.618875660935393590e+00,-8.066841533436891254e+00,4.336592991440788580e+00,-6.365375575906223604e-01,-3.845808444267195814e-01,-1.506108040378608237e+01,-6.795043412390490367e+00,-4.890112095929566749e+00
-1.770901762913204180e+01,5.334487523939690945e+00,-1.092717177346687762e+01,4.290584428160574504e+00,5.316101095872137527e+00,-1.674354471821557500e+00,5.490812013432535998e+00,1.677558213886567628e+01,-7.815429506656074388e+00,1.434733550493742271e+01,4.927196308846260919e+00,-4.215038299257682475e+00,2.049704802314273167e+01,6.014216710028676971e+00,7.301963562361690308e+00,5.829512145599034412e+00,-4.976781416428440075e+00,-2.270721638838828582e+01,3.202152679791722800e+00,1.239409558154812530e+01,2.741624402034722241e+00,8.437317731146798394e-01,-1.064324688828844856e+01,-2.409498351334720923e+01,-5.382907097128793339e+00,-1.276716264290535641e+01,-9.650674425661172506e+00,5.523515541751550906e+00,7.185619343590531116e+00,5.720204431058748540e+00,8.671996862651445426e-01,-9.260367662048000881e+00,-1.461109361280801799e+01,-7.787179362467135491e+00,-9.101394304036910299e+00,-2.603410968410416970e+00,1.036072668589840973e+01,-1.146025142988603207e+01,-5.065123404299201049e+00,-6.142014659198590465e+00,2.014148299144419063e+00,-1.975081154105778225e+00,1.912629405750074785e+00,-9.128861934575951409e+00,1.487223042803376849e+01,-1.533779270220217228e+01,-1.001334338491301779e+01,-5.606141804490167857e+00,-2.283530288288307286e+00,7.437155387618047619e+00,5.890945950288127619e+00
3.945860987237328033e+00,7.288958795952368952e+00,-5.484504941115400989e+00,2.548597846609934159e+00,8.607271232309177122e+00,-9.691649258309535497e+00,-1.054935277012887340e+01,-9.637800955651938395e+00,3.738536687528140945e+00,-3.839915909341238276e-01,-8.559022878420233127e+00,8.619520810258725518e+00,-3.060625571056504235e+00,-1.264700137638307176e+01,-2.277740058871096807e+01,-7.259348832240263505e+00,6.299793142187453121e+00,1.810343449412409811e+01,5.131569267503579113e+00,-8.536718578257943335e+00,1.048147907916346178e+01,9.614600006180939573e+00,9.218762312698247641e+00,8.689549457886851513e+00,8.700336564178680732e+00,6.703084476767127597e+00,1.132948828726197377e+01,-6.475454985636970306e+00,-6.488318105889613108e+00,5.035560577982444386e+00,6.609930560621727125e+00,6.541749103521532049e+00,1.043523983829112467e+01,8.320893846694968232e+00,5.438956616144933420e+00,7.777217041532145991e+00,-1.191564440948407544e+01,4.130636008402551518e+00,-1.234904552361196650e+01,-1.411268035588195247e+00,6.720505753217429046e+00,5.264513299379487421e+00,-1.005741909414510715e+01,-9.028987034087476715e+00,-1.429360533683664691e+01,1.181842841053542648e+00,-1.080795593425967205e+01,-1.254174167947226337e+01,-2.171246644130012271e+01,-1.217944155127833206e+01,-7.601946713531770872e-01
2.360364076842352077e+01,2.230267505178996412e+00,-2.437462780607759782e-01,-1.486841408934429509e+01,5.200083527713466047e+00,-5.381524335083325283e+00,-1.913889820959683519e+01,-2.079807301591382540e+01,1.612393317923122993e+01,-1.768471697228661199e+01,-7.773263032055503174e+00,5.324446728633489556e-01,-1.828818675500602353e+01,-4.816584595397966240e+00,-3.125380929589127277e+01,-2.501942120539802517e+01,7.290450876854068341e+00,2.902084924214086215e+01,-1.167472068844334743e+00,-1.976631570271645799e+01,3.849045982461174908e+00,1.172706848445718819e+00,8.892499627908403426e+00,2.481377225773024264e+01,9.916864012987510080e+00,1.979408476388336169e+01,7.607451772198297490e+00,-1.332085920649801558e+01,-2.682617385797707144e+01,5.486834572823314105e+00,3.113745361514669963e+00,6.982662369110110845e+00,2.215521636161380670e+01,8.156698084142480099e+00,8.859009437494142603e+00,7.342051552701250650e+00,-2.171360161746797601e+01,9.526228052340798058e+00,-7.463957476961899928e+00,-2.268974828724314552e+00,1.166660832895575872e+00,5.071139633218493259e+00,-1.208453178874701095e+01,-4.910067542461022505e+00,-2.402164568615087248e+01,3.760822121120204642e+00,-2.111273987132055829e+00,-8.269716889135109383e+00,-1.436719999560202510e+01,-2.260698430274414505e+01,-1.531351797459789665e+01
1.427569258873778324e+01,4.073113166452401401e+00,-1.246705352037555237e+01,-1.925275245472343499e+01,7.164403550026614553e+00,1.511400627782447437e+01,-1.070335178853339286e+01,-5.320308491576595245e-01,1.183721681024483985e+01,-6.471637654822765207e+00,1.935637189051177387e+01,5.485406229422217450e+00,-4.537676353901209936e+00,1.920163502188328408e+01,-1.176346240460173398e+01,-5.861343891712363252e+00,-1.175623423215121655e+01,-4.566970716953222542e+00,4.168947369504229172e+00,-2.906989449132598935e+00,-2.771925546680152230e+00,2.168923575873926701e+00,-1.145360100710141893e+01,1.190813446511761953e+01,-9.860083998583748510e+00,1.294960320304436863e+01,-9.071477218325370018e+00,1.408013789974088326e+01,-7.279637827884489099e+00,-2.236976841587031029e+00,3.066159256081799178e+00,-1.245153753109439521e+01,1.495219156478944456e+01,-1.203443431701580835e+01,-1.110536266709748432e+01,-9.836325747709803835e+00,-6.512802116577452338e+00,-8.804761774819580111e+00,-7.269754037411991776e-01,-4.425173007332801944e+00,-1.093573332441628487e+01,4.641984550102192131e+00,1.411098033967023824e+01,1.933834501319227961e+00,-8.206121106788264896e+00,-1.662107134844430334e+01,-1.784944337224216193e+00,2.859209130551826572e+00,1.090850459062956901e+01,-4.175375334305750030e+00,-1.937876718798772657e+01
-5.205832962537593644e+00,2.523253126257964496e+00,-1.217558836780017728e+01,-2.747052191900761997e+00,3.568130664091889059e+00,8.417099728628379296e+00,9.691846436003281440e+00,7.574159516552829707e-01,-1.005707587621137655e+01,1.054993873856740016e+01,-2.993405844041757025e+00,4.611239575911177724e+00,8.132122978557513093e+00,6.393656665960211427e+00,4.859276559962438569e+00,1.166083466476385944e+01,-5.311803549567323479e+00,-1.258642309873340537e+01,1.128878897710166029e+01,6.734369735317048189e+00,3.751910305347701424e+00,7.937680704061073733e+00,-1.118786492354292506e+00,2.271635857583087947e+00,-4.987101035032283747e+00,-5.947974386077744313e+00,-4.675357558840802952e+00,2.071568300536177798e+00,7.515654126955874759e+00,8.174067187145473312e+00,5.910669224353970463e+00,-7.914259866383297037e+00,-7.487248844847828266e+00,-5.512817368716470767e+00,-1.536584682486549891e+00,-1.129703356157868122e+01,6.656891249339009775e-01,-5.903720551112101589e+00,-7.663597540854715007e+00,-1.735214377737099056e+01,-1.175430274425812094e+01,5.818490900346494854e+00,8.400156510528125509e+00,7.178191002898173245e-01,6.959917010444566898e+00,-8.705243384986612654e+00,-9.432625630263600236e-01,-7.328134619825679152e+00,1.129250321257756617e+01,2.405150772394149428e+00,1.709815575024024703e+00
6.557571842902655490e+00,-4.352288918438259380e+00,7.721747508692958561e+00,-1.134071010850041539e+01,1.748974150065695010e+00,-7.124482041899817819e-01,-1.177107372875272695e+01,-8.206212818897665073e+00,1.105799766954768160e+01,-1.500739873595463081e+01,7.652788862227444255e+00,-1.894231973747762865e+00,-1.421647833618121126e+01,6.145204496960909424e+00,-1.290286189296277186e+01,-1.279712832837055281e+01,-2.728240532600506363e+00,1.372448670496390832e+01,-1.190018860461741212e-01,-1.424349908339127779e+01,-1.763257759302198302e+00,2.016363938558034086e+00,-1.361995063319580535e+00,1.187828017096084565e+01,-3.730887395098206660e+00,1.753577104200793002e+01,-3.876674345017368406e+00,8.053357361772540912e+00,-9.509534924663940458e+00,-9.955088981525470615e-01,-2.819379118269420115e+00,-1.637931329189210361e+00,8.471512081330160981e+00,-5.805611924698978576e+00,2.145056284573606753e+00,2.822299866617737685e+00,-8.058003429525212979e+00,-7.261781166217766703e+00,3.337389679505466056e+00,4.636619135622881416e-01,5.882116236209774307e+00,-9.104092565198190101e+00,2.817282932102380677e+00,3.766104853918139206e+00,-1.254146368035439707e+01,3.759976857020086882e+00,6.666662181178113045e+00,6.364041672137241257e+00,1.414961965555141532e+01,-1.094548907138726257e+01,-1.591693765770600244e+01
2.339359872945102836e+01,6.794569601523427593e+00,-1.148725336803270380e+01,-2.373221039681645905e+01,8.762871137672447741e-01,1.128136155536096474e+01,-1.694996853797061931e+01,-1.837861739612879219e+01,2.001374105061995934e+01,-1.869939208580759527e+01,8.111956233026475616e+00,3.637439394391947189e+00,-1.872010372825720381e+01,1.131252816672232697e+01,-2.163893732939412118e+01,-1.670340696289600046e+01,-2.533754343561370526e+00,1.436323772511789265e+01,4.884422992325561097e+00,-1.054210537252325963e+01,3.798445547962924440e+00,2.353694734967476609e+00,-6.072546517980566882e+00,2.361951946019506465e+01,3.753954585537669253e+00,2.021244816562520086e+01,-2.726006343327025405e-01,2.637213676773274340e+00,-2.095487479208329518e+01,2.419540894692701727e+00,3.820881535562209663e+00,5.625433795156959960e-01,2.592802964861072113e+01,-5.774448284710822499e-01,-7.169958877856963397e-02,7.407839359031278548e-01,-1.519250708012044626e+01,-3.031399105536066507e+00,4.322895568044225811e+00,-3.374692315412000099e-01,-2.606239611312214599e+00,4.994641229192127163e+00,1.018672284243760728e+01,3.886400983513440544e-01,-1.490740825358061272e+01,-6.564787363368183470e+00,8.739028892840150498e-02,-2.726625139834355949e+00,1.025567118304756420e+01,-2.166744590844602669e+01,-2.270739343734807747e+01
2.023438859496924991e+01,4.193015364505430220e+00,1.243610613100433326e+01,-1.676344786892055794e+01,-3.089199852478913044e+00,-1.418453032660078961e+01,-2.773780414975043485e+01,-2.496274267226707977e+01,2.456737107713266255e+01,-2.781014032705931882e+01,-1.617317903584026340e+01,-4.843565607523586891e+00,-2.964650109376306375e+01,-1.551287907495286689e+01,-3.637222407840320670e+01,-3.056422032886564111e+01,1.304339950533465675e+01,3.684978630489764129e+01,-2.166209410223630449e+00,-2.509810488352426461e+01,1.120163466982226907e+00,4.120649405025402778e+00,5.239764965132732044e+00,2.672262630969785135e+01,1.363089682615927956e+01,2.181341159048105638e+01,1.086026372603673806e+01,-7.826880948468780019e+00,-2.862738620828586278e+01,7.451070958418042345e-01,2.029014953800289955e-01,1.019822491789036256e+01,2.670008134078288364e+01,1.350629973539068551e+01,1.193145468088023797e+01,1.090048421439185233e+01,-2.184261077176293497e+01,6.569753228479950025e+00,1.216667574768258930e+00,5.968813070375908580e+00,1.510329675959741813e+01,5.597513897781872139e+00,-1.467878823103288255e+01,-3.378886841243258665e+00,-2.373388720415760034e+01,1.100586949520732460e+01,1.728518872480493851e+00,-5.077437290929855962e+00,-1.857970932369069317e+01,-2.291960018795724707e+01,-2.189344221742830143e+01
-2.270015985314594431e+01,-2.336150099622809950e+00,4.012451379423191966e-01,1.960087113552783222e+01,-6.223713873359498550e+00,-2.666868143107605782e+00,1.618110952742492259e+01,1.774249534295280384e+01,-2.312425344123616355e+01,1.746999617326139642e+01,-8.116923458356829713e+00,-2.474665510197388230e+00,1.828947208415846504e+01,-3.962506238164162031e+00,3.139861713680205568e+01,2.198195650570428228e+01,-2.632185441181079000e+00,-2.511762029490011372e+01,-2.563440158857526185e+00,2.036462916684640945e+01,-8.246734996632165249e+00,-3.931058817181884102e+00,-2.245656918137312719e+00,-1.898086331836865170e+01,2.661065588500454826e+00,-1.976999429947040454e+01,2.296999591867889379e+00,-1.828734332589629918e+00,1.944391663939789794e+01,-5.042106409930257271e+00,-4.485662950836784013e+00,4.162748311321995409e+00,-2.538044518228018376e+01,1.806932249320276629e-01,2.188475382749466291e+00,-6.474840377649821122e+00,1.845379320506759058e+01,5.060891538601639539e+00,-1.338079411364991422e+00,-4.815036265398489057e+00,-7.319590867620640040e-02,-8.108584156656537090e+00,-5.747425658670792803e-01,4.561576330322277606e+00,2.799303256998545919e+01,1.953390689193438057e+00,3.353838092105914992e+00,5.294184828001584631e-01,7.324060651133996735e+00,2.228591706551000939e+01,2.268965080881597984e+01
1.307630099836305515e+00,2.735670327932939294e+00,8.691260402490604164e+00,1.186639487255564118e+00,1.307444910638815294e+00,1.330888757759904062e-01,-6.325495111252568137e+00,-7.879425401131726403e+00,1.871851169427849459e+00,-1.369630721142819318e+01,-3.089848599017011033e+00,-7.194173480129677500e+00,-1.065637229818324450e+01,-4.372628533879029611e+00,-1.826624315462554549e+00,-9.138784053557460485e-01,5.520757120571252230e+00,2.697015110795970116e+00,-6.630746580803442036e+00,-2.756263408511021140e+00,-7.454087468086003199e+00,-6.767197556912060818e+00,3.342931049073058158e+00,5.521805956735990506e+00,9.371229814128135160e+00,-5.494552198040953961e+00,4.783358229838823306e+00,-7.007625115699291030e+00,-5.506721624575900975e+00,-2.729016483053502196e+00,-3.781580657112167732e+00,-3.363156073002420143e-01,-3.828286264199198818e-01,1.064590833835954164e+01,5.073449474785942215e+00,3.022456396003660117e+00,-6.707113676176691186e+00,4.901945478247513144e+00,3.782778926237592820e+00,1.070981947146171187e+01,4.250398836461817709e+00,-8.383909229183554856e+00,-4.160965995744704493e+00,1.063613297708819871e+01,1.907158668294645532e+00,6.790005465105486415e+00,7.614621829587471247e+00,2.588309077428208482e+00,-6.463605055536473243e-01,-8.614628851768452833e+00,-2.470320077511243717e+00
9.284585514902818915e+00,7.204193448050560278e+00,-9.252941351727105967e+00,-1.112948142138798069e+01,6.029538841285829065e+00,-2.533938272666023561e+00,-1.537045384761115585e+01,-8.470957916197232151e+00,7.923434925083959968e+00,-4.889420193626540012e+00,1.571951341308461814e+00,8.450755636916062130e+00,-7.945607954390006000e+00,5.032892165441772647e+00,-2.313001234274379314e+01,-2.034503384281441285e+01,-3.015451109692595555e+00,1.063030257589316996e+01,6.946033847286519070e+00,-1.349810478777720313e+01,1.022717675236739865e+01,3.043527400994379128e+00,-9.060575461264162911e+00,1.442056313911525933e+01,-7.607691190500622813e-01,1.264684936397889459e+01,-6.904039814782789719e-01,-5.975978961881503793e+00,-1.682770437005747510e+01,3.502698373929761466e+00,6.302617517672532088e+00,6.834298280427744121e-01,8.822887066075278284e+00,-5.624449945037151899e+00,-1.875918579295482669e+00,2.203039910041029170e+00,-1.665435218034298259e+01,-2.785425622747894625e+00,-8.330514250628086259e+00,-3.584512912588670552e+00,4.845953000255146748e+00,5.499862239334990299e+00,-2.493033396279110470e+00,-1.133015744405880554e+01,-1.275302431994451524e+01,-6.489942267748446625e+00,-1.311419046202037642e+01,-1.014201478029300496e+00,-1.113147197074404282e+01,-1.328133767881639393e+01,-1.778311053569639100e+01
-5.881281007000874084e+00,-6.429480493320575363e+00,1.053582554777335645e+01,1.387634094765633463e+01,-1.420689174216882478e+01,-1.012311198017094682e+01,3.098975182613338486e+00,-1.322457017499388598e+00,-7.768507368327011164e+00,-6.705776994483786169e+00,-1.515114793265192716e+01,-8.783603505478225770e+00,-7.683862514752462403e+00,-8.555066878601484959e+00,1.572142396223155458e+01,3.473252847775556873e+00,8.124652799043241558e+00,1.877725338296053037e+00,-9.763831772188884983e+00,1.663494617794281982e+00,-1.593099302559714658e+01,-5.984019323111250621e+00,4.185436267290642220e+00,-3.012184696202547585e+00,3.198991355911286583e+00,-7.621315228166804623e+00,5.139520930728591175e+00,-1.492019572494013957e+01,5.448948585379937981e-01,-1.429153420334136726e+01,-1.222341738808572664e+01,-1.205153232075510061e+00,-8.829418112816334485e+00,1.011090209764267378e+01,1.367140085914095948e+01,5.585234762074657411e+00,1.423990647863278003e+00,6.622270528963158043e+00,9.938058370972928657e-01,7.367892274189043356e+00,4.446654437321431175e-01,-1.082024782833553544e+01,-8.205946991814263569e+00,3.800772934537725689e+00,4.263086673351445199e+00,1.357545558004897046e+01,9.259025299089072902e+00,3.683539913974692048e+00,6.273965144359079371e-01,4.464336680304421989e+00,9.939894375881653588e+00
-2.490879563954089804e+01,2.097311459276832935e+01,-7.263832236912577400e+00,3.593580919371541427e+01,2.063000064142661927e+01,3.504313264104098824e+00,3.041533550733577584e+01,4.298315625802540296e+01,-2.228990551326822001e+01,5.221547394715992141e+01,3.001737786502530092e+00,2.027885763521343065e+01,5.095565293680422769e+01,5.239040878721469952e+00,2.364516357626585830e+01,3.067694403476417975e+01,7.655931207032235619e+00,-2.917587966016502321e+01,2.088361803635757852e+01,3.532856044570478815e+01,2.442069573271110272e+01,1.633517392187783557e+01,9.531880920843853744e+00,-2.696907223107697149e+01,4.619066170320906828e+00,-2.129484294907990005e+01,7.510945125968758518e+00,3.802020581917243458e+00,4.035274292523263995e+01,2.039118086426854504e+01,2.079510993280011988e+01,8.208442535604568491e+00,-2.493942300609861817e+01,8.478432216260134879e+00,7.263703507692871320e+00,1.231926675986589892e+01,3.302182121753164523e+01,5.400361952478608174e+00,-1.168494695281503581e+01,-8.888769735129415039e+00,3.989254712698735439e+00,2.189351236607712536e+01,2.480770342685007179e+00,-1.321238030487486625e+01,3.326655382688196028e+01,-1.078561163776391396e+01,-5.963168411606687869e+00,-7.296431009126817635e+00,-7.982005399720714323e+00,2.971280642124455085e+01,4.046448081347475778e+01
-2.178738703593273485e+01,5.110596854348026241e-02,-4.513792079594304063e+00,1.967663157077874203e+01,-1.029877629009670281e+00,1.000337245613634352e+01,1.918566442943091133e+01,2.158945867358368176e+01,-2.003121530558649965e+01,1.917169033848018955e+01,8.361022134645464732e+00,-1.438062513123951724e+00,2.260865073262925407e+01,1.348386977893647831e+01,3.249066323487391372e+01,2.594203801157272693e+01,-1.230167981775899655e+01,-3.625935045115445376e+01,-3.242750868241200735e+00,2.108552565316652050e+01,-3.202528791487567084e+00,4.324983928761811924e-01,-4.367938807258640033e+00,-2.268481115514632762e+01,-6.613450475987457722e+00,-2.146035388870416938e+01,-5.231943043332047516e+00,1.104873879917599133e+01,2.505941364266495697e+01,-2.840718808531236483e+00,-8.191724080243110162e-01,-5.183916362728909988e+00,-2.480689815226206818e+01,-7.262613406250231662e+00,-6.250533525786873490e+00,-1.063197866600242492e+01,1.522912121088391579e+01,-1.041120338160848391e+01,1.395926791228259134e+00,-4.700367410382041200e+00,-8.042558460318412372e+00,-5.942014820670446618e+00,9.595029030604623088e+00,4.776290115377308076e+00,2.760677779997631376e+01,-5.387277173145770703e+00,5.363566777163894628e+00,3.692355534211890333e+00,1.571254108968722996e+01,2.213034996629580320e+01,1.647962081984599081e+01
-6.060395497973592782e+00,2.163754305403923883e+00,-5.591472172819042186e+00,2.957446408972777885e+00,3.904692861127012637e+00,6.551896936028238194e+00,-6.735753354842144880e+00,8.313423808608437326e+00,-1.684290748015902173e+00,-1.045074719209835745e+00,8.174100840859658490e+00,-4.093401054201086353e+00,4.463507157814468052e-01,6.256662818133873039e+00,2.414353346108509157e+00,5.700538234947374328e-01,-3.302715096340876677e+00,-1.272436038186281948e+01,-6.239179670610646156e+00,-3.511346224383212089e+00,-3.487309134965885793e+00,-4.206831028336249112e+00,-1.361664692415654265e+01,-8.594988055130190929e+00,-3.218410165036150516e+00,-4.801160180936287603e+00,-1.117420761555340292e+01,2.313735342888416646e+00,1.346156268660300359e+00,-3.528140670346223473e+00,-2.951548524561462550e+00,-2.472529215012408521e+00,-7.893856795521445591e+00,-2.164901769400413123e+00,-6.899970984002859353e+00,-6.229620814832928843e+00,1.229045632475529892e+00,-8.287015799327299703e+00,2.889774623351709426e+00,5.764372771216663693e-03,-8.130338595911261734e+00,-6.755648934608485590e+00,-1.207844637353048256e-01,-5.584842842562249388e+00,7.091996780294372194e+00,-2.992624003870292260e+00,-3.419325761492402638e+00,-3.210641346278756636e+00,-1.561731779131002806e+00,5.315782339313788185e-01,-3.049557801070500229e+00
1.428540791073509375e+01,3.310090092675908480e+00,3.881969937188693542e+00,2.441873578263823674e+00,3.941142976754291816e+00,-6.875265355167862857e+00,-5.076799032481604357e+00,-8.849753185225161189e+00,1.367047916419079634e+01,-6.015047701246562184e+00,-8.442640165609574865e+00,6.114001910581631449e+00,-9.390680285537904126e+00,-7.995332623818358186e+00,-1.280612734551939980e+01,-1.101914625735856212e+01,5.084774923725234430e+00,2.158806649264010602e+01,4.304051549909472030e+00,-6.965344841232665729e+00,4.508024940258397173e-01,-9.705711037825606180e-01,7.747730806683148508e+00,1.366598401919774908e+01,9.986000160437182416e+00,9.236854684728728060e+00,1.018818396773110635e+01,-6.354580191520223131e+00,-9.671349670405289700e+00,3.874979372546572431e+00,4.738765580231243391e+00,9.008056998345452371e+00,1.754846157895482150e+01,1.173249876260151403e+01,6.402054872545516417e+00,1.025263281968912210e+01,-7.743751657988868331e+00,1.236652067972314661e+01,3.867666902012574237e-01,6.779597863073377084e+00,1.479507274422255669e+01,3.950703051853995618e+00,-1.144455089734825926e+01,7.424478875899259478e+00,-1.210042060176676060e+01,3.947482856712082100e+00,1.041585932050547836e+00,-2.856417602368510167e+00,-1.184581819674232683e+01,-9.416908245912274822e+00,-7.622013330091708561e+00
4.601477222565953262e+00,-6.784057359731125558e+00,8.240079049216475937e+00,-4.586153223888763120e-01,2.157359448913641842e+00,-6.509416057178523118e-01,-5.065395137323466912e+00,-3.307288427177058843e+00,2.013174213954149749e-01,-7.709347838453004087e+00,2.660327058654443633e-01,-2.509316932497922537e+00,-5.466621103392670378e+00,-4.461891767724929458e+00,-7.884205408044139274e-01,-3.671065366755683179e+00,2.099623749034090547e+00,1.000255476336527849e+01,-4.744176562215431936e+00,-5.314878996803679811e+00,-1.490426551124262033e-01,-4.826902289911694233e+00,-1.719090645665068973e+00,4.399111376881577939e+00,5.357090515109074857e+00,2.829622511564590770e+00,-2.000390724760995109e+00,-3.559044676976887533e+00,-8.882036050505821123e+00,-7.192312267770995859e+00,-6.211297143671052012e+00,-7.175194095651447057e-01,-4.601159373957841581e-02,3.575694970117962779e+00,1.398641065983081910e+00,-2.948095865914083902e+00,3.976593215355641142e+00,5.075023036626672202e+00,8.068680003573199144e+00,6.043743103828585816e+00,7.525907344891825446e+00,-5.815470932944320381e+00,-1.406086064184214779e+00,2.454941092265518154e+00,-3.976931119506593060e+00,6.926847093161043745e+00,5.804944753804548441e+00,3.632404431984469273e+00,-3.226766552259665133e+00,-4.358270457485660110e+00,1.512674845286267722e+00
2.958957510159181403e+00,6.441900545953897606e+00,-2.301243907992659210e+00,-3.271161745620094763e-01,7.032789452652547624e+00,-1.293302744504100943e+01,-9.908421810890626347e+00,-7.297901279039082922e+00,4.403805457361620768e+00,-2.891863145743290175e+00,-4.815298002273165956e+00,3.512245312121974994e+00,-4.640462343419081037e+00,-1.068606366486344328e+01,-1.849693478071680630e+01,-4.567185713633543642e+00,6.739000645184002991e+00,1.571973642288497786e+01,2.233271390226339470e+00,-6.592825145749205085e+00,4.747619300951633647e+00,4.616369447510126456e+00,4.279533118147672788e+00,-2.004897424561500774e+00,5.107524492400150606e+00,1.986002027791936797e+00,7.234479825274053866e+00,-5.387591577134129395e+00,-5.170115440237093019e+00,2.795850199051304497e+00,5.701394900758721462e+00,7.784054198111403977e+00,7.345189857611435613e+00,4.458994141692034674e+00,4.406904962764507161e+00,7.953909816425806412e+00,-6.702980670431996302e+00,3.014887533128259633e+00,-5.835200004824196540e+00,4.580009809737141779e+00,1.257259093129489003e+01,5.109972018640801750e+00,-4.852127222979004451e+00,-1.028200518382442041e+01,-1.050910082463481743e+01,-5.207808519519820933e-01,-5.376005382845770342e+00,-4.443660527593161547e+00,-1.740781492454023294e+01,-4.808035532517619615e+00,-1.508357121138395041e+00
3.010405116600966835e+01,2.932469035561859450e+00,-3.159167184507710502e+00,-3.090782172164032815e+01,8.816773043990629333e+00,4.079860633662215186e+00,-2.012838594550145643e+01,-2.539715447051985819e+01,2.350256048975563061e+01,-2.307340517166478477e+01,5.511735344071188258e+00,5.772088550208581026e+00,-3.082572783552488715e+01,9.113716249157068461e+00,-3.483973527387257008e+01,-3.071525215176437840e+01,-3.625435526458900437e+00,3.616128818910999598e+01,6.689094032957645375e+00,-2.991309500338425309e+01,5.552942067238333834e+00,6.635370296456017947e-01,-2.172547662401751012e+00,2.959604973190578647e+01,-5.554424831510402782e+00,3.283231055432642620e+01,-8.301760085763358887e-01,2.458035337319122604e+00,-3.044623042703953075e+01,2.907071638652237500e+00,2.274342705698431111e-01,3.559012984837650606e-02,3.268449042358372481e+01,-4.295093505708022619e+00,-5.601119888743896880e+00,8.064241906447389141e-01,-2.572205762438011334e+01,-5.378403498258264470e+00,-1.096601599367597935e+00,-6.195727499891360068e+00,-6.074554255414368775e+00,6.551234737406698372e+00,5.086736385026102703e+00,2.287792008157470747e+00,-3.397603279339885773e+01,-4.664376030537900064e+00,1.813734937166328276e+00,-4.754573990975747844e-01,3.189155814379832865e+00,-2.666393482611227483e+01,-2.917732837760548747e+01
-1.857452973959942000e+01,2.281397143010908568e+00,1.195033891172927687e+00,1.569392679342566055e+01,1.248577685588735608e+00,7.888948830701206560e+00,1.914479518164202432e+01,2.712964689092363102e+01,-1.703619356214024450e+01,1.828128459950839613e+01,1.586493927268809756e+01,-7.704838061107723846e-01,2.412182707060876297e+01,1.209406927573705737e+01,2.968765392206042009e+01,2.303640262403013494e+01,-5.952369207662778550e+00,-2.687031987997599458e+01,-2.069129154212717481e+00,2.471505712334004556e+01,-5.514821345220187077e+00,1.782300337007773905e+00,-6.625980460021683172e+00,-2.331323081776682571e+01,-4.771445947682853905e+00,-1.364765160362442487e+01,-1.126075577898460800e+00,1.698009934431201273e+01,2.713884352984952386e+01,-3.177518723713237847e+00,-4.432910435584002329e+00,-6.393527226330657953e+00,-1.379832119343236840e+01,-2.084648542657967951e+00,1.308796210470356769e+00,-1.296187659881955945e+00,1.913035032756783593e+01,-1.097302483432273590e+01,6.605499112201491663e+00,9.124314311016576085e+00,3.275667295255959566e-01,-3.930345794471406862e+00,8.032567448126251008e+00,6.105485040144588815e+00,2.283053744138398855e+01,-1.826573509701672648e+00,6.782082927831634578e+00,1.169448629717547661e+01,7.787031127764699079e+00,2.484253213147975003e+01,1.827806977030200386e+01
5.243341761074208129e+00,6.515669434551967676e+00,1.086761475589249848e+00,9.416582310243191145e+00,3.861431617106696912e+00,-3.415668260777095622e+00,5.496906612496578859e+00,1.813777842933118833e+00,-8.766918616167376221e-01,1.191487013879382140e+01,-2.431152377502084683e+00,2.727142072962604580e+00,1.036700903841701304e+01,-2.592644105369870111e-01,5.209377668031208941e+00,3.949817492316157086e+00,7.239555283399026209e+00,-1.667279824170837088e+00,5.969273755464583608e+00,7.923029230752513641e+00,4.763603389553942691e+00,5.287526464911973534e+00,7.838363502395059967e+00,-5.841148302378050161e+00,4.851742729885608618e+00,-2.340989947848521879e-01,6.561828814839422819e+00,3.185764481379287361e-01,8.654007483656437572e+00,4.899932777147506968e+00,4.552289324449321661e+00,-7.956413248329980981e-01,-1.483346449981445936e+00,1.984488025815517975e+00,8.056894549298272423e+00,2.706843081181199651e+00,4.444924352728526706e+00,7.099021651764374496e+00,4.643986644622857263e+00,-3.608627381732458339e+00,1.283723488701341786e+00,8.050921122120357154e+00,6.697081162576621338e-01,7.880749695940121313e-01,7.556623118499495639e+00,5.166939637843158906e+00,-3.179299767503969143e-01,-4.979667864960666712e+00,-4.404102358936158979e+00,1.023022573383182809e+00,6.024476814993626306e+00
-5.823807970742187479e+00,-1.136190124380791566e+01,1.516734922537941976e+01,1.405909836564167570e+01,-8.745505398451168588e+00,3.987431581684399706e+00,1.142632037017363800e+01,1.285361843548751182e+01,-6.368243287934508778e+00,4.750770734081543267e+00,4.073702767899066934e+00,-7.017631679561135094e+00,2.055987199154793554e+00,1.796757658554942294e+00,2.455953289704747178e+01,1.042831155922356956e+01,4.117593820720213849e+00,-7.409566856378390298e+00,-1.260199809912470847e+01,1.505913412389603323e+01,-1.068126878887277442e+01,-6.082824489233861875e+00,4.942255088837463006e+00,-1.120308393491196242e+01,3.367525465344109126e+00,-7.110785276922591436e+00,1.150297839667469013e+00,-2.198537195049399706e+00,1.468250610466362183e+01,-8.850000635210093947e+00,-5.142885643568072318e+00,5.620820678829452355e+00,-9.222276941288159335e+00,6.396388070710399276e+00,6.077159559713706471e+00,8.183926085220076807e-01,1.430463566434688971e+01,1.568842257774141213e+00,1.285926527574169498e+01,1.636575255029778830e+01,1.000224716227119615e+00,-8.901581943282266707e+00,8.196777260332630544e-01,1.472764301759766603e+01,1.115134473509934665e+01,7.658759500069838744e+00,1.145529530564107112e+01,1.369765298157102684e+01,9.008384108194427142e+00,1.235350747031815644e+01,7.512602471783338842e+00
-1.202185646829449794e+01,-2.533861444356793946e+00,-1.518628774940967929e+01,2.645842180626925888e+00,5.215147367405146284e-01,-2.406246005239183194e+00,5.598424686106568515e+00,1.085223133001121987e+01,-1.223678429555674541e+01,1.598974819786110757e+01,1.212315657529037694e+00,4.743205649503167365e+00,7.659184696292948402e+00,3.628441691922863477e-01,2.146158294842273051e+00,8.694008653891089011e+00,-7.084100173720820237e+00,-1.581994884849444816e+01,-8.331180467995089600e-01,8.966567475984421165e+00,2.160134577165478298e+00,5.391967656805014109e+00,-4.767042638353604644e+00,-1.787711171379001129e+01,-7.895971839837837791e+00,-9.105016251376367720e+00,-7.569477204036057394e+00,-1.645411480242262137e+00,6.443450585006806008e+00,1.341743625949138874e-01,-2.767361910622492260e+00,-3.073919393205518880e+00,-1.338356187242188255e+01,-1.115181772637707169e+01,-9.283398664284639779e+00,1.429575567994924246e+00,4.950307341269727601e+00,-8.359168316971690160e+00,-7.595698873477747526e+00,-1.047732639707491842e+01,-7.293958443494204857e+00,2.439512437698684089e+00,-5.585122103574029495e+00,-1.220813024661634927e+01,1.982340626163975106e+00,-1.859280812059012078e+01,-1.047481960361142050e+01,-9.251505916106360417e+00,-3.405399582775887168e+00,2.686783480669895141e+00,4.141517442978825514e+00
-4.450137653106188473e+00,3.016468580237910313e+00,2.885545736336094347e+00,3.408483456113032162e+00,3.739352466507975592e+00,2.292529867622108863e+00,6.076833265901457892e+00,9.249254310530927725e+00,-7.353101692740326989e-01,5.925952214719675482e+00,1.263208148674111575e+00,-2.229867148821360168e+00,5.637439395297537459e+00,-1.468374924168261320e+00,1.052124995786424222e+01,1.006286325030730211e+01,4.893046490812364979e+00,-2.596846752520963086e+00,-2.960215956491392575e+00,5.038085793171499738e+00,5.703641719317547931e+00,1.299844440270045975e+00,4.472066316431564381e-01,-2.149388306225013423e+00,-1.464644925104637396e+00,1.121169158336078109e+00,5.253191739652874892e-01,2.935964764220056811e+00,4.662343163899975274e+00,3.985001553717548717e+00,-1.182141294734041281e+00,7.720887702026587363e+00,-1.330985310641655595e+00,6.710332633372193545e-01,-1.539966863998791347e+00,3.249972788582495831e+00,1.050888142341218190e+00,1.443730964936547068e+00,2.375583159958760682e+00,8.736562374518144214e-01,2.789755551091280150e+00,-1.916124557119628813e+00,-8.684397097372112961e-01,2.800096776317801517e+00,1.005710552640381561e+00,-2.172900595964513126e+00,-2.021819652787450128e+00,4.822024854563053964e+00,7.695055951419640827e+00,5.595677156386026141e+00,3.843611835918818720e+00
1.146142129974101387e+01,-9.808559935225911186e-01,1.119672821291084253e+00,-1.475346560064695112e+01,2.089906471980530256e+00,-3.738369167505234625e+00,-1.546084758253473623e+01,-1.383628755128571086e+01,1.205215460572274466e+01,-1.271000579530610786e+01,-7.405201269814510212e+00,-1.210596696086922996e-01,-1.782092649873665380e+01,-1.032122221544363327e+01,-1.734610043010630420e+01,-9.882985938669275328e+00,5.245804734525523649e+00,1.871769338449317033e+01,2.143093216899552456e+00,-1.587291201908137239e+01,4.567460458887718566e+00,2.600055359005678746e+00,2.142158010283550240e-01,1.439145907989897921e+01,3.870938372892884338e+00,1.157002528341983805e+01,7.488072323537411368e-01,-5.155232856068057146e+00,-1.696362712760512181e+01,6.854861114318488990e-01,2.921117755664512039e+00,1.153097754159725596e+00,1.424549557973659475e+01,1.765872208320453662e+00,2.726851140884574143e-01,-2.878673040994356835e+00,-1.573869377273267922e+01,2.651015310870148411e-01,-7.455046744008729576e+00,-1.978674286188890852e+00,-4.355086090312250136e+00,-1.588145248418983524e+00,-4.666493418547936756e+00,-4.800017304021186426e+00,-1.855033494496144542e+01,2.695011551193827515e+00,-9.644499166735434059e+00,-6.519925432124560771e+00,-2.927192235881215243e-02,-1.400326706787034681e+01,-9.632054777470255402e+00
-5.523731505329593006e+00,2.608058764498507820e+00,-1.065711384750497359e+01,5.176497365110673599e+00,7.099495784092260564e+00,-8.713087050999924088e+00,1.428760980218791499e+00,4.279850476329585263e+00,-9.199703910982293564e+00,1.069211218172423372e+01,-2.518242350314819245e+00,3.445411874080315684e+00,1.400532169384385561e+01,-6.480801575019422778e+00,-5.233114382551007360e+00,-6.368988918284621548e-01,3.716752108620672068e+00,-2.345972889442147213e-01,8.931755408346109704e+00,1.790258882110358218e+00,3.774586534182216013e+00,2.439491468466893576e+00,4.766370988025654398e+00,-6.549729116960708808e+00,6.279807682299167304e+00,-6.105914682631363277e+00,1.139012011578553896e+01,-1.132399359017800755e+01,2.643205541805972558e+00,7.254096298633657902e+00,1.477287765873273706e+00,3.853078769713445428e+00,-3.923939112189636091e+00,5.137963313439545487e+00,-2.016041327124152183e+00,8.043754018057438060e+00,1.404637132100388097e+00,1.001710073126018230e+01,-8.466801526850218806e+00,-1.486862374525387054e+00,4.355087084596776847e+00,6.749345259896767146e+00,-5.107746813397669783e+00,-1.036224449919067681e+01,-1.867325992797654877e-01,-4.740217284944781895e+00,-1.058184103943024645e+01,-7.728230975443068473e+00,-1.582467310427770890e+01,1.440455461005747395e-01,1.271803352499770057e+01
7.873370618673799726e+00,-9.102746044194201858e+00,1.551439624247283788e+01,-4.046739726443361107e+00,-9.716997389897532145e+00,2.618268789300717270e-01,-8.014465891703096645e+00,-2.894962406688529555e+00,5.302747749154290702e+00,-1.326630702987489485e+01,1.808626158744571111e+00,-1.128844988459179710e+01,-1.494656828915452529e+01,2.361917208377309230e+00,3.563600960065558709e+00,-9.125747429052688986e+00,8.305775676534985497e-01,1.169339319072645544e+01,-6.761758860533126914e+00,-5.538572289071439947e+00,-1.432351628930250520e+01,-6.596469050540623158e+00,-3.072828827067769275e+00,6.648384620592056038e+00,5.351373963436542702e+00,8.165641327360011914e+00,1.216747506958830716e+00,4.210438275014347198e+00,-6.015039678455765149e+00,-4.634181302631451338e+00,-1.379346394075476034e+01,3.441550772102731415e+00,8.246797189470063572e+00,4.026569135366146135e+00,3.029344540457940216e+00,3.685259843605305452e+00,-6.738999216044287088e+00,1.437799448251697143e+00,1.224190308394897997e+01,1.482501064326491402e+01,9.008557412257083286e+00,-1.115718311811501096e+01,-7.962756696964257142e-01,9.844174631650769669e+00,-3.819823370713193000e+00,4.882249975078976512e+00,1.087482861861637140e+01,1.173049368395371062e+01,8.848921689200967222e+00,-2.847541620913554450e+00,-8.221489138351559589e+00
9.671681569500482079e-01,2.468155917328273219e+00,-7.801310015149185872e+00,-2.143053500837139413e+00,1.923568503354280423e-01,1.958062905028130629e-01,-6.694963704923873493e+00,-2.418976994548018844e-01,-2.541292004333384202e-01,-9.827886790206123990e-01,7.866550388747991507e-01,5.991051635189243996e-01,1.497517976062561651e+00,-2.978923400945364008e+00,-5.675522231341066259e+00,7.015513955563841275e-01,-6.211318221762673453e+00,-5.659608609083075947e+00,-4.072154413277572438e+00,-6.580783235129290532e-01,4.887253624134273444e+00,2.681665435824067245e+00,4.330979712556870531e-02,-2.345710893834849653e+00,-2.219601275062257351e+00,-2.121608335497000564e+00,-1.133659089061849423e+00,-9.190492608195508506e-01,-5.793962133466632469e-01,-6.717986648466451882e-01,4.953139517122530755e+00,-3.622754937709746770e+00,-2.833961680025970153e+00,-7.453616582914492028e+00,-4.649785876062930257e+00,-4.249093171912396549e+00,-2.709717212516231211e+00,-2.158252273442841318e+00,-8.113071405310194883e-01,-7.860442802016867070e+00,-2.600028616667853676e+00,6.586544729286323729e+00,-2.071014565073396874e+00,-4.913257965968314878e+00,-1.632185168841355338e+00,-6.116286390627705849e+00,-4.628062682045691822e+00,-6.916517622880373750e+00,-7.963058041401870568e+00,-2.576658560702893563e-02,-6.941182752308128201e-01
-2.078730494390318384e+01,-1.626296536541689264e+01,2.933851265085142757e+01,4.070551664103785328e+01,-7.020918625334200414e+00,-1.806519643409782461e+01,1.373528129543214682e+01,2.802672320450688659e+01,-1.426518597125510723e+01,1.142195155508639459e+01,-8.214610182733176558e+00,-1.847187486812745405e+01,1.581107639707363965e+01,-1.605884823778731274e+01,3.035575593991676513e+01,2.219842547933023980e+01,1.492387187198864673e+01,-8.499108591474493934e+00,-1.508124338457286839e+01,2.035559364382829983e+01,-1.185124239868371987e+01,-1.176061469065794540e+01,1.073867617282078157e+01,-3.262899583893876354e+01,1.337175397382380737e+01,-1.784256321407598023e+01,1.049279469077024274e+01,-1.606965299418020621e+01,2.382448884817636170e+01,-1.612104287137254133e+01,-2.146110538514507837e+01,1.939658406979290461e+01,-2.537002959718986972e+01,1.283116697522412153e+01,1.337606080587147339e+01,2.137411375402134439e+01,2.006942410889432082e+01,1.364541600570233726e+01,7.739884692193958138e+00,3.144330513176780784e+01,2.277237478595400333e+01,-1.221699212911999766e+01,-1.206494314729854800e+01,9.633196609121945642e+00,1.624118097876236533e+01,2.436445371939780458e+01,1.181026934497790215e+01,1.578670383376691788e+01,-1.178707194734324659e+01,2.121683283773173301e+01,3.313172360864513166e+01
-1.367915312521405635e+00,-6.134404191944708984e+00,4.729857738071268081e-01,7.220638600505422389e+00,-4.444603737996104975e+00,-5.046250939394059110e-02,1.555320104909552192e-01,3.414837660884546544e-01,-6.756669027216261725e+00,4.865753132017996307e+00,2.943159846475036368e+00,-2.023434841962572062e+00,1.421829251381605541e+00,-3.137432958325582444e+00,-9.493287190588146629e-01,3.434449469337137018e+00,2.727854263734647677e+00,5.152267942881956664e+00,3.432859039338919116e-01,-1.507293850189502571e+00,-3.867554930220744147e+00,-1.701709313408142465e+00,1.338167027485444915e+00,-6.757599874122918848e+00,1.631239544774195194e+00,7.239993075013817503e-02,8.062952386192495879e+00,-4.271787566689786431e+00,2.021406135085341393e+00,3.159425238396177171e+00,-6.513726967328376638e+00,2.400750334037560219e+00,3.133983560607505936e+00,5.944755198129999307e+00,6.049903696202786563e+00,3.996722149191546780e+00,4.365556621455310982e+00,1.147441350722944442e+01,2.793884215657183034e-02,4.589006859024068241e+00,2.340302256476343157e+00,-1.436151793258348075e+00,1.216050201496012839e-01,-2.737136112942031296e-01,-9.576789844907117599e-01,5.107506283048144802e+00,-3.138890487012367281e+00,1.540978229506186459e+00,-6.752076136946000950e+00,-1.572975370150008434e+00,7.429865385724437665e+00
1.169763511685639301e+01,-6.693806662328205093e+00,1.355613141423187784e+01,-9.461626986103222947e+00,-7.375153163444318594e+00,-1.429111820696161272e+00,-1.817872830076812463e+01,-1.152124709874637709e+01,1.535804673370951257e+01,-2.268556639160134480e+01,-3.825750842099618687e+00,-8.877925455499497076e+00,-2.614421507641044684e+01,1.297644060109349073e+00,-1.217843928718564328e+01,-1.861491340289988372e+01,2.951763246029815324e+00,1.513579765011168909e+01,-8.614147793027665756e+00,-1.482081016708939813e+01,-1.130943341976032812e+01,-6.662378499920863284e+00,3.144518744993855197e+00,1.456565767619445140e+01,5.468435831509343537e+00,1.024973117234599940e+01,4.628430275864782395e+00,-4.281494763409583904e+00,-2.574455161101836609e+01,-6.345486875569527285e+00,-1.045615113212802427e+01,2.905700339408305410e+00,1.964802445438976974e+01,8.423787729911953903e+00,1.581606538138897733e+00,3.842540993680545469e+00,-1.710184493186554633e+01,4.883652486850165175e+00,6.445814781179795894e+00,1.485328034929218965e+01,6.279850246291669436e+00,-6.160040028525555655e+00,-2.165859531525146764e+00,6.146906634969749206e+00,-1.273642916274601689e+01,4.647341608535848323e+00,4.151549656682541389e+00,8.438554821524348881e+00,3.391516056931900724e+00,-1.800429433072160634e+01,-1.321287947337866875e+01
-7.363610026873391057e+00,-9.874077874090046336e+00,3.160962222340932382e+00,-4.882230185244331722e+00,-7.257536306974469831e+00,5.895037267084200394e+00,2.573576085049965378e+00,1.832130375794717381e+00,-1.129506423482951760e+01,-2.019351157712630851e+00,8.592088180687072807e+00,-1.878540018358617658e+01,-2.592858918755206687e+00,7.657236085174160323e+00,7.677928385223691699e+00,1.627201640485040013e+00,-1.234251230058412396e+01,-1.325295337313325206e+01,-1.098702943594431858e+01,-3.122671174315376774e-01,-1.506810623391784176e+01,-1.547421606645114167e+01,-1.432516822856688599e+01,-9.209930857832002715e+00,-9.993636520612973584e+00,-7.142723831039107907e+00,-1.451339932323806536e+01,8.097252010511812870e+00,3.955945306938463357e+00,-8.400559146940516086e+00,-1.219565138673283045e+01,-1.023713770286121871e+01,-9.000137420094640461e+00,-1.619548038451208427e+01,-1.171837046876001054e+01,-5.673708692619532812e+00,3.873658957651888723e+00,-1.154930012098509806e+01,4.262974778760728611e+00,7.098799740906978073e-01,-7.239897449878617941e+00,-1.235437286068688678e+01,7.799237161287990716e-01,1.189460539803723904e-01,5.085368250350764896e+00,-1.183335810708163294e+01,1.789834854286782573e-01,9.480371903704034153e+00,1.107153846786894213e+01,3.392794613679437798e+00,-7.859486566696356036e+00
1.947353160538363781e+01,-5.180986230208045384e+00,-6.980174423957676844e-01,-1.647716423727604962e+01,5.604517276615705867e-02,-3.338434261717096785e+00,-1.691301029556079527e+01,-1.871096245496427102e+01,1.920241134268969674e+01,-1.669137284136957788e+01,1.455598666892170545e-01,2.766508810363029980e+00,-2.622966551119460377e+01,-9.073208981622541414e-01,-2.627876581499131348e+01,-1.956735950309411720e+01,1.751357425339133522e+00,2.211073902312333317e+01,3.010243416235262703e+00,-2.041842225460938920e+01,1.132246456962322068e+00,1.671719300567537703e+00,1.220579790285947652e+00,1.158650134491378658e+01,-1.649839964382957547e-01,2.275541938999300484e+01,1.350302145856290048e+00,-5.148468202268875693e+00,-2.416373050687432311e+01,1.799106038557502174e+00,-4.484112903825948848e+00,2.280808421195918534e+00,2.272281803865833538e+01,6.206103951645418615e-01,-3.226447898934093672e+00,-1.732254753531581315e+00,-1.452021994041756159e+01,7.430952049454855324e-01,2.097614451242082012e+00,-6.940420371277073563e+00,5.762138722953446646e+00,4.508749585903955470e+00,-1.566618725285434888e+00,-4.702236632550897966e+00,-2.730318970580252369e+01,2.032393382240804680e+00,1.945632040087724057e+00,-2.055298092828362844e+00,-1.007560422860675153e+01,-2.013435124149816957e+01,-1.652846791711902341e+01
-4.273727201737612447e+00,-5.834293210781220651e+00,1.317909224078731256e+01,2.431960659606572150e+01,-4.786823715542443125e+00,4.362126640674210520e+00,1.561590993969701735e+01,2.461829311372815354e+01,-8.719221481248343508e+00,8.549492985334129713e+00,3.094457447189781440e+00,-7.750773860301517715e+00,5.223674913211114657e+00,-3.107674303885827882e-01,3.130213860806743753e+01,1.416406180922494329e+01,6.332073770978288607e+00,-7.697360940027252241e+00,-1.087536881520601995e+01,1.468437865130095865e+01,-9.473682381325243540e-01,-7.629379689599401715e+00,7.266766968874085464e+00,-1.439496041929163361e+01,7.168656686495910257e+00,-5.975449214501720618e+00,5.702371446666604449e+00,-1.645903472329759420e+00,1.177285077416168413e+01,-8.184787772833654884e+00,-4.916748608807101739e+00,9.007388902153662613e+00,-1.034541698470974147e+01,9.405297645778345483e+00,7.024983337189853572e+00,9.285437268334304051e+00,1.481857534830617951e+01,4.556095276050309728e+00,1.924085525835002741e+01,1.516121096095337961e+01,3.707372709840527580e+00,-8.060209151473680222e+00,6.526293982444202335e+00,1.281817234586780963e+01,1.043380764565549512e+01,1.692466440914389381e+01,1.510232440456255532e+01,1.307257195303358621e+01,3.670467430114908947e+00,1.973216448583255556e+01,1.613619978830807966e+01
-4.803029137192075027e+00,-1.023010138690478499e+01,1.472492032973507614e+00,2.593071695682308775e+00,-6.791406756619822183e+00,-4.118557004762087637e+00,4.507894211918692662e+00,3.881984483788473828e+00,-7.156509306264369208e+00,3.423899102465332689e+00,-3.259578665409039733e+00,-2.087146864569966898e+00,2.704741734538140818e-02,-2.768442325060783027e+00,2.306451735827585114e+00,4.046823338499442535e+00,-2.011544426416944642e+00,2.628713231567667563e+00,2.676146063787931517e+00,-1.531847862900889812e+00,-1.351607972426366322e+00,-6.004967393896511574e+00,-1.345467075614759089e-01,-7.233959628029483113e+00,-6.410390969797825633e+00,-6.641834230150629459e-01,-1.890571299560384055e+00,-1.922438392821502973e+00,6.940627761998720224e+00,-5.684086788399145718e+00,-2.299072559064120114e+00,-7.180333832597052712e+00,-3.444384190025619574e+00,-1.905273985967758765e+00,-2.784904057686497403e+00,2.038450714183901447e-01,5.008943859135420063e+00,-4.731414715700791973e+00,-1.308890660700823272e-01,4.013119274439539419e-01,2.655177298826342236e-01,-3.697138917783262535e+00,-2.354105465251230100e+00,5.766855391231457961e-01,-8.782539334605845127e+00,5.392670688564596304e+00,2.659228916760766115e+00,-7.768533057035229561e-01,-1.368323882722233265e+00,1.844865053531981491e+00,6.363604753462214880e+00
-5.465177841512543822e+00,1.582049990703139564e+00,-3.384450068462975914e+00,1.611916765709823451e+01,4.391909573550595525e+00,-1.415409042385784577e+00,9.643681912689640257e+00,1.102264271431046083e+01,-5.073963292453554708e+00,1.735042859263817405e+01,1.794288215712435797e+00,7.169754386726392426e+00,1.297222328150506954e+01,4.383438279978036256e+00,1.110245083069620620e+01,1.506287965187988576e+01,4.853968347415799300e+00,-9.737884701268544774e+00,4.883769556800155343e+00,1.089624455946768222e+01,2.115704834731768180e+00,2.081966620888530350e+00,2.754155691873591660e+00,-1.291258111279541865e+01,-1.272878152163543497e+00,-9.307120598900969100e+00,-4.088821252359335912e-01,2.344829081484983035e+00,8.996835444322705655e+00,2.019245804064765615e+00,7.214979751229901872e-01,-4.414203872072093304e-01,-7.676019201351182986e+00,-3.535005036886306407e+00,4.153078486054440077e-01,3.552715422194577144e+00,1.306147522666243788e+01,2.152361146167341754e+00,3.214677285238476401e+00,-1.006140995911634306e+00,8.018290330699914037e+00,5.498479450845165317e+00,1.410116808169540326e-01,2.172130795141652193e+00,6.390449370182498257e+00,6.141637195999812171e+00,6.357606574630901841e-01,3.267883084864942056e+00,-3.791133586475963213e+00,1.101140064254786566e+01,1.535056334341515338e+01
-2.376845783749856444e+00,-3.218847820588046638e+00,1.144896539243847577e+01,1.153482397082316169e+01,6.214249341163607276e+00,-8.633412945216383250e+00,2.016688848654736965e+00,3.591071917229962995e+00,-1.349393992082193794e+00,3.148674090984185270e+00,-3.677818121285373554e+00,6.960361284614833277e-01,7.984037433375590354e-01,-6.710735846639872548e+00,4.805859691324235961e+00,3.489225024479996939e+00,1.141933601207045967e+01,6.686267447130064490e+00,-3.095127566271552055e+00,1.851227798553223280e-02,-2.998814516977260425e+00,-6.800567236318770803e-01,9.255443378985182434e+00,-1.879777392546795545e+00,9.436053499282653689e+00,9.062056216639198247e-01,5.906709012833836425e+00,-8.059702637040576434e+00,6.726115314842635584e+00,-5.264174138321619623e+00,6.352948161647991476e+00,1.134210866726961520e+01,-3.448750281895950565e+00,8.629678277468958214e+00,5.662093768127695270e+00,9.635177014199406642e+00,2.493969760805845315e-01,6.822732971738509455e+00,6.079469159306931658e-01,1.355991473960360594e+01,1.966649972431595472e+01,1.708301756045091047e+00,-7.144976168021349494e+00,2.125773916409536390e+00,4.880713905815611042e+00,1.338284103704940442e+01,8.734258678357069705e-01,1.743812181183541865e+00,-6.801585083128527387e-01,5.924675595191411404e+00,1.872034808538264272e+01
8.502998652244526667e+00,-1.354157470225132975e+01,1.019086315627832917e+01,-1.226498575157170734e+01,-9.843819007502503382e+00,-3.499239217154929804e+00,-1.492075034276610523e+01,-1.904997867732723904e+01,8.392579692155230475e+00,-2.686730962140665824e+01,-3.569294199306269899e+00,-6.731999347933044220e+00,-2.815441861761986786e+01,-4.625521985316657592e+00,-4.847900444985748791e+00,-1.261913206562376288e+01,-3.585399109421598673e+00,1.007989429005512250e+01,-1.202226189678543200e+01,-1.427038679721354697e+01,-1.091826874199934494e+01,-1.324512279104037482e+01,5.763038674862228206e+00,5.333448474928624172e+00,-4.194182330748471799e+00,1.264288520341105482e+01,5.051735455462487145e-01,-1.776339985083674300e+00,-2.118294918609018396e+01,-1.463289720798767490e+01,-7.266205304192268954e+00,-3.810108876690112556e+00,1.129025866215522989e+01,-2.692719184896994022e+00,-4.599569350042465032e+00,7.990224536168978320e-01,-1.572811239360724045e+01,6.258876388942029578e-01,7.267518106975638048e+00,1.122814672331754871e+01,9.494889827314941799e-01,-1.253379960906421253e+01,-7.557615525927414701e-01,1.137077797300658588e+01,-2.266131829636856310e+01,1.302622666892819403e+01,8.685952953316633085e+00,1.146160599655792467e+01,1.312108976472497091e+01,-1.485027129583468941e+01,-7.220980258006615138e+00
-1.341369839992287538e+00,-1.202258735095622200e+01,9.067283494073839378e+00,2.719284459183332281e+00,-3.044174649769081586e+00,-1.183902203951363497e+01,-3.091879297099895396e-01,-3.608745913622079193e+00,-4.894895922484498563e+00,-7.115634735623331153e+00,-1.103912396085934056e+01,-9.273491331119790848e-01,-1.129562823248188241e+00,-9.668812789502153393e+00,-7.532506740557145974e+00,-5.002442045610143495e+00,3.384434140226252108e+00,6.018806027340403375e+00,-4.486745960042898274e-02,-4.026584267849239396e+00,-3.235133067048792110e+00,5.973018611184945925e-01,3.417332834807528030e+00,8.861233590247697967e-01,2.361676883212516564e+00,2.632879343961027629e+00,9.707721345721477491e+00,-5.625574842244359886e+00,-1.815134888310527828e+00,-1.671392531648659530e+00,-6.218570743064889328e+00,-4.345808547434737434e-01,1.982306091148693827e+00,2.765135050873134492e+00,7.790393816176179875e-01,3.114003024975184886e+00,-3.321030872141463419e+00,7.504632460447282050e+00,-1.919012206819634248e+00,5.705659274382105295e+00,5.385343040947994098e+00,-2.798476914431911489e+00,-7.751596539775968964e+00,1.288827039393665164e+00,-6.271573021712297802e+00,4.606239202517549813e+00,2.997131082655022372e+00,1.808610096999037076e-01,-1.524921909501944173e+00,-1.263872518161151426e+00,3.520961523029265905e+00
1.104731987310338504e+00,1.021116687654199673e+01,-1.859324885853491338e+01,-1.556438607027909704e+01,7.378388454692261789e+00,2.694499785273978887e+01,1.076699678594408383e+01,2.529353636586233911e+00,2.650456160726877286e+00,9.020389373775293151e+00,1.999517329219868600e+01,8.891370916608684283e+00,1.539181852140499096e+01,2.476167830923576929e+01,7.578291496959451479e+00,1.091502949074462059e+01,-2.033142230876921985e+01,-2.134880906181833637e+01,1.344610423900872043e+01,9.405872735981144928e+00,1.037054310220872466e+01,1.161242554250040193e+01,-1.505011337827523477e+01,6.084786541556157502e+00,-1.266495240353378726e+01,-9.248645250085205660e-01,-1.262671929222696221e+01,2.294347381610211656e+01,5.661274565082480947e+00,1.267703768322866864e+01,8.517691319401881955e+00,-1.950584698616785673e+01,9.521136278813031595e-01,-1.825611859204897769e+01,-1.678431388824195736e+01,-1.841350061815099792e+01,6.623070671164621004e+00,-1.355568662878567210e+01,-1.190912940889157223e+00,-1.729403370207583635e+01,-2.005610251216403839e+01,6.659463056343465581e+00,2.064634228637959268e+01,6.402747792392116111e+00,9.130036717761029763e+00,-1.749504273674061849e+01,2.120124361544439839e+00,-2.394102654493339699e-01,2.913090938707375699e+01,1.090730770375748904e+01,-8.662153327900277588e+00
4.839709770158517887e-01,2.026595984754642288e+01,-1.000537048587072420e+01,4.213502718613071352e-01,1.251480153526906491e+01,2.248321149903338423e+00,-1.800743117379745684e+00,1.132068467809428380e+00,-2.323181986285072220e+00,1.276023175476123406e+01,3.922566452786710123e+00,7.866907874629960773e+00,9.962911009969303677e+00,7.694106830047964252e-02,-1.349292492964612933e+01,3.537079226224114858e+00,1.591910806711400728e+00,-7.756141923520549319e+00,8.597341215055678276e+00,4.400681576403284723e+00,1.196733465003630847e+01,5.565108190068569272e+00,-2.739361171077554502e+00,5.483626485683062768e+00,1.230954048036829951e+00,1.205566337077224048e-01,-2.026275648156728337e+00,6.405029216685649729e+00,2.676209691445081695e+00,1.172933040573434127e+01,1.293549703781314086e+01,2.192567949883001077e+00,3.397444251305778984e-01,2.311660803823401444e+00,4.419698700806412361e+00,-3.114907150562106430e+00,2.909332533797298392e+00,-5.060345107345169069e+00,-1.025100515642041366e+01,-1.098927828430313269e+01,-4.016820911287160456e+00,1.211224608663879465e+01,8.936456399158789754e-01,-7.957838058954965987e+00,6.931256092062928253e+00,-1.386698128207473601e+01,-1.102597624147083444e+01,-1.203992762424804752e+01,-6.115585312546254926e+00,3.317500704986048987e+00,-7.819430969785361896e+00
-2.772238038388162806e+01,-5.066458416925119224e+00,-6.628681091053538310e+00,2.051864517172982971e+01,-5.204558090614566979e+00,1.016647256073555994e+01,2.835817796365525822e+01,3.006129612980429755e+01,-2.429671077816024649e+01,2.816932268871115852e+01,1.294541662662375714e+01,-2.464535886096288042e+00,3.395949504367005289e+01,1.091166763013804974e+01,3.982915259868771329e+01,2.845011962180300102e+01,-1.405237676585905859e+01,-4.230688422629284418e+01,-2.598308926425640486e+00,2.590919511256560526e+01,2.041850534512915427e+00,-1.653706533343314300e+00,-7.106739733757841293e+00,-2.451191949188399377e+01,-9.328599334173773627e+00,-2.573399858183735844e+01,-1.601158280527007705e+01,1.373011354893528591e+01,3.358093431795721528e+01,-5.009021894559976040e+00,-2.917856354389084306e+00,-1.357873963024862896e+01,-3.109030863347421914e+01,-1.064098506424416968e+01,-8.834024653218106593e+00,-9.129559906244004708e+00,2.185867316217026257e+01,-8.399418433132328943e+00,4.162249216998334944e+00,-1.269038812664659943e+01,-1.091749577284283212e+01,-3.785565958863096991e+00,1.295602134171389608e+01,8.736586457274523099e+00,2.876147228657546862e+01,-9.436831659746742318e+00,6.755477244520268876e+00,3.356982847526079894e-02,2.392015197012183947e+01,3.343973145429350069e+01,1.863762502235060481e+01
1.757769845691329991e+01,-2.243539520877021687e+01,5.274580409460452479e+00,-9.714865736189121748e+00,-7.435406504419349361e+00,-2.791678150375327405e+00,-8.806139200444448534e+00,-1.037148285384691704e+01,1.365590360772632295e+01,-1.077668361648107975e+01,-2.548476501125902516e+00,-6.970843925572157929e+00,-1.943118541903843521e+01,-4.370365026511656481e+00,-8.217940496805232087e+00,-1.363675913177185350e+01,4.645602864782755193e-01,1.770447065255332930e+01,-7.026693901459291070e-02,-1.084282921017642209e+01,-6.159859842286310894e+00,-3.270349469380328777e+00,2.210694476701386080e+00,1.186689184097754257e+01,-4.026192974136870717e+00,1.977216944126452702e+01,5.483543210927584788e+00,2.227452917632748886e+00,-1.087112173803412141e+01,-7.529800425405166919e+00,-1.329555069693677538e+01,-1.209856774961128423e+00,2.109268634174177848e+01,-3.380907052883624253e+00,-9.682995083407071490e+00,3.059552943226665711e+00,-7.552212263722692498e+00,2.230603581475390396e+00,3.015469912026108368e+00,4.891760427988841364e+00,6.048611868143599857e+00,-2.128713780840408631e+00,3.824313883588121854e+00,8.695759314542303997e+00,-2.099063573975325170e+01,1.521430572465327558e+01,9.477783363433619712e+00,9.091156127289707456e+00,5.173961572193949365e+00,-1.328244819519980524e+01,-8.486567943595051844e+00
9.075241425357175373e+00,2.970407673003964799e+00,-6.444974269434139202e+00,-1.693821272208766615e+01,4.013674363485545626e+00,4.224087262954011379e+00,-1.239814714244679550e+01,-1.340811538075293896e+01,9.318337982595897628e+00,-8.935725162378661324e+00,1.462609547536902310e+00,-2.161358639340097199e+00,-1.109064129046570812e+01,2.322787338409731284e+00,-1.506423916938950036e+01,-1.020497649674742213e+01,-4.973686688602247052e+00,8.323463765820068971e+00,6.408531277463804798e+00,-1.048540097024921636e+01,5.544269611958839050e+00,-4.909409192746112538e-01,2.778558957122303497e-01,1.021147555108802862e+01,7.772697011328344452e-02,8.890706812509060697e+00,-5.399333992205419541e-01,3.162705001832530893e-01,-1.231447922604109557e+01,1.069137088290660564e+00,4.014724370526103314e+00,-4.941254025304656627e-01,1.147384465195708003e+01,-6.653870301757922157e+00,2.898394610784909897e+00,-1.557788364060163300e+00,-9.715373024924577550e+00,-7.656309036019917080e-01,-2.054556185574056837e+00,-4.153743911873481132e+00,-1.876496947755166955e+00,-2.456612856081180407e+00,-7.127959847209242028e-01,-5.042235015598897085e-01,-1.186620320481900848e+01,-2.062337955840650494e+00,-2.936416891137771934e+00,-3.097374656870409915e+00,1.180028283326390870e+00,-7.132099378572307913e+00,-1.892620926250348035e+01
-3.724109983067831919e+00,-3.761396371320209209e+00,2.456691468260367106e+00,4.136792711551833257e-01,-4.510803501496418733e-02,-3.018384099872411408e+00,-3.491065354940047882e+00,-4.102409309278910676e+00,-8.654569194216229278e+00,-4.302412741567711585e+00,-9.969109248748637242e+00,-5.409682569652574990e+00,8.270310597363400573e-01,-1.003513535962900249e+01,9.633589225790126775e-01,-5.408165226541306936e+00,7.643673552453060793e-01,1.917568743059328451e+00,-2.926450828215002353e+00,-6.595067277560424657e+00,-5.720473624611338792e+00,-8.680525728891021586e+00,1.056567605069961502e+00,-4.341818240415731722e+00,-4.624883256460989855e-01,-8.426238139635213287e+00,-5.360905360148615628e-02,-5.226030739210879794e+00,4.990856372239452776e-01,-4.733359459366469402e+00,-3.019677571751758105e+00,2.504672201739066129e+00,-5.887738097672537307e+00,-1.351905112156686073e+00,-7.247126037165174672e-01,-1.768875491360039298e+00,-5.417934554735048813e+00,4.111023869113801688e+00,-2.719225525933188781e+00,4.727961418690771467e-01,-3.029552429156509685e+00,-2.472033561018172954e+00,-5.635171625035554577e+00,1.086807715279488606e+00,-3.673331899455905436e+00,3.479531564590650827e+00,2.127892547876050866e+00,-6.993986723738330191e+00,-4.079042758315639894e+00,-1.894533334240126266e+00,6.022431693434847411e+00
1.402761212968832538e+01,-1.783409068097168415e+01,1.925971303078393504e+01,-1.797201475532965986e+01,-1.249465155233265889e+01,3.943514354918655762e+00,-8.981671168857417342e+00,-2.322938787366611280e+01,1.099877727786621051e+01,-3.226698725670984658e+01,2.839456583273885393e+00,-9.102708814476663690e+00,-3.261955992015356287e+01,-7.835303524224668248e-01,-7.403143541040253517e-01,-1.509942950923739957e+01,-3.056578815727693410e+00,1.856031954042567378e+01,-8.062925610669946508e+00,-1.748145635198823911e+01,-1.371386514459031503e+01,-7.113883546778184908e+00,1.237505685894294327e+00,2.002329221743699605e+01,-5.783442565924778123e+00,1.439513309675489694e+01,-3.811436983018452462e+00,-2.568948867355471677e+00,-2.231156454282232460e+01,-1.245288897315001186e+01,-1.462546932645411601e+01,-2.258157491578188569e+00,1.841461307270568781e+01,1.861419533648731139e+00,8.692802240190569130e-01,-3.506428921735708304e+00,-1.620807753351270364e+01,1.029505516512686736e+00,9.249771937666135813e+00,1.138698105846091480e+01,1.172456131077210806e+00,-1.196700394541227830e+01,-2.527418983533712193e+00,1.399630752532253908e+01,-2.121782254582334559e+01,1.156782254650336839e+01,1.423390050503112647e+01,1.371410483346806686e+01,1.878228970229379513e+01,-1.505404033720350476e+01,-1.530970899723796919e+01
1.529466879897221965e+00,-4.252448841907089161e+00,8.434708896613742013e+00,5.416822580150497224e+00,-7.084445265663711133e+00,-1.017201158380837001e+01,-4.189309331783337420e+00,-8.615551682116173282e+00,-1.585969384624009493e+00,-9.776991643169516522e+00,-1.201920998571009847e+01,-4.843206740706473390e+00,-9.782919525419695006e+00,-9.143947954617640761e+00,-9.192246532288429250e+00,-6.353824989581376315e+00,8.776120851516903798e+00,1.519037278739319419e+01,-1.673633717075783789e+00,-2.970543548797049738e+00,-1.405560864625977624e+00,-2.087537206937847056e+00,8.713644799090296544e+00,6.179022194337362883e+00,3.009527617264088128e+00,7.274693158086870781e+00,6.462293036840411453e+00,-1.055368073876966051e+01,-1.517318884732350437e+00,-2.198900008708101428e+00,-1.115465661032924105e+00,7.855742764122138233e+00,5.349736804151061342e+00,1.166588127644054751e+01,1.046928547460031922e+01,9.000297540313901834e+00,-2.470588083475290464e+00,1.019741470719164589e+01,2.637635834009884661e+00,9.675091202537526414e+00,8.213580733927374311e+00,1.007534802001972096e+00,-8.528185463491521290e+00,4.301557937203320137e+00,-4.750817496665759698e+00,1.526496040261336873e+01,6.870723715354902339e+00,1.687951711658701281e+00,-1.256671351005654458e+01,-4.527591434356915912e+00,1.016498066680222401e+01
3.606221214031222644e+00,9.355645624575197772e+00,-3.848364600926244883e+00,-7.905809339965829352e+00,1.839121818233131922e+00,2.796261355078126343e+00,-6.067569231770988836e+00,-1.045512376242049335e+01,1.127239775515224451e+01,-9.440832845772762383e+00,-1.707411378409075420e+00,-1.059059595082479266e+00,5.016154758636304223e-02,-1.897479409928759519e+00,-1.154509024110899240e+01,-3.974114413182004313e+00,4.425873440730530461e+00,1.452612256072215668e+00,2.251725034948971249e+00,-3.725705981075067452e+00,1.928875244663384558e+00,4.015797120948013443e+00,-1.672762688956517474e+00,1.580553595777829123e+01,4.526011324177728667e+00,7.012331498977590449e+00,7.211321846111871992e+00,5.818739967600839336e+00,-7.901877336906645510e+00,4.871517788043151498e+00,1.132816036370260981e+01,4.415588499174349479e+00,5.674608374642593489e+00,7.228601543132778140e+00,3.859179156539525479e+00,-5.938900919261123512e+00,-4.130729601401297302e+00,-2.934717494472288912e+00,-2.795332807898153860e+00,-1.309750157236643897e+00,4.066928283138005362e+00,-9.668417711327714770e-01,2.334106684971758661e+00,9.368414120636185949e-01,3.472926014577812914e-01,-3.121697867332843490e+00,2.330099887250794310e+00,-5.746134090135729622e+00,1.287745997645749929e+00,-3.713608487386557577e+00,-1.249228299389208274e+01
1.180943284445979735e+01,-1.895086799036627134e+00,-8.484081223032706731e+00,-2.126786193156100424e+01,1.279305430357136952e+00,-8.652145711839221320e+00,-1.687895743910496194e+01,-1.732820829243460636e+01,1.367749066272049419e+01,-1.845423691611757278e+01,2.902470607736425734e+00,2.996433757486750338e+00,-1.414879126757891115e+01,-4.232211195280036087e+00,-3.031320984981086042e+01,-3.095168850904287439e+01,-2.137673170134675171e+00,1.787387622957959366e+01,1.563412537887309384e+00,-2.592611111908979993e+01,2.526870650538991292e+00,-8.685441660889892113e-01,1.179488382444138506e-01,4.383402156936619498e+00,-7.004651007693485809e+00,2.020435163764949493e+01,-4.273576153171865677e+00,-5.504781567534458908e+00,-2.109290457469582236e+01,-1.360504025125226502e+00,-1.490439262182289504e+00,-5.655373052042667048e-01,1.039788394777851011e+01,-1.849438365760218028e+00,-7.289942342304939871e+00,-2.772625908774059234e+00,-2.193899763883088383e+01,-3.280326703237951946e+00,-3.556833421388295058e+00,-5.233024300975681165e+00,-7.454679697648991521e-02,4.400755122457415958e+00,-8.427685413516734059e+00,-6.875267710258549769e+00,-2.948320949960703530e+01,-4.775193874023296203e+00,-9.515891080334965224e+00,-2.920794306411163554e-01,-1.501578653252069095e+01,-2.247983836208447173e+01,-2.037430749630403426e+01
5.758771921788737203e+00,7.195246882681503031e-01,1.097352607219468368e+01,4.273056984431330640e+00,-2.126368328687516795e-01,-1.195858281016344549e+01,-1.118929658308216979e+01,-1.399515700588499101e+01,7.350017489983400765e+00,-8.239397229415500234e+00,-1.358064213362310468e+01,1.120418754929609406e+00,-8.711366989576047715e+00,-1.868768399948259074e+01,-1.014577607671060022e+01,-1.147583960748005794e+01,1.553532064021346315e+01,1.552445165596851773e+01,8.387128469594696822e-01,-5.043869186458439735e+00,-1.820878571424974446e+00,-1.601783086516499477e-01,9.200053750332020996e+00,7.061767640143665759e+00,1.457719961138426257e+01,7.383857909712281398e+00,1.615925759844396126e+01,-1.546650359904330330e+01,-1.399958099468261352e+01,1.776812548571878203e+00,4.363916296207293044e-01,1.050058349471976626e+01,1.084646891537282087e+01,1.171973011256615216e+01,9.933615928415489904e+00,8.696848209666450558e+00,-8.830993586782007299e+00,1.259406285350188170e+01,2.400829728260509555e+00,1.205686925289778877e+01,8.906212372533353516e+00,2.649354685024178480e+00,-1.091582400216390347e+01,3.362794144300373933e+00,-8.603228550878572634e+00,1.211574757439118599e+01,-2.647140832484305761e+00,-1.653725326011077135e+00,-1.690430128098378404e+01,-8.370561354338171611e+00,-2.327927732568814356e+00
-3.962147233495604048e+00,-3.201605593481668066e+00,1.935066864929970709e+00,1.251131024801957459e+01,-3.673957357064384421e+00,5.188596178879711474e+00,1.039439521536522193e+01,1.178491853608189999e+01,-8.469071139908594503e+00,2.072909308762783454e+00,-1.351540441312884422e+00,-7.542316087995223128e+00,1.029249618774939812e+00,-1.430927752196471836e+00,1.105484534342001091e+01,1.124432854596433806e+01,-1.768656570938619943e+00,-4.429183072166051005e+00,2.098241654100609477e+00,1.031499533739025587e+01,-8.671776706928584488e+00,-4.557356541571857100e+00,2.013128024474229449e-01,-1.237416152688184567e+01,8.531323760229735376e-01,-5.336527116184394792e+00,-1.283809557187820527e+00,-3.015162064428538180e+00,5.845781455895251888e+00,-2.930197765739105176e+00,-5.998758181450407179e+00,4.186111596803826496e-01,-7.161344670485817687e+00,1.909612938554954509e+00,-2.174641643698947746e+00,3.661772934611990937e-01,8.504808823915647409e+00,4.676706272728157643e+00,3.285347141031853546e+00,-1.302441068218846976e+00,-3.357995458014522150e+00,-5.223464720967045949e-01,-5.554434968856083454e-01,8.092212489707648615e-01,6.468609997190792882e+00,7.879178064921255498e+00,2.620055974969343282e+00,1.233215497783969994e+00,8.276994029916933115e-01,7.586757968932730023e+00,1.122252063408130240e+01
8.124954763396635471e+00,1.265699828210852029e+00,1.105422440252450816e-01,-5.886207400741502838e+00,2.514655074921077205e+00,1.541944005474508828e+00,-7.884907662742699941e+00,-1.068892379833476625e+01,5.854538399973360896e+00,-6.670495589921535462e+00,1.713118257518798426e+00,-3.351968884298886842e+00,-9.510893174506064085e+00,2.453006033650973805e+00,-7.724263734738977760e+00,-1.363723026531912019e+01,-5.466649722061399430e+00,1.095720098633876027e+01,1.739979658327058365e+00,-9.616009161726481125e+00,-2.662698843067096810e+00,6.976837601245557963e-01,7.064672143415060557e-01,9.336094342134172663e+00,9.805276687505072308e-01,5.508622814881380947e+00,-1.660386910196542498e+00,6.424260719537064901e-01,-1.158254276415703998e+01,6.294034305712036259e-01,-3.022065061460514457e+00,-1.986588597838442993e+00,1.284718515746238054e+01,2.366057779123593718e+00,-2.158592966531570845e+00,-2.685191366826231718e-01,-1.061015470146552531e+01,-1.147211291870891436e+00,2.542330510359003259e-01,-4.668015593480741465e+00,-2.401384055195252110e+00,2.439594506546178820e+00,-2.018076817449200533e+00,-1.660735732722862901e+00,-6.347072114590379677e+00,-5.344813308574983823e-01,1.232266339095450025e+00,-5.037838200463462535e+00,-3.469845415574299707e-01,-1.172076409020607457e+01,-1.003692924972378897e+01
-1.179341331592700826e+01,-5.857633353730579806e+00,-1.642233696298357870e+01,-1.290322513121376247e+00,-4.453634666669969988e+00,4.068808213713920097e+00,6.481824839359246582e+00,3.752345210456637936e+00,-1.504826049436197621e+01,1.117847338517165312e+01,5.042137909942079332e+00,-2.503027810247336671e+00,8.895876688800765208e+00,4.111424342642993501e+00,8.186466148469076387e+00,7.521682471973852202e+00,-1.569252966971719943e+01,-1.610158524297725435e+01,-3.101812709746461838e+00,8.554594451113864295e+00,5.629355236698054821e-01,-2.537177298716714269e+00,-1.181269693076216143e+01,-1.535394554019521962e+01,-9.788435151838426052e+00,-1.471537010402405521e+01,-1.115439388434807810e+01,2.184355702580803360e+00,7.297076696534712248e+00,1.866157550908654095e+00,-2.169408679046387789e+00,-1.456050059096998339e+01,-1.673076748106246825e+01,-1.384766553407940393e+01,-1.184592162324565834e+01,-1.118818234644937704e+01,5.304161700307020944e+00,-1.211778599973771620e+01,-2.484807234587690594e+00,-9.165878507682933218e+00,-9.806150128485244366e+00,-1.046564069747629500e+00,4.869826018324967087e+00,-7.414047086164116784e+00,7.458039873392952046e+00,-7.671336283764514263e+00,-1.153087670831261136e+01,-5.027249568526639401e+00,2.035234972696175593e+00,8.249812926176826267e+00,-3.657519401840607642e-01
-1.322678411276320887e+01,6.757185304690879413e+00,-3.244522945945102599e+00,1.669166951786976583e+01,-2.135745888640826706e+00,-1.111028302399419054e+01,1.038713124467516558e+01,8.524536184188457710e+00,-1.335247100795685427e+01,1.526402950729050012e+01,-1.193234301019861832e+01,3.666834163188124052e+00,1.593976941986240803e+01,-8.198724812132484274e+00,4.636107569373919546e+00,1.021918080408895513e+01,5.515643730096437380e+00,-7.560513436518972341e+00,-2.244179278177764303e+00,1.011080692894417510e+01,1.955164040627757949e+00,8.037408903545381733e+00,2.506978689065134880e+00,-2.082784749713640693e+01,3.535889465805132303e+00,-1.678484085462110187e+01,5.864904390004055834e+00,-1.239154022364199825e+01,5.611615610465793935e+00,7.838362370058205464e+00,-7.767702261875397696e-01,6.038969843333049425e+00,-1.588111962868261173e+01,6.699659083596818832e+00,6.640656095691191751e+00,8.838270725407024742e-01,3.818375051117154584e+00,2.875197638635929920e+00,-7.656799338071673233e+00,-3.405966759415959833e-01,7.726733030636824928e+00,7.417527169785635976e-01,-7.232976764688782367e+00,-1.081105957197609158e+01,9.806659342617418673e+00,-1.415698151739121613e+00,-1.071171738206426483e+01,-1.388305465656057258e+01,-2.236336618016142097e+01,1.217675377888684451e+01,1.689946978356583074e+01
1.015676880758883094e+01,-4.089022965845760638e+00,-2.554764123051922020e+00,-1.629772985560804699e+01,-9.726913223725329516e+00,4.478043268787448739e+00,-7.598678696596032900e+00,-1.219395279247329356e+01,1.237206148213965662e+01,-1.417572150248185991e+01,7.455673185378177692e+00,-9.528093120079851985e+00,-1.575936346719799985e+01,1.201466706365472703e+01,-5.126955723193885817e+00,-1.117404168773280304e+01,-5.356088879221356791e+00,5.627879655506208501e+00,-9.332677396462926822e+00,-1.404280959383510918e+01,-2.198544776976023574e+00,-4.782779680643284514e+00,-7.365536651555792957e+00,8.771847585213489396e+00,-8.020973469119866195e+00,7.505594256849985157e+00,-5.920281366239480647e+00,1.132058497035461464e+01,-1.368706579074455476e+01,-6.849308715411360104e+00,-9.060044791784452656e+00,-3.985278745868738426e+00,9.565096639963266867e+00,-9.143668566580956281e+00,-3.998247434126592115e+00,-6.368159447087812453e+00,-1.355990117181424282e+01,-9.581157860748559685e+00,4.440826593619521923e+00,5.243227521866105079e-01,8.552824434495089889e-01,-9.282023487346611645e+00,1.215246694210693335e+01,2.403244735692643186e+00,-1.115601370289963867e+01,-5.401054853298090208e+00,6.368858901167024023e+00,8.136448290098224234e+00,1.292004658705488040e+01,-9.200380258374094566e+00,-1.786463494794983475e+01
2.059791857182280417e+00,5.319491372916884231e+00,1.018681057036245896e+00,7.516631072306521943e+00,8.295267796949719497e+00,3.993427842191723087e+00,7.595446376095090990e+00,1.356112172097034385e+00,5.060205564575095849e+00,7.666265201133014351e+00,5.632651868835615083e+00,8.282150761946049045e+00,1.029504555239608088e+01,8.049301250513561712e+00,2.123622477659655949e+00,3.999848977880873679e+00,6.742395477267860038e+00,6.262019357230861338e-01,5.734373023848023720e+00,1.524468834850912780e+00,8.662301193704172064e+00,1.178010024044717952e+01,2.076544452651792216e+00,5.679156728287444444e+00,6.142534460421186004e+00,2.760495821911636227e+00,4.368762021545853358e+00,9.690204546660865503e+00,1.445794353337849358e+01,5.873923269495449517e+00,8.218512723666368203e+00,5.889538811954707853e+00,2.098751161386880337e+00,3.220857251237848828e+00,7.786803349553026443e+00,6.349751630450962026e+00,2.077176620545374774e+00,2.139323035550184660e+00,-2.335335778193470269e-01,-2.517774755548630949e+00,7.887106423784196352e+00,9.679366268936405504e+00,4.245131047522056278e+00,-2.146501999706687869e+00,7.664149166779747446e+00,1.887257813601623369e+00,1.664099476981921732e+00,1.000695594019330503e+00,5.879535107786826309e+00,8.072390201615093019e+00,4.080903979708812024e+00
-4.233597713719168709e+00,1.371757479016116932e+01,4.479820989569911482e+00,-4.069477839305541522e+00,8.122019064020968848e-01,-1.901194247023778150e+00,-1.856720134856320037e+00,-2.698789661214906932e+00,-1.010874906847873955e-01,-2.748582392485773518e+00,-1.455461249077950825e+00,-4.847401265326998221e+00,6.466294842668768084e+00,-1.416402481679744252e+00,1.474177923878602581e+00,-1.858241112986465104e-01,9.448685491022960292e+00,-2.222073093020568102e+00,-2.909341937286911151e+00,-6.721320407465558588e-02,-1.451448877380074887e-01,1.125590340836660541e+00,2.519434789207187553e+00,-9.403970712866831505e-01,8.242085593110038744e+00,-6.821317416801118583e+00,2.589422494301948596e+00,-2.215726984575987490e-01,-1.230833678046478141e+00,1.470565313826643683e+00,2.435025276962146545e+00,4.780601134449603329e+00,-9.103627490952920454e+00,3.141885095436924846e+00,6.786959472023888829e+00,-2.566852310768888312e+00,-2.674143390526856567e+00,-8.192140901004101305e-01,-9.365001813582515267e-01,2.519690476170654669e+00,1.009602646526590597e-01,-2.716125154524161367e+00,-4.969506203236226050e+00,-8.136242772207420870e+00,5.537267501712834772e+00,-1.090056851129775684e+00,-1.497557455931806336e+00,-2.867059558773750183e+00,-9.675622331578279667e-01,3.202680628189691348e+00,2.131516965809829856e-01
-1.809244524631329654e+01,9.537950538218124663e+00,8.508884348635632477e-01,1.656565748458622522e+01,9.164758471345106017e+00,-6.902532250375497114e+00,7.854280347122585049e+00,1.659799478863179090e+01,-1.332191080925203508e+01,2.420403079539775604e+01,-1.208796800600157084e+01,1.023686938338657448e+01,2.618019741750304163e+01,-4.333207248699764591e+00,6.032256923176553265e+00,1.573528997886001868e+01,8.004949988630158941e+00,-1.474583165352693648e+01,8.734658768680276353e+00,1.269745848692489076e+01,1.096971610252567686e+01,9.360460970346196063e+00,3.450690457853587745e+00,-1.106618021839245714e+01,6.695061139595296140e+00,-1.564737574343572746e+01,2.389034114675017584e+00,-8.015000775749996365e+00,1.864195607271591371e+01,1.241364184857739517e+01,1.172735376062539459e+01,7.568047236985012916e+00,-1.346222912496522461e+01,2.025617686443174748e+00,9.069531119261043273e+00,9.383367939120310197e+00,1.229089341156974768e+01,4.893388402439006413e+00,-8.553989871727882388e+00,-5.748076245450462807e+00,3.250374800403083242e+00,1.540734286904708128e+01,-3.995847353836855298e+00,-1.350021684532232769e+01,1.843967556894497761e+01,-5.837715093626694163e+00,-6.639678468675732859e+00,-7.145843955261315550e+00,-1.474749867106148216e+01,1.152015999179887196e+01,2.412353129019383147e+01
7.637695813115385590e+00,-2.511850213072414295e+00,5.205007395701358064e+00,-7.606013703824734407e+00,6.796617806890505875e-01,-1.457878273164360472e+00,-3.440012776320628074e+00,-7.512883888512275732e+00,8.901607339647870987e+00,-7.316710657907171012e+00,2.059465707946583457e+00,-2.796317192764782966e+00,-7.498614625732012762e+00,3.074830446710271836e+00,-3.175361811584394456e+00,-8.854619469074657800e+00,-1.180566889954086207e+00,2.993753820915905361e+00,3.211555066203475750e+00,-8.828095952950047121e+00,-7.514614028410737667e-01,1.742314667686954976e+00,-4.758470722590692148e+00,4.778550446053459133e+00,-2.010929678204336213e+00,8.568782656875782777e+00,3.780370588811843291e-02,4.407810419514357037e+00,-4.005811227287953358e+00,-9.722159829409948717e-01,-1.606376552182572359e+00,-4.687848547450895964e+00,1.122389796674141493e+01,1.591672920604135122e+00,-2.807934072857402263e+00,-9.181005104660104887e-01,-5.368487412446285134e+00,2.407876196507374278e+00,6.398829969554656216e+00,3.511334275371099434e+00,8.529606393378750262e-01,-3.345200371360163683e+00,3.430632419647839271e+00,1.920019954477436563e+00,-2.438724820685477468e+00,-3.629648917554206378e+00,5.898361131993956619e+00,5.659091243831673168e+00,6.791905646505683514e+00,9.156185311791338322e-01,-8.226045503996987307e+00
2.684631925406315567e+00,3.927140984944897717e+00,-9.941967927842904729e+00,-7.852508937898432961e+00,1.673505631113434422e+00,1.063762438057852222e+01,-1.532678710628645469e+00,6.442113163781071350e-01,5.160139223391944974e+00,-6.692619498293009173e+00,1.024859193700670446e+01,1.043695753727191144e+00,-3.363908708597757258e+00,8.861090761885330735e+00,-3.745739426437695307e-01,-1.402880777943543933e+00,-9.444746493697618206e+00,-7.124490818943346682e+00,-8.786733950340861909e+00,-2.023140729518973835e+00,-4.101646759601432213e-01,1.040450003747463159e-01,-9.470137881650128264e+00,-2.133833591885223591e-01,-8.079715523270436961e+00,5.148215896520738077e+00,-6.700295297453903842e+00,8.663544455094559282e+00,3.983153712966407411e-01,-1.209347339084225093e+00,-1.382580218815286699e+00,-2.499016451792873461e+00,1.026925401251673087e+00,-1.105651208964329157e+01,-8.481285235089732311e+00,-9.226343349686644046e+00,-1.805477392947519633e+00,-1.206592590006603061e+01,1.258158274291561129e+00,-6.550994018469857849e+00,-5.845604797374646999e+00,-3.688190959423332416e+00,5.104465531629534425e+00,-4.526413654703546285e+00,-2.721355264168360044e+00,-1.095611777857048708e+01,-3.376984952279619812e+00,2.098195341591502672e+00,7.258089084076841502e+00,-5.330306216487898929e+00,-1.049957736727452584e+01
3.482705980607729401e+00,-6.095666631621914355e-01,-1.636297183785677944e+01,-1.702134675262588104e+01,1.751690042064735886e+00,1.348137968186999203e+01,-2.739122298904850705e+00,-2.045790830360476154e+00,1.134858456714665342e+00,-1.422878764343773472e+00,6.869507476266440982e+00,7.092697984087382501e+00,-2.320302598715453968e+00,8.882361243446716514e+00,-5.995729731414487063e+00,-4.325461581805374323e+00,-1.357157032503931582e+01,-5.779546396025985189e+00,4.211325848513334691e+00,-8.613953308163612377e+00,4.628262006351208768e+00,4.328070395622509281e+00,-8.594462392708855702e+00,2.363837203509457474e+00,-1.730785403688513924e+01,-1.382168308569613036e+00,-1.188386353348996671e+01,1.305892479398156958e+01,-9.034185777440975063e-01,2.870755879623071216e+00,3.786683432534197813e+00,-1.167744992057989251e+01,3.432809433278206868e+00,-1.776959937218250829e+01,-7.584407621779475583e+00,-1.665722654432823546e+01,-2.187085401569374810e+00,-1.299726624167654521e+01,-4.318851838119967645e+00,-2.230497190697195720e+01,-1.518478943148737770e+01,4.995710008974652006e+00,1.140103664518950488e+01,-1.765802483128938061e+00,-4.344058973864902917e+00,-1.108919129999372011e+01,-2.780243029763457052e+00,-4.502246127663664055e+00,1.172341081297031451e+01,7.704127431575158447e-02,-9.178256769975469354e+00
-1.526995598354797146e+01,7.267941653078326070e+00,-3.964651605932201228e+00,2.185079687957469474e+01,7.935721908322381779e+00,-2.243216670060604212e+00,1.974463259847809127e+01,1.780332980853520652e+01,-1.535052614977038310e+01,2.700313166164110612e+01,-7.047136615460357412e+00,1.281806906280243297e+01,2.243475929325003548e+01,-4.820578517778464800e+00,8.552462753273282203e+00,2.164479232745003046e+01,6.701661049266837367e+00,-1.136401128900755708e+01,7.567548428528637849e+00,2.137126208486154155e+01,1.103016442967321353e+01,9.723941070569628309e+00,5.708705226457627901e+00,-1.666826661566639345e+01,6.151117405433773833e+00,-2.308879473615022704e+01,7.312610360044011770e+00,-5.502750724830995921e-02,1.682063875788861651e+01,8.248202000098327602e+00,5.880586031721161788e+00,6.239180537402415183e+00,-1.669782474181140941e+01,6.148897878046912346e+00,5.151577269091302647e+00,5.139859356658729617e+00,1.538150877984737441e+01,4.895167062488759768e+00,-9.238008517527880770e+00,-1.000257667807947648e+01,3.648109869371007008e+00,8.831597167887112576e+00,-5.868440054344112866e+00,-5.605115482926181336e+00,1.712487953687388753e+01,3.270061331682351025e+00,-4.310248732017406326e+00,-1.081173471081549664e+01,-1.003412634196049424e+01,1.478045327012692489e+01,2.379896349015853119e+01
8.044452008958161704e-01,-6.242938531004734060e+00,-9.963015413087807914e+00,-1.118321681040129612e+01,-2.909559056495941931e+00,6.038608807008587931e+00,3.638012191011087637e+00,-2.318349204792471419e+00,2.132741119022517839e+00,-6.170376307869967825e+00,1.122163295611230538e+01,-8.495065487679323013e+00,-1.017593424593549045e+01,6.588358698535811797e+00,1.988838206556854171e+00,-4.843844494798046796e+00,-7.344714861986158638e+00,-7.659978851506214603e+00,-3.725315191945031579e+00,1.201244020387197686e-01,-4.689348309234208756e+00,-7.088510195667352853e+00,-5.602258632352963730e+00,-2.546151721188003592e-01,-1.090758712981149436e+01,8.640937018782308243e+00,-1.176281266356713573e+01,7.152912433215327326e+00,-5.779826484666566344e+00,-8.296547619840868748e+00,-4.903222128672899416e+00,-1.224089700270529057e+01,7.293159641881452604e-01,-1.072957267114995261e+01,-1.082853687666991860e+01,-1.070594319965381125e+01,-1.573095719912087631e+00,-9.924742948451822144e+00,2.746973653950193217e+00,-6.412533475548629625e+00,-1.145638764912494523e+01,-5.046701734121873173e+00,1.582878100385014086e+00,5.277551817731908734e+00,-3.890486689455271652e+00,-3.242624755616506427e+00,-1.729795159865604504e+00,4.511406130723489838e+00,1.510507828270349506e+01,9.730625376764330259e-01,-8.989320877208122340e+00
-7.967498302387463482e+00,-4.790619443283645751e+00,-5.470371774712563528e-01,5.076347402122562080e+00,-1.078083957074518651e+01,5.475359316661064568e+00,1.026755847814810707e+01,1.176030782616034998e+01,-1.554306726304791297e+01,1.137920152436643839e+01,1.035654426088343705e+01,-6.525986877131534136e+00,6.329688556140503408e+00,6.870371351532730486e+00,2.062988883244540972e+01,1.321666061434528316e+01,-8.276461257885278755e+00,-2.060215912252424530e+01,-1.833934554034281517e+00,8.447045557736002408e+00,-5.122084880314274891e+00,-6.848492559018068526e+00,-6.171671767249824470e+00,-1.156182681128941780e+01,-8.610191840903855365e+00,-1.226000028446905787e+01,-1.271806547234282725e+01,6.087302022188176842e+00,9.219609705362348251e+00,-2.916007304190291638e+00,-7.773548522881984724e+00,-8.345632848216622435e+00,-1.062889878145135825e+01,-6.318617958997894135e+00,-6.131082253084604083e+00,-6.656086409408698223e+00,8.700979054082699449e+00,-5.443635586063876985e+00,7.631521631896425184e-01,-4.691210595406076322e+00,-6.144841892060899369e+00,-3.869152993572038568e+00,1.097097755718443679e+01,1.988948862752788926e+00,8.084366633856502560e+00,-5.249686148139170783e+00,5.560546674824466962e+00,1.729830595661737025e+00,1.068016657638943556e+01,6.978533725376967922e+00,3.187161995383799074e+00
-1.285442983149542862e+01,-1.538478156185352219e-02,2.057173828120760106e+01,3.195568110783144178e+01,-6.446918647041671724e-01,-1.235072657797232942e+01,1.114100962498005742e+01,1.286769876048289518e+01,-1.009953763353023248e+01,1.665317840952989314e+01,-1.068900087554677114e+01,-1.177759937071706675e+00,1.533806858930785211e+01,-1.245370448965964272e+01,1.865731013682226802e+01,1.516202437422709970e+01,1.283396071927941584e+01,-1.056594146792447786e+00,6.537926522279016162e-01,1.436187104573027540e+01,5.100998526359390439e-01,-2.564371753218937400e+00,1.549968959820380476e+01,-1.785779048940091585e+01,1.634886791732135691e+01,-1.687526899925646262e+01,1.537444759742558631e+01,-1.675308770248576451e+01,1.433428351067378159e+01,-4.451042143201014767e+00,1.150862786894906176e+00,1.265873193318059897e+01,-1.943631751714070433e+01,1.881381864071192922e+01,1.058801512378236431e+01,1.723351651735308110e+01,1.661380622383196481e+01,1.415950322479143075e+01,3.800201162054305914e+00,1.765163948477391642e+01,1.760598161744710666e+01,2.537566755695534582e+00,-8.378429456296949240e+00,2.901873210899272415e+00,1.464095948888067156e+01,1.263727006437973444e+01,6.665968527619583917e+00,1.892210313512008968e+00,-6.729968896580219351e+00,1.582451876237922761e+01,2.582859517419286632e+01
1.782212073510537209e+01,7.575417365224952349e+00,-2.401344687355878804e+01,-2.901275662604270167e+01,9.616192386208007647e+00,7.456530415113364896e-01,-1.908378114214536581e+01,-1.732880345590850268e+01,7.473573933568511407e+00,-1.346957235855996160e+01,9.930298547465639558e+00,1.128565327063926027e+01,-6.891214807375622087e+00,2.699206450382642952e+00,-3.407095112982582918e+01,-2.438149160493298950e+01,-1.175396886853967970e+01,1.425449110954337861e+01,1.005860050899784142e+01,-2.223466601262762410e+01,1.089663593059433566e+01,8.175662045033410763e+00,-6.920820694741067314e+00,1.215399813169638321e+01,-1.514058195142311725e+01,9.525755501587390484e+00,-1.036188480039906601e+01,8.137775729661189672e-01,-1.875443256489176491e+01,8.967493228824046980e+00,6.313494527872091311e+00,-1.392953228112854980e+01,1.009918442521504645e+01,-1.359429464509435981e+01,-8.510136708538732719e+00,-9.857203983533194602e+00,-2.294602077463851941e+01,-1.351287037140337333e+01,-1.430136551758643293e+01,-2.672341838309634809e+01,-9.694882652610594675e+00,7.587943257946267117e+00,2.009786932879362276e+00,-1.494647624781588569e+01,-2.453924673563381376e+01,-2.381116669816854525e+01,-1.213346421578720680e+01,-1.031279880163063645e+01,-9.705143695054939457e+00,-2.064721696907438897e+01,-2.606682544827764403e+01
-9.486686447994630456e+00,-4.186053664599426405e+00,-2.087723732301653534e+00,9.667419369778462723e+00,2.561346635553150453e+00,-1.157307215831788083e+00,4.603783321458118749e+00,7.952966718800842827e+00,-6.229137625549613588e+00,4.232806411765250409e+00,3.946720661793847729e-01,-3.312971205741162439e+00,1.042689874458729804e+01,-1.179841100134869203e+00,6.826746196500984354e+00,9.757142524830923591e+00,3.236845449781435846e+00,-7.573832420240107055e+00,-3.510195669789642370e+00,7.217661805156540211e+00,-2.373872166483920854e+00,-3.916861267934372837e-01,-2.173162818080850212e+00,-9.850897214450567319e+00,7.592418703701467875e-01,-1.041377359015277015e+01,2.608935205933049950e+00,2.484987242931055107e+00,8.932251167440076856e+00,-5.967182979676369570e+00,-2.649849637507943001e+00,1.284367575685849694e+00,-1.482866147265491108e+01,-2.889232299435056994e+00,1.282882657994615094e-01,1.156563602239351063e+00,3.840431790145861335e+00,-5.117630126715717154e+00,-1.437002143313568236e-01,1.508419358957657774e+00,-1.714300291975483503e-01,4.636007520767215340e+00,-3.287912011420697223e+00,3.005166450707611681e+00,9.837002852000065189e+00,-3.828145454969917871e+00,-2.391720588130551661e+00,3.400827321606849640e+00,3.998038163290211777e+00,1.067432989529559784e+01,5.421882919635233833e+00
-1.185050559423232208e+01,4.072690221481139794e+00,1.740590601720810149e+00,1.068409564668926670e+01,2.428461391268379899e+00,4.113254315720961785e+00,1.187328312389704799e+01,1.344701004826550950e+01,-1.431151264097739073e+01,2.050092859437933512e+01,-2.737690982478099944e+00,5.628922093337647148e+00,2.034268336931216226e+01,-2.274835153757845951e+00,8.129402192464777244e+00,1.375619668391871286e+01,9.693852776893069345e-02,-1.535793916010333859e+01,5.099355417912887489e-01,1.214288165673253950e+01,3.611639425918919510e+00,6.187720794318690487e+00,-8.887560232847580011e-01,-1.577891988967487436e+01,-1.903029454238512885e+00,-1.614741605187376905e+01,3.033520472890284925e+00,4.766318212291387191e+00,1.470489486498623677e+01,9.666356984467086022e+00,6.662129796392030734e+00,1.634268158892213885e+00,-1.293649827199956270e+01,-1.000869367797762255e+00,-1.772265823778230054e+00,2.136261129564942518e-03,1.281898170729123088e+01,-2.052620591857741150e+00,-6.514792636270783532e+00,-8.040937786100618823e+00,-1.670951651520766745e-01,8.933252381600990333e+00,-1.330943311412084440e-01,-7.224092908387405032e+00,1.529809659402917887e+01,-6.807124923196815836e+00,-2.428393335330911729e+00,-6.213582490623432264e+00,-1.235012744724152967e+01,1.131130165113684782e+01,1.619826372664624614e+01
-2.080945459687834287e+01,-1.053248420776098193e+01,8.420806738090330867e+00,2.286176386292976304e+01,-1.194605603823688256e+01,-5.348779564774829076e+00,1.529411878805610314e+01,2.648899517043368945e+01,-1.477334899669531509e+01,2.900807332272323791e+00,2.900392421406400079e+00,-1.611983563916228590e+01,1.694806548827391524e+01,-5.950306882501656069e+00,2.558319561090749517e+01,1.782981832060961125e+01,2.086923080726763580e-01,-2.534654943541332628e+01,-1.183233710687411211e+01,1.942436833453278311e+01,-1.505119666723016891e+01,-1.394006852743683211e+01,-1.255949379784244702e+00,-2.381129641032986299e+01,1.425492327216925315e+00,-1.699872016882435588e+01,5.819236506669600573e-03,-1.083881669786519453e+00,1.908573921486602742e+01,-1.032435263109164936e+01,-1.484574097271088533e+01,-2.836347144081759808e+00,-2.174432941671537378e+01,2.276938411131416817e+00,-3.617536027280385369e+00,2.401780750925402774e+00,2.055927104621878954e+01,-2.568208061292823530e+00,8.843480933072040528e+00,1.829366302847957826e+01,4.710757887224633400e+00,-1.037760232749765166e+01,-1.604153611399274482e+00,6.543550544429050042e+00,1.617417778360084668e+01,5.722834111036467775e+00,5.968326462785356945e+00,6.200595163796708498e+00,-1.577218843576650098e+00,1.829676531150721175e+01,2.016692221737696755e+01
-4.773785228462136487e+00,6.341658881098223510e+00,-7.405425822291011428e+00,1.126568000120737523e+01,6.775965378311876286e+00,1.193042713827986567e+01,9.201352947668359761e+00,1.611713795617034606e+01,-5.431145752741602273e+00,1.517584133955156211e+01,1.916700382361471355e+01,4.178225125430071074e+00,1.759699097503419551e+01,1.417283217940593687e+01,9.727447187117013172e+00,2.045255425607035704e+01,-9.199831353839348580e+00,-1.896220308922089970e+01,2.318283412403742361e+00,1.323430447124697729e+01,4.333542462802520312e+00,2.701439542242191294e+00,-5.691062308870699304e+00,-9.905081354103648650e+00,-7.865043798223460669e+00,-3.782386476083411164e+00,-7.353655704652309666e+00,1.625237959172960700e+01,1.129239610401976179e+01,5.064487721710782431e+00,1.954874423227592473e-01,-5.415400698365835375e+00,-4.486045858564269295e+00,-9.358040239675460725e+00,-1.096337404921760061e+01,-1.282344526499336723e+00,1.509312491659787980e+01,-1.138207304242232887e+01,1.662933656907044533e+00,-8.139889316440212852e+00,-3.253684315835755125e+00,6.124393641531848509e+00,1.233379755502630282e+01,-7.507717436050149740e-01,1.192385216174736762e+01,-8.319657766719091185e+00,-1.141092027717508284e+00,2.689155353725403597e+00,8.354664214905533015e+00,1.075521478126139030e+01,1.167808875127144042e+01
1.101431087168912448e+01,3.571213765870298040e+00,4.496617289424375663e+00,1.482482914809472252e+00,1.912899993067926463e+00,-9.164105566066604425e+00,-4.694582903018115871e+00,-4.586616438841256027e+00,8.302626002052575060e+00,-7.722779773474295339e+00,-1.081298206285978392e+00,-8.532785789867461945e-01,-5.428280850795314194e+00,-7.724850369049521603e+00,-4.523470090426206625e+00,-9.943734671800223524e+00,8.907300457195164611e+00,1.698205651122154336e+01,4.643968568134740238e+00,-3.383294662628082872e+00,-4.352618311256579720e-01,-2.150964485057255793e+00,3.708268247008243979e+00,3.666197967081413545e+00,8.920700011425729770e+00,3.970841703322561145e+00,7.452397571805989607e+00,-6.981767112551853671e+00,-9.162601514033736905e+00,3.471502073003309263e+00,-3.906554254136048066e+00,2.582319802241736184e+00,1.023397530300621483e+01,7.557825946334112643e+00,6.999799507166323487e+00,6.381395817897456801e+00,-4.831891150775085464e+00,6.304312281406240004e+00,1.056646751052819244e+00,3.398207476606796007e+00,3.715819796498025518e+00,3.992546357426824954e+00,-2.429921043138446368e+00,3.579970463569530637e-01,-1.015624614669665959e+01,4.978759010728952106e+00,9.314839333150859435e-01,-2.026569074741980003e+00,-3.382366016285184962e+00,-4.396266881863063247e+00,1.680631902760301166e+00
1.536756909644880054e+01,2.473732413550236764e+00,1.223159089405218936e+01,-1.133594979468939812e+01,4.056035835647604060e+00,-1.666839770037459978e+00,-1.017776883634104124e+01,-1.731078109063882664e+01,2.256647229713050962e+01,-2.259317907779939461e+01,-3.493616505629653091e-01,2.286089206845457245e+00,-1.527378509883201829e+01,4.658291670062456369e+00,-1.517534287384623148e+01,-1.266294865825915039e+01,9.292710930750075704e+00,2.857475220182978148e+01,-1.005512889051970449e+00,-1.693659913440795961e+01,-2.691534871695677289e+00,4.219848963770640005e+00,7.899743525326691440e+00,2.730712749567378239e+01,1.116978754245014827e+01,2.203563702402963287e+01,1.313415528013908862e+01,5.581064696030040295e-01,-1.881121310934308610e+01,6.090348508277125816e+00,3.997013393723274355e+00,5.448082150990146921e+00,2.290705625130190981e+01,8.659888833878678582e+00,1.163063276103766874e+01,4.802192306504009522e+00,-1.247555924974383679e+01,9.246670265166144986e+00,6.168349408714759008e+00,9.865504320648925685e+00,9.735993361777904198e+00,1.359065186635620481e+00,-2.347310278266372841e+00,3.808924428550554353e+00,-1.079095925497809283e+01,1.221914159468144234e+01,7.957636154703304321e+00,7.569611845433272812e+00,5.049146908927003352e+00,-1.495146611796230474e+01,-1.231910184570839917e+01
-1.071131036426447913e+01,-4.397406361542380182e+00,-2.685779857813042071e-02,8.852525315188032096e+00,-2.927201417694307750e+00,-5.959162195591614086e+00,3.697534377714758236e+00,4.498903411050418910e+00,-1.250384705013726716e+01,3.055819687234074600e+00,-5.091722263671654147e+00,-2.413655000249190330e+00,4.858959150085458312e+00,-9.469394893391321233e+00,6.884387915467566899e+00,5.952443774251475972e+00,4.849390910438716729e-01,-1.122651956981686183e+01,-1.233359285131296890e+00,-2.453795926505891956e+00,-2.448205522554460778e+00,-2.612248018950803718e+00,-5.460790961146745559e+00,-1.431850297223414259e+01,-4.823680348848003341e+00,-1.023794494451602333e+01,-1.538935621208810645e+01,-8.125066869372940204e+00,5.969497702863598043e+00,-3.225104343576718158e+00,-1.219717271218618215e+01,-1.828840393631341765e+00,-1.500633723498031280e+01,6.077797158208788630e-01,-3.681303259703581521e+00,3.129299471320014181e+00,-7.047126532215983730e-01,-4.644171362721955632e+00,-2.507828764020894052e+00,-1.494689934599010339e+00,-6.112508169914105949e+00,-4.168466398253283245e+00,-5.385441209063004386e+00,-5.424266172023639143e+00,1.890220953739999210e+00,-3.330205286106068030e+00,-5.401470944312585232e-01,-9.196417297768795240e-01,-4.107480169951941207e+00,3.667245463223611335e+00,4.111964417659041082e+00
-1.557196968518639935e+01,1.178486808706722044e+01,-3.175226153918269567e+00,7.657291874775468798e+00,1.346553458387423952e+01,6.946682092789425056e+00,8.689992693087230435e+00,1.057095830465933517e+01,-6.917660139955625453e+00,1.986273105061611233e+01,1.329668925266229706e+01,9.898723226244769080e+00,2.671562601792931702e+01,1.132939517654889983e+01,5.858970597668919922e+00,1.230929385030046141e+01,-8.481353043483277787e+00,-1.694694487578059494e+01,3.574514875167114525e+00,1.232066626315028657e+01,5.389763657967165500e+00,1.271253499225843342e+01,-7.113892736536847394e+00,-8.715510803089424385e+00,-4.057904736870762363e+00,-1.098773290796771285e+01,-4.650850593887255080e+00,1.325917772440538656e+01,1.527174718593054870e+01,6.202152470441420817e+00,8.855626254847337009e+00,-1.684137452195038076e+00,-1.219196246269480888e+01,-3.905167594572478862e+00,-3.234463147188308962e+00,-6.245607581909844441e+00,1.025391134272564209e+01,-1.426793846708155478e+01,-7.426191294065141335e+00,-8.069893201290129880e+00,3.561275219643126988e+00,6.858984398520065362e+00,8.345492401453267206e+00,-5.593911677722173792e+00,1.185477607633158570e+01,-1.232473914537638571e+01,-6.385966813649178953e+00,7.686049423422591786e-02,-2.528152749425685464e+00,1.711859337059296848e+01,7.177702855693214978e+00
-7.443555503513247906e+00,9.400287448452544936e+00,9.384881251973272498e+00,2.933929505002502225e+01,-8.900490578439079759e-01,-1.740287799956767412e+00,1.980804295749943833e+01,1.972322404591202627e+01,-1.585334022769852780e+01,2.516945092134530881e+01,-1.199088649768645887e+01,1.088688938027131625e+00,1.833095652544693976e+01,-9.140065405120434860e+00,2.288134866239426657e+01,2.360150680343284435e+01,7.879866681341527013e+00,-5.273277107130945218e+00,4.180500363155005950e+00,1.679760140664092560e+01,1.993794748429644548e+00,-3.174151649911920448e-01,9.186229632428727143e+00,-1.648213340904999313e+01,1.561221655145082110e+01,-2.110808171912522369e+01,1.567310924186684318e+01,-1.024117472218043368e+01,1.844353596893145664e+01,7.366369253326658040e+00,2.569077093930475009e+00,1.081853603676984932e+01,-2.122032371196441147e+01,1.657442416602664181e+01,1.232315791600280619e+01,1.051554155850492833e+01,2.163481833665199972e+01,1.933043473486128860e+01,6.715794738763334326e-01,3.637931042705048412e+00,5.501301844418950537e+00,3.594512964691784163e+00,-1.141494585423888530e+01,1.515994914581785036e+00,2.059612153650738264e+01,9.069667805682284367e+00,1.188445527525971990e+00,-3.864407705270745730e+00,-1.004481745193189468e+01,2.096300628645548159e+01,2.718929122789521458e+01
6.629854496928113683e+00,9.075819133366723079e+00,-1.693984885732471746e+00,-5.459782951131226802e-01,1.338039023567197461e+01,1.188458084751088606e+00,2.334386469776203565e+00,5.527451247876680185e+00,9.381257572335243822e+00,6.321775321758878796e+00,9.992406654745723316e+00,8.036462375728953944e+00,6.289124070510185405e+00,1.051911553889388529e+01,-4.311130143411924465e+00,3.707243631283670737e+00,3.733506279236756153e+00,1.750162950586537924e+00,5.626184127263366364e+00,3.862794027087009141e+00,9.705299586616302321e+00,9.523326925360592554e+00,-7.046092687449805325e-01,6.587637740505959627e+00,3.762931649706168891e+00,5.876227552234934315e+00,-3.546140131062163192e+00,1.043958232518619766e+01,5.545812227457343369e+00,8.580737685614424848e+00,1.135008384315027641e+01,1.046778721224318431e+01,6.350763690752395441e+00,2.474429292244997747e+00,2.101602486985044038e+00,4.985925288116961340e+00,2.289336609490200569e+00,-2.733441257393762758e+00,4.576973307787076450e+00,1.935333034617789494e+00,5.611746070584025858e+00,9.710044005366048836e+00,3.464536345403410156e+00,2.612661797330497748e-01,8.317104896648213064e-01,-9.041212421996821291e+00,1.009273734047289039e+00,2.322136226061798148e+00,3.996980421474816580e+00,6.223022734613404161e+00,-7.682750153497918788e+00
