1.764052345967664026e+00,4.001572083672232938e-01,9.787379841057392005e-01,2.240893199201457797e+00,1.867557990149967484e+00,-9.772778798764110153e-01,9.500884175255893682e-01,-1.513572082976978872e-01,-1.032188517935578448e-01,4.105985019383723289e-01,1.440435711608779867e-01,1.454273506962975082e+00,7.610377251469934157e-01,1.216750164928284139e-01,4.438632327454256621e-01,3.336743273742668325e-01,1.494079073157606130e+00,-2.051582637658008745e-01,3.130677016509013644e-01,-8.540957393017247767e-01,-2.552989815834078691e+00,6.536185954403606058e-01,8.644361988595055113e-01,-7.421650204064417222e-01,2.269754623987607633e+00,-1.454365674598764757e+00,4.575851730144606805e-02,-1.871838500258335980e-01,1.532779214358457542e+00,1.469358769900285022e+00,1.549474256969163022e-01,3.781625196021735635e-01,-8.877857476301127537e-01,-1.980796468223926965e+00,-3.479121493261526088e-01,1.563489691039800511e-01,1.230290680727720964e+00,1.202379848784411509e+00,-3.873268174079522730e-01,-3.023027505753355659e-01
-1.048552965067092613e+00,-1.420017937178975176e+00,-1.706270190625012617e+00,1.950775395231789666e+00,-5.096521817516534991e-01,-4.380743016111863786e-01,-1.252795360049926421e+00,7.774903558319102848e-01,-1.613897847557951515e+00,-2.127402802139687077e-01,-8.954665611936756253e-01,3.869024978592620068e-01,-5.108051375688730245e-01,-1.180632184122412109e+00,-2.818222833865486818e-02,4.283318705304176577e-01,6.651722238316788716e-02,3.024718977397813924e-01,-6.343220936809635946e-01,-3.627411659871381255e-01,-6.724604477759510424e-01,-3.595531615405412884e-01,-8.131462820444540496e-01,-1.726282602331676852e+00,1.774261422537528332e-01,-4.017809362082618851e-01,-1.630198346966044598e+00,4.627822555257741777e-01,-9.072983643832421841e-01,5.194539579613895175e-02,7.290905621775368717e-01,1.289829107574106681e-01,1.139400684543300679e+00,-1.234825820353652626e+00,4.023416411775490031e-01,-6.848100909403131986e-01,-8.707971491818817800e-01,-5.788496647644154613e-01,-3.115525321273726611e-01,5.616534222974543800e-02
-1.165149840783356483e+00,9.008264869541871001e-01,4.656624397304598428e-01,-1.536243686277223741e+00,1.488252193795599698e+00,1.895889176030583156e+00,1.178779571159650708e+00,-1.799248358123509139e-01,-1.070752621510542735e+00,1.054451726931136868e+00,-4.031769469731796285e-01,1.222445070382427446e+00,2.082749780768603509e-01,9.766390364837130855e-01,3.563663971744018832e-01,7.065731681919481533e-01,1.050002072082047849e-02,1.785870493905835188e+00,1.269120927036199165e-01,4.019893634447016528e-01,1.883150697056254375e+00,-1.347759061142446368e+00,-1.270484998485733596e+00,9.693967081580111556e-01,-1.173123405114159912e+00,1.943621185649292649e+00,-4.136189807597473456e-01,-7.474548114407577604e-01,1.922942026480385147e+00,1.480514791434424549e+00,1.867558960426569881e+00,9.060446582753852729e-01,-8.612256850547025389e-01,1.910064953099033680e+00,-2.680033709513803264e-01,8.024563957963949390e-01,9.472519677737479826e-01,-1.550100930908341890e-01,6.140793703460802888e-01,9.222066715665268033e-01
3.764255311556295447e-01,-1.099400790584194709e+00,2.982381742060559726e-01,1.326385896687030330e+00,-6.945678597313654778e-01,-1.496345403276707620e-01,-4.351535517216374438e-01,1.849263728479341840e+00,6.722947570124354622e-01,4.074618362411104311e-01,-7.699160744453164007e-01,5.392491912918172536e-01,-6.743326606573760706e-01,3.183055827435118251e-02,-6.358460783788809634e-01,6.764332949464997302e-01,5.765908166149409375e-01,-2.082987555779948763e-01,3.960067126616452771e-01,-1.093061508730505782e+00,-1.491257592705605539e+00,4.393917012645369158e-01,1.666734953725290402e-01,6.350314368921063934e-01,2.383144774863942050e+00,9.444794869904138412e-01,-9.128222254441585859e-01,1.117016288095852961e+00,-1.315907410511520936e+00,-4.615846048147089209e-01,-6.824160532463122153e-02,1.713342721649366407e+00,-7.447548220484399017e-01,-8.264385386590143989e-01,-9.845252442543230009e-02,-6.634782863621073723e-01,1.126635922106506982e+00,-1.079931508363423331e+00,-1.147468652411102408e+00,-4.378200447444340337e-01
-4.980324506923048955e-01,1.929532053816985782e+00,9.494208069257608074e-01,8.755124138519089494e-02,-1.225435518830167991e+00,8.443629764015471162e-01,-1.000215347389564746e+00,-1.544771096777611596e+00,1.188029792352301772e+00,3.169426119248496265e-01,9.208588237808189580e-01,3.187276529430211891e-01,8.568306119026911638e-01,-6.510255933001468653e-01,-1.034242841784464684e+00,6.815945182816269821e-01,-8.034096641738410760e-01,-6.895497777502005432e-01,-4.555325035173431458e-01,1.747915902505672858e-02,-3.539939112534839505e-01,-1.374951293418018805e+00,-6.436184028328906237e-01,-2.223403152224427082e+00,6.252314510271874681e-01,-1.602057655606747621e+00,-1.104383339428450572e+00,5.216507926097440490e-02,-7.395629963913132876e-01,1.543014595406735801e+00,-1.292856909723448355e+00,2.670508693491828733e-01,-3.928281822749560281e-02,-1.168093497741197417e+00,5.232766605317537012e-01,-1.715463312222481052e-01,7.717905512136673529e-01,8.235041539637314445e-01,2.163235949280689852e+00,1.336527949436391971e+00
-3.691818379424435803e-01,-2.393791775759263885e-01,1.099659595887113150e+00,6.552637307225978036e-01,6.401315260975920518e-01,-1.616956044310834395e+00,-2.432612439893563558e-02,-7.380309092056887010e-01,2.799245990432382425e-01,-9.815038964295794144e-02,9.101789080925919428e-01,3.172182151913020554e-01,7.863279621089761529e-01,-4.664190967359430617e-01,-9.444462559182502659e-01,-4.100496932025484154e-01,-1.702041386144059407e-02,3.791517355550818036e-01,2.259308950690852136e+00,-4.225715166064269307e-02,-9.559450004927769751e-01,-3.459817756993864291e-01,-4.635959746460944220e-01,4.814814737734623984e-01,-1.540797014444624802e+00,6.326199420033171150e-02,1.565065379653755862e-01,2.321810362002757755e-01,-5.973160689653627120e-01,-2.379217297360070038e-01,-1.424060908982531570e+00,-4.933198833621940671e-01,-5.428614760167177478e-01,4.160500462614254991e-01,-1.156182431821912715e+00,7.811981017099933755e-01,1.494484544491368805e+00,-2.069985025013532542e+00,4.262587307781009471e-01,6.769080350302455473e-01
-6.374370255522290307e-01,-3.972718143287976567e-01,-1.328805775869556227e-01,-2.977908794017283256e-01,-3.090129690471222212e-01,-1.676003806329976697e+00,1.152331564783120044e+00,1.079618592036821090e+00,-8.133642592042028552e-01,-1.466424327802513972e+00,5.210648764527585630e-01,-5.757879698130661250e-01,1.419531633207796739e-01,-3.193284171450951892e-01,6.915387510701862528e-01,6.947491436560057076e-01,-7.255973784635842971e-01,-1.383363955395055411e+00,-1.582938397335081682e+00,6.103793791072050778e-01,-1.188859257784028900e+00,-5.068163542986875436e-01,-5.963140384505081215e-01,-5.256729626954628753e-02,-1.936279805846506941e+00,1.887785967938285514e-01,5.238910238342056047e-01,8.842208704466140989e-02,-3.108861716984717138e-01,9.740016626878340855e-02,3.990463456401301956e-01,-2.772592756426650151e+00,1.955912308250694176e+00,3.900933226879264581e-01,-6.524085823870200418e-01,-3.909533751876010932e-01,4.937417773491884487e-01,-1.161039390343665267e-01,-2.030684467781494362e+00,2.064492861359319420e+00
-1.105406572324726111e-01,1.020172711715799707e+00,-6.920498477843911589e-01,1.536377054245797735e+00,2.863436888922795687e-01,6.088438344754507625e-01,-1.045253366146954743e+00,1.211145289682700854e+00,6.898181645347883917e-01,1.301846229564998403e+00,-6.280875596415789186e-01,-4.810271184607877171e-01,2.303916697683941806e+00,-1.060015822721547263e+00,-1.359497006783208506e-01,1.136891362602695521e+00,9.772496771485560119e-02,5.829536797532935966e-01,-3.994490292628751771e-01,3.700558878475187496e-01,-1.306526851735316574e+00,1.658130679618188053e+00,-1.181640451285697613e-01,-6.801782039968503613e-01,6.663830820319145420e-01,-4.607197873885534589e-01,-1.334258471402753443e+00,-1.346717505797555336e+00,6.937731526901325108e-01,-1.595734381462668994e-01,-1.337015596684391627e-01,1.077743805976262736e+00,-1.126825808756743541e+00,-7.306777528648248365e-01,-3.848798091812754563e-01,9.435158931707400554e-02,-4.217145129057887909e-02,-2.868871923899072307e-01,-6.162640209564740346e-02,-1.073052762911746866e-01
-7.196043885517928729e-01,-8.129929885540773116e-01,2.745163577239395636e-01,-8.909150829955281292e-01,-1.157355259190853580e+00,-3.122922511256933098e-01,-1.576670161638158985e-01,2.256723497298209313e+00,-7.047002758562337377e-01,9.432607249694947571e-01,7.471883342046318210e-01,-1.188944955203736109e+00,7.732529774025996838e-01,-1.183880640193317735e+00,-2.659172237996740851e+00,6.063195243593807460e-01,-1.755890583437719421e+00,4.509344618059148435e-01,-6.840108977372165722e-01,1.659550796189872113e+00,1.068509399316009079e+00,-4.533858038513876587e-01,-6.878376110286823497e-01,-1.214077403094120600e+00,-4.409226322925913766e-01,-2.803554951845090848e-01,-3.646935443916853870e-01,1.567038552723639677e-01,5.785214977288783977e-01,3.496544569931739899e-01,-7.641439239064430344e-01,-1.437791473801578457e+00,1.364531848102471301e+00,-6.894491845499376437e-01,-6.522935999350191194e-01,-5.211893123011108742e-01,-1.843069550156648528e+00,-4.779740040404866774e-01,-4.796558140079478783e-01,6.203582983435127485e-01
6.984571491073360283e-01,3.770889086269340121e-03,9.318483741143036569e-01,3.399649838012619996e-01,-1.568211160255476855e-02,1.609281682982229844e-01,-1.906534935813993525e-01,-3.948495140334503106e-01,-2.677335368939664506e-01,-1.128011331470006873e+00,2.804417053162959750e-01,-9.931236109295806802e-01,8.416312640736364203e-01,-2.494585801609488507e-01,4.949498165009073858e-02,4.938367762809563466e-01,6.433144650629278871e-01,-1.570623408633452511e+00,-2.069036761639717337e-01,8.801789120807822497e-01,-1.698105819432254471e+00,3.872804753950633838e-01,-2.255564229402189369e+00,-1.022506843635603513e+00,3.863055184018809873e-02,-1.656715102321953736e+00,-9.855107376841506506e-01,-1.471835007463586864e+00,1.648134932207559578e+00,1.642277554873339540e-01,5.672902778526693890e-01,-2.226751005151544893e-01,-3.534317487571990712e-01,-1.616474188651032540e+00,-2.918373627478627608e-01,-7.614922118116230765e-01,8.579239242923362152e-01,1.141101866657573183e+00,1.466578715574177627e+00,8.525519394612319779e-01
-5.986539369229860741e-01,-1.115896985960394439e+00,7.666631816450860670e-01,3.562928174722889141e-01,-1.768538450677030749e+00,3.554817927437690650e-01,8.145198224878662518e-01,5.892558918162995457e-02,-1.850536710093415305e-01,-8.076484876163556592e-01,-1.446534699563387871e+00,8.002979493400275146e-01,-3.091144447717087962e-01,-2.334666615436927217e-01,1.732721186919133238e+00,6.845011068591904113e-01,3.708250012811020735e-01,1.420618051872356569e-01,1.519994860765772726e+00,1.719589307416194535e+00,9.295051114795280789e-01,5.822245913979242626e-01,-2.094603071206144751e+00,1.237219142335065775e-01,-1.301069541937039942e-01,9.395322938556871506e-02,9.430460873225179341e-01,-2.739677167189556783e+00,-5.693120534701850977e-01,2.699043549407613707e-01,-4.668455460527625167e-01,-1.416906113126259470e+00,8.689634868967953674e-01,2.768719058461280302e-01,-9.711045704444846161e-01,3.148172045158237897e-01,8.215857120497958022e-01,5.292646299360853623e-03,8.005648034309967853e-01,7.826017516166135224e-02
-3.952289826543544105e-01,-1.159420516399913170e+00,-8.593076697161272648e-02,1.942929380457716626e-01,8.758327615873309213e-01,-1.151074684872267218e-01,4.574156062209908113e-01,-9.646120137337284017e-01,-7.826291558275251248e-01,-1.103892990268877522e-01,-1.054628463985013864e+00,8.202478373246812060e-01,4.631303293186070924e-01,2.790957643924534270e-01,3.389041252159445405e-01,2.021043561484797468e+00,-4.688641879667955203e-01,-2.201441285500557399e+00,1.993001968964651927e-01,-5.060354096166589516e-02,-5.175190425104032599e-01,-9.788298593587698715e-01,-4.391895218021479308e-01,1.813384292178212842e-01,-5.028167006425381391e-01,2.412453679543748120e+00,-9.605043816331479967e-01,-7.931173627076716359e-01,-2.288620040014528456e+00,2.514844150215370111e-01,-2.016406627799760098e+00,-5.394546333745013911e-01,-2.756705345605568458e-01,-7.097279658468880204e-01,1.738872677454510907e+00,9.943943913154988934e-01,1.319136876301575612e+00,-8.824188185499185488e-01,1.128594064514568451e+00,4.960009463439621902e-01
7.714059486768456431e-01,1.029438828782767379e+00,-9.087632459590531120e-01,-4.243176209779014885e-01,8.625960113284510955e-01,-2.655619092974932816e+00,1.513328082573205169e+00,5.531320642075839844e-01,-4.570396066023496573e-02,2.205076557571738205e-01,-1.029935283308976546e+00,-3.499433645891047440e-01,1.100284338220373748e+00,1.298021972326221185e+00,2.696224052563579665e+00,-7.392466628041513554e-02,-6.585529668050035257e-01,-5.142339659399887131e-01,-1.018041875287364784e+00,-7.785475594085075612e-02,3.827324300122681433e-01,-3.424228053195386978e-02,1.096346845665798542e+00,-2.342158013445365394e-01,-3.474506524985631062e-01,-5.812684768603250118e-01,-1.632634526234495231e+00,-1.567767724308454014e+00,-1.179157930637687812e+00,1.301428071664760822e+00,8.952602728899299311e-01,1.374964066392989848e+00,-1.332211654594501749e+00,-1.968624689786020232e+00,-6.600563201340828856e-01,1.758189532960280077e-01,4.986902749098274801e-01,1.047972155968052821e+00,2.842796708072146128e-01,1.742668780655631133e+00
-2.226056809483204779e-01,-9.130792180417963699e-01,-1.681218215494433510e+00,-8.889713580954499150e-01,2.421179609851230041e-01,-8.887202573536308048e-01,9.367424635352571416e-01,1.412327706037443065e+00,-2.369586905226602980e+00,8.640523004976479182e-01,-2.239604058661736730e+00,4.014990550902874933e-01,1.224870564193659694e+00,6.485610634357617810e-02,-1.279689173204239472e+00,-5.854312042777726210e-01,-2.616454457109007037e-01,-1.822447837899429379e-01,-2.028968407666670581e-01,-1.098827793093137967e-01,2.134800489101688903e-01,-1.208573653733221231e+00,-2.420198298702194994e-01,1.518261170355705403e+00,-3.846454231425179837e-01,-4.438360931551980082e-01,1.078197303714237831e+00,-2.559184666344096470e+00,1.181378601288285868e+00,-6.319037580051672931e-01,1.639285724525871846e-01,9.632135592119714373e-02,9.424681192203937519e-01,-2.675947462353476802e-01,-6.780257815644503694e-01,1.297845790651098730e+00,-2.364173817141180134e+00,2.033418170524324900e-02,-1.347925422629120407e+00,-7.615733882565589585e-01
2.011256681463136964e+00,-4.459542645585702625e-02,1.950696971513811717e-01,-1.781562855705591364e+00,-7.290446587946957102e-01,1.965574007287849145e-01,3.547576931132180866e-01,6.168865543932787743e-01,8.627898917576322380e-03,5.270042084546596728e-01,4.537819126356840149e-01,-1.829740411004531442e+00,3.700572191014953743e-02,7.679024077327039066e-01,5.898798207345194999e-01,-3.638588099707898982e-01,-8.056265075393678199e-01,-1.118311924321632178e+00,-1.310540115414123297e-01,1.133079879559721892e+00,-1.951804101481602105e+00,-6.598917297294979445e-01,-1.139802455426774053e+00,7.849575212405001112e-01,-5.543096265713008952e-01,-4.706376581547914162e-01,-2.169495699366489894e-01,4.453932508947973101e-01,-3.923889981496367363e-01,-3.046143054799926642e+00,5.433118913875196743e-01,4.390429576720425442e-01,-2.195410283312131949e-01,-1.084036620671934292e+00,3.517801106813582823e-01,3.792355335355867552e-01,-4.700328827008747878e-01,-2.167314705755386262e-01,-9.301565025243212492e-01,-1.785890920873291488e-01
-1.550429345083480959e+00,4.173188210318354852e-01,-9.443684908242938603e-01,2.381031478323121231e-01,-1.405962916267899265e+00,-5.900576458695396820e-01,-1.104894050659278315e-01,-1.660699811869263298e+00,1.151478731400921579e-01,-3.791475628799227393e-01,-1.742356197809230567e+00,-1.303242754112315716e+00,6.051200840821666649e-01,8.955559855513239853e-01,-1.319086397799670574e-01,4.047618120404974928e-01,2.238435633129106928e-01,3.296229821277380512e-01,1.285984007080293035e+00,-1.506998398214272061e+00,6.764607323616231849e-01,-3.820089555778202195e-01,-2.242589342516403406e-01,-3.022497304550700314e-01,-3.751471166612839192e-01,-1.226196191783019307e+00,1.833391992576012541e-01,1.670943032788857252e+00,-5.613302044875711355e-02,-1.385042735095726001e-03,-6.872990371566635170e-01,-1.174745464181114751e-01,4.661664260340307453e-01,-3.702424407043429233e-01,-4.538040410520010615e-01,4.032645401632468096e-01,-9.180047698190454408e-01,2.524966270768724264e-01,8.203217972614219589e-01,1.359948541679484757e+00
-9.038200727694681302e-02,1.367597239806713549e+00,1.034409886481518104e+00,-9.962126403710661604e-01,-1.217938511593150919e+00,-3.049636378544204329e-01,1.028935492594854173e+00,-7.228700756000490391e-02,-6.006575576577884990e-01,1.552243180048560767e+00,2.869044880033463918e-01,-2.320594275790741623e+00,3.171606262926885966e-01,5.200406145708674766e-01,2.256086544711037867e-01,4.497121002319925398e-01,-6.727560892298173334e-02,-1.318395869644734208e+00,-3.707040032204533819e-01,-9.456157955562911610e-01,-9.327409107943781530e-01,-1.263068349102275834e+00,4.524890926396463731e-01,9.789614541262708913e-02,-4.481653626807080570e-01,-6.493379277303881203e-01,-2.342310502145216952e-02,1.079194728112489177e+00,-2.004215715498915085e+00,3.768765208508927378e-01,-5.457119740177823752e-01,-1.884585844979447700e+00,-1.945703083163958791e+00,-9.127834941352918063e-01,2.195095557930450969e-01,3.930629339800913447e-01,-9.389815726777850369e-01,1.017020991413244424e+00,1.422983496516106117e+00,3.960865849565601837e-01
-5.914026678081109045e-01,1.124419184510368375e+00,7.553956956633383069e-01,8.674074113549179454e-01,-6.564636749715314634e-01,-2.834554505274702318e+00,2.116791021483675372e+00,-1.610878403449933716e+00,-3.576807186022112894e-02,2.380745351219750283e+00,3.305767562743738841e-01,9.492464735582354374e-01,-1.502396569381712732e+00,-1.777666954733706284e+00,-5.327027919795545019e-01,1.090749734434500073e+00,-3.462494476473099714e-01,-7.946363210714987302e-01,1.979672899449674561e-01,1.081935218477265259e+00,-1.444940199073371678e+00,-1.210542994123351646e+00,-7.886692545093662021e-01,1.094638374712091355e+00,2.348215259487319018e-01,2.132153410570443608e+00,9.364457258311158494e-01,-3.509517686967038308e-02,1.265077838088765949e+00,2.114970127318780146e-01,-7.049213525074452535e-01,6.799748442451025721e-01,-6.963266538610828338e-01,-2.903971008038667700e-01,1.327782695957983039e+00,-1.012814862173993524e-01,-8.031413873416283211e-01,-4.643376914354916396e-01,1.021790585588673084e+00,-5.525406734167291889e-01
-3.868708468506465437e-01,-5.102927396336285337e-01,1.839254943403099418e-01,-3.854897603756082813e-01,-1.601836048972536952e+00,-8.871809418450402607e-01,-9.327890415064381546e-01,1.243319384455154664e+00,8.126740421090421496e-01,5.872593793998257539e-01,-5.053583172644099397e-01,-8.157915419939713031e-01,-5.075176016573570426e-01,-1.051880102551673968e+00,2.497200391587007129e+00,-2.245321648371402024e+00,5.640085350738091030e-01,-1.284552297992527237e+00,-1.043434914946926445e-01,-9.880019424937344086e-01,-1.177628962482630826e+00,-1.140196300934961604e+00,1.754986153742058574e+00,-1.329884223095919860e-01,-7.657021944780862954e-01,5.557869640828729807e-01,1.034931456629934778e-02,7.200337593416524795e-01,-1.824256655937829930e+00,3.036039044620014171e-01,7.726948371023817375e-01,-1.661598291114563697e+00,4.481952844233124678e-01,1.696181572828160622e+00,-1.485770335470272194e-02,8.214059370248114611e-01,6.705704503109098935e-01,-7.075056975105769030e-01,3.976673458649516296e-02,-1.566994710861602247e+00
-4.513030371025261167e-01,2.656879749662359180e-01,7.231004937377981667e-01,2.461212524791161690e-02,7.199837301431654124e-01,-1.102906212955369725e+00,-1.016972745548715973e-01,1.927938451307721623e-02,1.849591246679636480e+00,-2.141666562000842378e-01,-4.990166379941828878e-01,2.135122384354860847e-02,-9.191134448699437298e-01,1.927538490652161707e-01,-3.650552165462576659e-01,-1.791327548041183659e+00,-5.858655113386084662e-02,-3.175430939301992495e-01,-1.632423302067983251e+00,-6.713415461452176825e-02,1.489355962074480288e+00,5.213037482757136853e-01,6.119271927311578096e-01,-1.341496725583042560e+00,4.768983689222224265e-01,1.484495813800780772e-01,5.290452383344316223e-01,4.226286217088256469e-01,-1.359780725503813681e+00,-4.140081155796743184e-02,-7.578708604251660486e-01,-5.008409428482209214e-02,-8.974009269018304868e-01,1.312470367140996297e+00,-8.589723884443423163e-01,-8.989421564655359909e-01,7.458640654355352950e-02,-1.077099069403994802e+00,-4.246633024328657080e-01,-8.299645975379619234e-01
1.411172063889611694e+00,7.858038268311725583e-01,-5.746951846539464365e-02,-3.912170521740162554e-01,9.409176145751133591e-01,4.052040803228880717e-01,4.980524046828567197e-01,-2.619223734425048244e-02,-1.688230027771432162e+00,-1.124659825595527157e-01,-5.324899192090677413e-01,6.450552734598768989e-01,1.011842432994189078e+00,-6.579510447611686130e-01,4.683852342770516430e-01,1.735878997685713188e+00,-6.677127205705589708e-01,1.681921740073137661e+00,-8.525858471706470043e-01,2.295975560795144449e-02,-1.114561184184125094e-02,1.149889987006237450e-02,-8.376780419079452589e-01,-5.911831037644297293e-01,-6.677202863593993953e-01,3.269625954044573790e-01,3.300351145103116446e-01,2.225944331738258786e+00,1.370989006291121415e+00,-5.098432421384790914e-01,3.248696157961860620e-01,9.971179807917595062e-01,3.060182433851780723e-02,-6.964157844693558141e-02,5.157494276988904003e-02,8.672766288084278186e-01,-8.483205228052325131e-01,-3.256694688201741683e-01,4.704331448464818544e-01,3.114470715541555190e-01
2.395827598563913252e-01,-3.698011663038032193e-01,9.725357891425369106e-01,2.133868247204537383e+00,4.064154936762062187e-01,-1.931767015498399021e-01,7.557402888945425889e-01,-5.391326367529899466e-01,-7.496903447028966383e-01,3.280874761371180282e-02,-2.582796632969944550e+00,-1.153950363652009425e+00,-3.479618559208458306e-01,-1.353388858147713369e+00,-1.032643101892129600e+00,-4.367483374580073963e-01,-1.642965293530609161e+00,-4.060717962598319186e-01,-5.352701645328444835e-01,2.540520838501601764e-02,1.154184030494019186e+00,1.725044164928659085e-01,2.106202134206362417e-02,9.945445703071174870e-02,2.273927751211284598e-01,-1.016738648609768925e+00,-1.147753247707981733e-01,3.087512418366131217e-01,-1.370759982543060529e+00,8.656529228158532652e-01,1.081376034458189750e+00,-6.313759884493888030e-01,-2.413377914531045498e-01,-8.781903428100731324e-01,6.993804835878171255e-01,-1.061222287445909185e+00,-2.224770102429202978e-01,-8.589199078076715788e-01,5.095427701128949632e-02,-1.794229271489721000e+00
1.326461642365693194e+00,-9.646064242062638572e-01,5.989468311627604846e-02,-2.125230447703091996e-01,-7.621145119224981279e-01,-8.877801366359353574e-01,9.363985435524595502e-01,-5.256405931019396682e-01,2.711701846373109070e-01,-8.014968853943748028e-01,-6.471814318477606687e-01,4.722471500878487327e-01,9.304084961111163121e-01,-1.753164023270199490e-01,-1.421919871640437094e+00,1.997956079750005109e+00,-8.565493082342094944e-01,-1.541587399671787484e+00,2.594424587768151991e+00,-4.040322938509371409e-01,-1.461732688261408120e+00,-6.834397667886817906e-01,3.675448960222690298e-01,1.903115575939396953e-01,-8.517291972535899758e-01,1.822723600127959420e+00,-5.215796779933731253e-01,-1.184686590411551999e+00,9.606933984606597088e-01,1.329062846539682319e+00,-8.174930976162264606e-01,-1.401347293039310493e+00,1.030438267415604736e+00,-2.047323613057961733e+00,-1.226621659396615494e+00,9.674461500502350431e-01,-5.535254802238957078e-02,-2.639373485926878593e-01,3.528166064943783486e-01,-1.527744235454086830e-01
-1.298686722163090224e+00,1.276075346006187550e+00,1.325014052886815286e+00,2.053325637779596924e-01,4.513401543201027433e-02,2.339624806020057957e+00,-2.764328450158372030e-01,-2.595769818340394330e-01,3.644812492405055671e-01,1.471321956142338294e+00,1.592770754417483614e+00,-2.585726316767712474e-01,3.083312459593452459e-01,-1.378083467064077139e+00,-3.119761079162129414e-01,-8.402903954793065067e-01,-1.006831752298983806e+00,1.681576716267327631e+00,-7.922866618061449318e-01,-5.316059080114549085e-01,3.658487879168582091e-01,1.297825266973585467e+00,4.811151263888354124e-01,2.759355114021582178e+00,-7.466797825114944442e-02,2.587164402297456589e-01,2.756006739840563546e-01,1.435049386789154502e+00,5.072389511096152548e-01,-1.162297003871490958e-01,-9.474885949068795332e-01,2.444434559616325831e-01,1.401344831291959636e+00,-4.103817936578705861e-01,5.289436184165822175e-01,2.461477886848441599e-01,8.635196583813146143e-01,-8.047537406378693081e-01,2.346647030526561650e+00,-1.279161107028258249e+00
-3.655510899860373586e-01,9.380925409056456443e-01,2.967331724941133508e-01,8.299861590811031808e-01,-4.961023339825623713e-01,-7.480498268034106724e-02,1.223198363881738450e-02,1.569259614535903902e+00,6.904290243830492058e-01,7.966721083646716162e-01,-6.579260925367952373e-01,9.688826385630507909e-01,2.255816635688035199e-01,1.389145315677927428e+00,2.014060154918468015e+00,-3.067657760270045553e-01,-4.063031304450625547e-01,-8.640449911023695417e-01,-1.435795117163204404e-01,-3.820254489503833173e-01,3.595043995710101581e-01,-1.445668169337359366e-01,-3.615992807816197918e-01,1.064585136127851772e+00,-9.378802311514516932e-01,4.331079531513436498e-01,-4.059417271884835920e-01,7.243685048699646245e-01,1.385261546722230452e+00,-3.030982534240727055e-01,4.410329072731513644e-01,1.787928657331798454e-01,-7.994223995430965735e-01,2.407875097419384380e-01,2.891205052788121677e-01,4.128708204461746800e-01,-1.983988968200457448e-01,9.419230031014656779e-02,-1.147610944843135306e+00,-3.581140754798567416e-01
5.559626797097979578e-01,8.924738873315303245e-01,-4.223148241252703827e-01,1.047140294332842420e-01,2.280533251240672021e-01,2.014799467044328662e-01,5.407735853003902138e-01,-1.818077630383569510e+00,-4.932407014757269476e-02,2.390336012467653704e-01,-1.000330348953705206e+00,1.673985707010709589e+00,1.615592672381679640e-01,1.563404745028929455e+00,-7.905230218330772107e-01,-9.073001215253270191e-01,2.242522209656818977e-01,-1.678688362828656633e+00,2.149655906260939664e-01,9.721923200291822387e-02,1.015665281542101228e+00,7.010413411650970872e-01,-4.174773498850339881e-01,-1.097496654770244717e+00,1.712305221343296546e+00,-7.921150205651500409e-01,-1.045524557069466010e+00,-1.084856059461445144e+00,1.117305315536664567e+00,-5.189002044248520740e-01,-7.537044661806008294e-01,1.376898259033473293e-01,-2.069447105572910228e-01,-6.780954607862469397e-01,7.539914669784796297e-01,1.065315492097994809e+00,9.853175089398669151e-01,7.669196696611989550e-01,4.026255311300351858e-01,-1.775887999961828889e+00
1.669250806376968654e+00,3.019892103575529396e-01,6.081564276006414804e-01,1.114962322947402162e+00,1.433352502881991786e+00,4.183980113091925190e-01,4.355461592956534900e-01,-5.992242774597191790e-01,3.308975113876019836e-02,-8.541612608143545060e-01,-7.199405321418946846e-01,-8.935744023141912740e-01,-1.560238909972873622e-01,1.049093187920010273e+00,3.170974773290179627e+00,1.894996375479134632e-01,-1.348413087756120010e+00,1.264983329856256056e+00,-3.007838764760271122e-01,-6.606085939769920090e-01,2.098494779230553331e-01,-1.240624599556227725e+00,2.224631640086067730e-01,-8.837552319915496779e-02,9.837790681547566030e-02,3.814162542091708574e-01,6.749225724080680500e-02,1.633808411289249321e-02,2.843145189979445209e-01,4.154006261711268300e-01,-1.031482460315257699e+00,-1.429991258685448408e+00,-6.163805217221475508e-02,-1.432735489934108042e+00,8.753147092167086474e-02,9.387468756823100779e-01,6.071116719160458697e-01,-1.048170406825473133e+00,-8.602624519575188256e-01,3.283012950007553887e-01
-4.012978051335100438e-01,-3.166552950521069332e-01,5.969064812479538684e-01,-9.872866934576524089e-01,-4.012347099111825965e-01,-8.000824760846015904e-01,-1.043129498035355596e+00,-8.570781886711646980e-01,6.774621693464116801e-01,5.182038948242156245e-02,-8.791606288350748422e-01,-2.311016075929965274e-01,-1.638807307122177814e+00,-7.333128075836656823e-01,2.149574534867286779e+00,-9.024384966575059452e-02,7.316589270303924808e-01,-6.548837514448298258e-02,3.481692352418086500e-01,6.632580896791739899e-01,-1.104616597526470789e+00,-3.093625727395893713e-02,1.578865194416488205e+00,-7.955005500532910112e-01,-5.664398537322192784e-01,-3.076912773670017476e-01,2.690240731762466586e-01,5.249178636458826652e-01,1.267411654818656697e+00,4.994982334686594583e-01,-6.205312579833403147e-02,1.259167129610813785e+00,7.041110221415821657e-01,-1.495679516257016228e+00,2.526368240355998385e+00,1.769921388196733725e+00,-1.682142227670740953e-01,3.779101017384750572e-01,1.324358749995839135e+00,-1.722007926968826264e-01
7.303517903770193609e-01,1.104578473571476538e+00,-1.014825907734441035e+00,-6.023318535828621201e-01,9.214083978105812589e-01,4.608144771488305036e-01,9.237965603139468573e-01,-1.325680146537180359e-01,-2.890052109542329828e-01,-1.998639475583372738e+00,-1.146000426507443271e+00,4.706609465849369289e-02,8.245572195642364433e-01,5.311783665356952788e-01,-1.282419740277020159e-01,-2.717715664906966699e-01,2.171796326382801345e-01,7.821118109215217939e-02,1.404545514939711914e+00,1.464407704782498543e-01,-1.481245962197298427e+00,-1.272558135032316962e+00,1.518759336963580120e+00,-1.171160461450080348e+00,7.644974530335335583e-01,-2.683727352093812080e-01,-1.697582939024850635e-01,-1.341327827684197782e-01,1.221384959459198338e+00,-1.928418285439646718e-01,-3.331928284515295324e-02,-1.530803497399492619e+00,2.066905117080032883e-01,5.310425069780596585e-01,2.391455806537870210e-01,1.397896261086735370e+00,5.517135478023180856e-02,2.989774561190179925e-01,1.648504010268178943e+00,-1.550014189358147831e+00
-4.558253477993688407e-01,1.426158752019266229e+00,9.361291483110824041e-01,6.783800988404703469e-01,8.326507394644783178e-01,3.270662091210220779e-01,1.631597427532271549e+00,3.777591697307178809e-01,2.398671058952785706e-01,1.589586741256432678e-01,1.928639555503860181e-01,-1.157017280815867855e+00,7.706730544633433322e-01,-1.304397337833273218e-01,1.821915097860405952e+00,-7.565047058842289118e-02,4.209182841756565763e-01,2.466021862613344273e-01,-6.255570351092533121e-01,9.921368285185058200e-01,1.905063640560017646e+00,-1.477721965984477720e-02,-3.004787855854222922e-01,-3.550287310553740805e-01,-1.892361893317341393e+00,-1.778131437030125439e-01,2.509981160083240015e-01,1.054757925180282996e+00,9.600477411499278579e-01,-4.164990824366924804e-01,-2.768229947738883312e-01,1.123905305614439021e+00,-1.734638970728791252e-01,-5.100295397556169341e-01,1.392518449434272387e+00,1.037585667050634042e+00,1.879179177425780237e-02,-5.937774477786674776e-01,-2.011880319244709003e+00,5.897036055747238992e-01
-8.963697225521801704e-01,-1.962732009140752076e+00,1.584820527349017905e+00,6.479677910098883276e-01,-1.139008193116965328e+00,-1.214401382959259035e+00,8.709617821716194586e-01,-8.779706165358700520e-01,1.296149867527883304e+00,6.164593126261552758e-01,5.365965205668234983e-01,4.046954556143003146e-01,1.914508720239117834e-01,8.805111991771105151e-01,-4.540803625156051293e-01,8.595197343438468196e-02,7.519465876771956880e-01,5.629897185861277853e-01,-1.194986805268660301e+00,-5.004096673042639498e-01,2.528035054191545283e-01,-4.080147090398968945e-01,1.774658560973333188e+00,-3.931531947541128669e-01,-1.622184475766908218e-01,7.694301781773036364e-01,3.305327432349157712e-01,-1.452744572047692251e-01,-7.564935288807479452e-01,3.015140573967661219e-01,1.039096440378392661e+00,4.790952240982285781e-01,-7.781835214561220182e-01,1.736774956976710582e+00,-1.446577890035894320e+00,-1.582685641802789034e+00,9.605572244572283536e-01,2.258404786026901034e-01,-5.494985463040402696e-01,-1.098570727555329585e+00
2.320799839280298205e+00,1.170908721554419496e-01,5.342011708457714558e-01,3.178850972381815909e-01,4.348079577311579347e-01,5.400944605248059194e-01,7.324240097548762041e-01,-3.752224007606727030e-01,-2.916419863518445732e-01,-1.741022808358901441e+00,-7.803044065015394271e-01,2.711127964467148765e-01,1.045023375502690532e+00,5.990395263761840727e-01,-3.406923438779304592e-01,-1.263172912085154254e+00,-2.777359145427433340e+00,1.151733974780799086e+00,-5.892289865101495439e-01,-4.484650062040591578e-01,1.315739679080687174e-01,-1.405560047391889889e+00,-3.497821801115368889e-01,2.023471949769974021e+00,5.053869385773427370e-01,3.592491565134564024e-01,-1.582494477981758463e+00,2.243601894582640366e+00,-1.422794908626342725e+00,1.922324755444398514e+00,-2.115056015187807503e+00,1.405365438724420324e+00,1.618054269000225087e+00,-8.244091213278345043e-01,4.225803722728827538e-01,5.474805721046650531e-01,-8.137944832313058763e-01,-1.449117610736930351e+00,-1.317717343140765385e+00,5.410082199598076347e-01
-8.511560251940573918e-02,-5.643010333021604152e-01,9.667680111664604947e-01,5.080679093914779454e-01,-7.554627263656334968e-01,-1.201201519017389474e+00,5.232617386880767940e-01,-5.375833685580617693e-01,9.920486253150241629e-02,1.576298972627717454e+00,5.023282400747796084e-01,-8.622669997532367292e-01,1.606611898197728150e-01,-9.526449528153877466e-01,1.608522155948723720e+00,-5.615787496032208503e-01,2.072707469736183861e-01,3.077325746794316585e-01,1.592504683737024362e-01,-1.958548955136538705e+00,-1.446421063983328592e+00,-4.523502755690916866e-01,3.194318333315306346e-01,-1.377792142857706681e-01,-9.571474731510167810e-01,-1.348424319121700909e+00,-4.015575444993436105e-01,-4.684760446797231470e-01,5.128364575927565339e-01,-3.263184621583180012e-01,6.027076564293295524e-01,-5.946497697204053967e-01,-2.559576692142684906e-01,-3.480463796426196965e-01,-7.823669669020897333e-01,6.251186564337302132e-01,-8.135959970945070285e-01,-5.216415099706189773e-01,-7.311964594819722607e-02,-1.297379655956739875e+00
-3.249349583204991232e-01,-7.113063597427885520e-01,-3.881541924822495826e-01,-5.992800267109062162e-02,-7.999136231406647202e-01,-2.200757798203555882e-01,1.308668752352179165e+00,-2.579855825448711115e-02,1.145262173019224727e+00,3.464944420067607167e-01,7.741606098188161811e-01,-7.744589687708256509e-01,1.049071650855127186e-01,1.339129226154759100e-01,-6.126257388749356547e-01,-8.228283242942817655e-01,-1.490265387907298233e+00,1.496139636951631990e+00,-9.724028893524976347e-01,1.346221073222300113e+00,-4.674931736578534780e-01,-8.624932997247338751e-01,6.225191403049976646e-01,-6.311919417468571103e-01,5.684589189242769125e-01,-3.328117648522095906e-01,4.804244961177867590e-01,-9.681860639071049324e-01,8.313510579847682713e-01,4.879726826630045866e-01,-9.196506900626617576e-01,2.642935721014741723e+00,5.401230264004940329e-01,2.290467070530538773e+00,1.600267818748759119e+00,-1.888347802177837986e-01,-4.122717546045430170e-01,-4.034591834208013372e-01,-1.830028550427810208e+00,-6.958351193495473375e-01
2.467660239799705779e-01,1.525957560884808384e+00,-7.727718829782020959e-01,8.820565993630106183e-01,-1.252593341503319024e+00,-5.863200252111323563e-01,-4.576405942895256929e-01,3.718110814974933120e-01,4.573096467208112581e-01,9.623417448143452013e-01,7.708369604049366552e-01,2.431682154024917275e-01,3.903649435086223862e-01,1.588530691097532532e+00,-5.109261812322630769e-01,7.747283190671621078e-01,-1.808143926498251508e+00,4.113342428976086151e-01,-4.832495424791073968e-01,2.571182431510025176e-03,1.040086245053703173e+00,1.646438095263976220e-01,8.851875412089273976e-01,1.473764815138405071e+00,3.890939688657205076e-01,1.171041064620488070e+00,-3.265609776792077201e-01,-8.209882269614044575e-03,-5.226194163984779761e-01,1.042977594646375961e+00,4.140913537935949629e-01,-5.072344618949224948e-01,1.546688336463321878e-01,1.041568388818581825e+00,-3.926799103795318435e-02,-9.489328108497634418e-01,1.319117557874122104e-01,-1.980565591068939701e+00,7.687706443994749561e-01,-4.213275873246805081e-01
-4.693107362791067438e-01,8.756956787795067143e-01,-1.365162877225168714e+00,1.947098642820357828e+00,-4.802420417382233242e-01,-5.232509433848950842e-01,1.021224743167163052e+00,7.086952731104265713e-01,2.451229719075076030e+00,-2.112059836315199890e-01,-1.204066386644097320e-01,-1.479315979963253591e+00,-3.321022773488251367e-01,-7.214312955717557818e-01,-4.487670131054991574e-01,-1.744187756553955193e+00,1.660607559894513807e+00,-1.416603482425640381e+00,-2.802202798391713046e+00,-1.188424421583019308e+00,-6.038395527961509801e-01,-1.149554063257118175e+00,1.098303540732512351e+00,-1.378391785960938476e-01,2.538560440645898711e-02,6.103917643054127540e-01,2.860125269781179647e-01,9.785672974460429829e-01,-1.109477553636145197e+00,-5.475181006794317407e-01,6.659671460695377743e-01,-2.534554462084229964e+00,-1.375184479317240749e+00,5.009922321799465950e-01,-4.802490349949254389e-01,9.361075501096975948e-01,8.091802968531627283e-01,-1.198092880191038212e+00,4.066570874668811730e-01,1.201697855667506420e+00
1.474344016509719080e-01,-9.774648772458691681e-01,8.793899419133700546e-01,6.354245265539955057e-01,5.426107834987963230e-01,7.159388934369916857e-01,-2.994612860227618967e+00,8.809375610809715429e-01,1.808131810578975429e+00,4.366384746292930052e-01,1.927289964997268290e-01,6.964386733914392780e-01,3.382254736851152965e-01,6.517812617006160103e-01,1.471000245410806779e-03,-7.667048545369005152e-01,-1.004322712214613444e+00,-9.981917282318640838e-01,-1.373042550950895224e+00,-1.067742011019106485e+00,1.761266127419863103e+00,7.540956636562426985e-01,-6.250273906846712801e-01,-3.903926939855080769e-01,1.125575309064542895e-01,-6.555450294843581105e-01,6.751685717432483191e-02,7.776041379029117184e-01,-3.574273354817348453e-02,3.360157426619921339e-01,8.864915393596158877e-01,-2.721317560182082151e-01,2.847905991343631649e-01,-3.093775928833613631e-01,-2.852886983441639893e-02,-3.247302650829599902e-01,-5.288698535561152658e-01,1.737118529870234351e-01,5.665453158182124360e-01,1.463044460010442527e-01
4.987269583119318672e-01,-7.379317802412297400e-01,-1.203735192199779425e+00,4.170435029676035632e-01,6.878813911747545529e-01,4.985726659982264719e-02,1.348035780424718721e+00,9.076987979878986534e-01,2.680570840769000540e+00,-2.008085139956655718e-01,-9.988487960953679190e-01,-7.401367907395134393e-01,-5.654978063746562977e-01,4.760313834381145193e-01,-2.158068563961256903e+00,1.318551018090836635e+00,-2.392965911423444170e-01,-2.467935577887520326e-01,-1.079343166024995249e+00,-1.142255514501802072e-01,1.323976766753355225e-02,-1.219449276002772670e-01,3.390592559424302488e-01,-5.896320419510295840e-01,-8.958157604108271110e-01,5.483281304979799042e-01,9.866745381579543339e-02,1.971810551973669223e-01,1.059027254441966104e+00,-1.022564391260685435e+00,-8.552404572508641722e-01,1.257219650828994117e+00,-1.482883357574042549e+00,-1.309412146331014215e+00,8.178618311849957800e-01,2.382001920220386260e-01,1.052321370592758515e-01,-9.165940810038318565e-02,3.126754702756948112e-02,-9.211211469195591806e-02
1.355442702594418236e+00,-3.981481287500751032e-01,-1.613735362777791171e-01,1.794448805225073107e+00,2.750970202983580096e-02,2.232016389525177669e+00,-1.049797010189535557e-01,1.367414982460158468e+00,-1.655344038309677801e+00,1.536444608156663783e-01,-1.584473563150935460e+00,8.444543066045863133e-01,-1.212867816209024729e+00,2.837695543833455014e-01,-2.821958766904352212e-01,-1.158203185184029094e+00,-1.619359982897542460e+00,-5.110404635801097939e-01,1.740629445895330862e+00,-2.934850548893774835e-01,9.172215421158560478e-01,-5.704286766218814864e-02,8.767267736904523767e-01,-1.826911378304517664e+00,-4.031883068495333289e-01,9.494055237932187419e-01,-1.632549488331787313e-01,-8.645528271104713225e-02,-4.304619118857929694e-01,1.149379383367123975e+00,2.975143539549459093e-01,4.402227617534797133e-02,6.430545453392927380e-01,5.882249291179366679e-01,2.125870464375365920e-01,1.547031496990844524e+00,-6.028753363911895646e-02,2.780810479679436398e-01,-6.429525533528904768e-01,1.501152270061291982e-01
1.587761523745367498e+00,-6.432576017887388087e-01,-1.133592825638458867e+00,9.967596428198155500e-01,-1.487661522336792552e-01,9.600420496977001006e-02,-4.511330369333481360e-02,7.912172392953507882e-02,8.505306835234381913e-01,-8.391241905992736783e-01,-1.011774084105488525e+00,8.496813703770766946e-02,-1.606439689449832731e+00,-1.373053536041928480e+00,1.866683148331627073e+00,7.574683300614039050e-01,-1.005647186901453827e-02,1.238006935958439803e+00,-1.040599230085144988e+00,-3.156031233858582197e-01,6.234536094243824378e-01,8.906716814313947461e-01,5.129168468277763848e-01,-2.541238807688224632e+00,-9.680821176645779680e-01,4.770680923568652587e-01,-3.559514930468063443e-01,2.540231620759171527e+00,9.265583009670964598e-01,5.580818806186658154e-01,-1.116949553746723556e+00,-3.529673960291555834e-02,2.412039642189525157e-01,1.127783630127802361e+00,8.811310970996321101e-01,1.032989194519945642e+00,-9.239120158100021518e-01,1.412151698298631075e+00,-1.380430752307269193e+00,-5.359145616661618039e-01
4.307711349456414540e-01,-1.498915917331393177e-01,-1.006036857920391547e+00,-8.215498256031326108e-01,-1.548254322849042408e+00,5.319746390071913300e-01,1.260568845042149277e+00,-1.003935034013660188e-01,-4.003488150134233980e-01,-1.472322928466489600e+00,9.132019242521776103e-01,2.211304333239493047e+00,-1.797455804366897558e+00,-1.063432938154606822e+00,-6.795930425441440992e-01,-5.643179096824889607e-01,2.273459501434809960e-01,1.614249547280227404e+00,1.008597286860103637e+00,5.275973827743158928e-01,-7.239287040586021016e-01,-1.119628233680454388e+00,-7.967753063063010011e-01,1.548066801378739088e+00,-6.174330145790107166e-02,-4.468362536626211967e-01,-1.837557302499922551e-01,8.246182196384677088e-01,-1.312849674549791734e+00,1.414874135922422393e+00,1.564762569462989639e-01,-2.163439782957261026e-01,4.428461137467389896e-01,2.183970731299370305e-01,-3.441964564673812288e-01,-2.527106720416066876e-01,-8.688625468659522122e-01,6.563907508593024298e-01,-5.319938094111618110e-01,-9.562584224322827620e-01
1.658635226535373208e-01,1.329141282745553321e+00,-4.834462377981961489e-02,-6.081012569516899280e-01,4.038960208359738124e-01,1.936712462402552015e+00,-1.451905529431747333e+00,3.822027877852935962e-01,2.050866252318538085e-01,1.161533803559117173e+00,9.909091736848452125e-01,-1.867091118097792268e-01,-1.684517255424883064e+00,8.065637678962598311e-01,-8.351926901914831225e-01,-9.467404109571895265e-01,1.148350580691126055e+00,-9.108503776386522865e-01,1.402844740100243293e+00,3.358447214053130181e-01,3.191184000862823944e-01,3.072647805055910286e-01,-1.638423625741792344e+00,-1.776388616346576299e+00,2.155530537886846953e-01,5.680073592264197613e-01,8.261103215620101137e-02,-8.215345170195275104e-01,1.892210388219473655e-02,-8.203415314548415105e-02,-9.571580982754100964e-01,1.013972154112161350e+00,-1.730276061550085842e+00,5.887424068075064465e-01,3.843234052112453059e-01,1.009711854811714327e+00,-1.005311872348858770e+00,1.014071466682110040e-01,2.171164949318165949e+00,6.620742889997063285e-01
1.005812087289631868e-01,5.391612741141965648e-01,8.617684238012002229e-02,2.190898013239840125e+00,9.836361957891794905e-01,-8.561495423049708675e-02,2.523314313845212431e-01,-3.907979960810135656e-01,1.209850126410304982e+00,-1.406104771391010866e+00,-1.604738529860987084e+00,1.458714749675993572e+00,2.153119792570582725e+00,4.683049076895917096e-01,1.127379412357372573e-01,6.572676903047772745e-01,-6.470535263827592587e-01,1.712435451522124896e-01,3.890870585621503119e-02,6.265642507453605958e-01,-1.557998528183396347e+00,-5.070347697653374563e-01,8.449956030008372032e-01,-6.755938276300630374e-01,-9.933613754231354065e-01,2.042072149826954064e+00,3.811800017940036173e-02,-5.789181399432078434e-01,-1.692370437474108424e+00,7.293463462804261610e-01,6.991361537186937536e-01,-2.987596005699359458e-01,-1.102230190907090623e+00,-2.454942364237903615e-02,-8.358560674816212233e-01,-9.420935888731157837e-01,-1.032127514617075803e-01,-1.051390398660064562e+00,2.466489552524461226e-01,6.079925094063971525e-01
-8.396324471731914096e-01,-1.368245095338390671e+00,1.561279598955807035e+00,-9.402702359572048252e-01,-6.599427051023376567e-01,2.130171674298873552e-01,5.993693725222970503e-01,-2.563168936896427774e-01,4.607943277012555572e-01,-4.009861578964010187e-01,-9.711706648243907392e-01,1.426316860787027352e+00,2.488441614331128093e+00,1.695969533014169306e+00,1.418066391534544557e-01,1.833435361815678455e+00,3.557035157239846201e-01,-4.772862704032295733e-01,4.663795743819788564e-01,-9.439250641118496210e-02,-9.831181837457076966e-01,-8.983219714320159754e-01,8.020517387405159404e-01,-1.846531981664673028e+00,6.041367404426841725e-01,-1.629583602748438276e+00,-2.121176444902435954e+00,-1.838846603758498510e+00,1.966763971934739841e+00,-1.962339649435420053e-01,8.658318016541907691e-02,1.419255045910950974e+00,9.341797484997248491e-01,-1.391505269404219591e+00,8.690063428187611017e-01,1.841812647035462880e-01,-3.416780975958805810e-01,2.429091413778038805e-02,1.279812020628021907e+00,-8.859664820409528518e-01
4.008856791041211509e-01,-9.657236532908345522e-03,-1.797164615395618448e+00,-8.022531717308107879e-01,1.932135532336964612e-01,1.297342089092890616e+00,1.001331017346729579e+00,5.972125044034249930e-01,-8.152756611364585515e-01,1.801213990808534948e+00,2.152404676396115490e-01,-1.006365521678550756e+00,-1.829049808569510049e-01,8.962484253561593395e-01,7.617498318158106956e-03,8.868646865827609638e-01,1.103693957462150266e+00,4.005306845987061659e-01,-8.577026230468941526e-01,1.354546631899805620e-01,4.516585593883098992e-02,1.859346333851627842e+00,-1.626321937826830100e+00,-1.348224510943540622e-01,-5.840935467949193161e-01,3.351056201959988767e-01,-2.437564359199356101e+00,1.114924559490279909e+00,1.374848733553365662e-02,-1.844701163628046148e+00,-3.611131347398661151e-01,6.089623416545242307e-01,-1.591447875458031458e+00,3.222216443155699172e-03,-1.057473647801530081e+00,-5.559850318789673063e-01,2.673838267463693116e-02,1.834502535815762947e-01,-4.707424981827272314e-01,2.727963895302641384e-01
8.179776072548057275e-01,-2.789142751032397949e-01,1.431567757449290879e+00,1.462214170780419487e+00,-4.287020655858288509e-01,-6.378405564735842859e-01,-1.664172985166173513e+00,-1.265693316393898538e-01,-3.634377801160513233e-01,7.790512201329913289e-01,-1.509661606068298800e+00,-2.773913917431098386e-01,9.687443931111453521e-01,-7.303570955579599122e-01,-7.623615367276093124e-01,-1.446940334755808522e+00,2.620573846018239283e+00,-7.474731780653793844e-01,-1.300346832218339133e+00,-8.038504040315199717e-01,-7.742950804868045100e-01,-2.693897784512402915e-01,8.253722320875147567e-01,-2.983231689958337207e-01,-9.228233149968279037e-01,-1.451338498191025117e+00,2.185735821987137145e-02,4.253907402979072161e-02,1.530932351028824634e+00,9.244773546980858403e-02,-9.900831128407737436e-02,-1.050653836587489565e+00,-3.059525750983919101e-01,-4.384744580346060516e-01,-3.701641645137025427e-01,-9.592553926405882336e-01,5.383296032761768490e-01,-1.424454175093693709e-01,-2.003534800049873998e-01,-1.714046116048996371e+00
4.936440875248638838e-01,4.870153259803794432e-01,-8.391294028422137119e-01,9.901213838791936839e-01,-1.364758230082432355e+00,-2.186990878907987476e-02,-2.712073398901639343e-01,-1.317174788805794527e+00,1.897026120799957527e-01,1.702570152241791313e+00,6.763423006691980655e-02,-4.630217541090512756e-01,4.470241568856779257e-01,1.057199954671548536e-01,2.776213162550148633e-02,-4.255422127714480474e-01,1.421975559292464775e+00,4.563633634807853778e-01,-5.286706589354885910e-01,-1.080038367809579292e-01,-7.408667042040726347e-01,-6.082911500814950356e-01,-6.407257241901990197e-01,-1.134311593722227451e+00,7.772769637679556309e-01,-2.910414632730258799e-01,5.541275783267697319e-01,-6.701258977272964712e-01,-6.036249439233865033e-02,-7.110405967911112013e-01,7.196681705373316751e-01,-2.484193067050382286e-01,-7.308735859513858513e-01,-1.641703228809784143e+00,2.756665493407743917e-01,-7.083850523381071129e-01,-1.577921712099518425e-02,-4.917301080135279001e-01,9.541895808987649330e-01,5.441447523580079659e-01
4.472120874548314862e-01,-6.161211233234792362e-01,4.662900435501894925e-01,1.714831608676042896e+00,-8.321860341500619818e-01,1.723391392291887814e-01,-1.649216974417132109e+00,1.398562092125535505e+00,-3.979120985908415897e-01,7.825788808419777975e-01,-1.723228250716323018e+00,1.797539387125904664e+00,-3.568715280255984612e-01,5.456573234700274888e-01,1.508182063325936018e-01,-2.554707861877690833e-01,1.685792302659303576e+00,-1.648046206366179822e+00,2.987136599920089397e-01,9.106456722299702822e-01,-2.985612163636626459e-02,-1.181707843665917995e-01,-1.426877120734650339e-01,-1.227636420410407991e+00,3.812738409493462294e-02,5.127175234723984065e-01,6.859922748066042686e-02,-2.722761011450802182e-01,-4.897250223730267304e-01,-2.792966692783721561e-01,1.257744217496038264e+00,-2.086634979420542546e+00,4.007145654777545529e-02,-3.277549172964167590e-01,1.455807951836843417e+00,5.549222544380277150e-02,1.484925598699954108e+00,-2.123890018045559103e+00,4.595849048340561738e-01,2.800578600376801286e-01
1.390533967073938060e+00,-1.641348608823029132e+00,-1.550358081183251802e-01,6.606026178649232472e-02,-4.957954945452093254e-01,1.216577713742940325e+00,-3.386821854453975766e-01,2.034762544021153641e+00,1.054177908938922714e+00,9.508336970037996050e-01,5.592989813908842978e-01,-1.063695591025547893e+00,-4.310963375107570994e-01,5.727513668572158378e-01,6.775570335877171280e-01,1.307183845081257401e+00,-4.674410096259063452e-01,-8.601533849246632002e-01,8.591041927855306293e-01,-8.096265760401126776e-01,8.733118360704121841e-01,1.199736176415037825e+00,4.561530358270555752e-01,-3.575790319685980823e-01,4.108222614387958826e-02,5.934659196032394668e-01,1.018551871207346374e-02,2.198296338670492567e+00,-9.906709306271493931e-01,-1.002668587369791142e+00,-9.768953867353251663e-01,-5.895799225452156289e-01,-2.178931520194909321e+00,-6.296504269401812515e-01,-6.532847019278890111e-01,7.851402517417628568e-02,4.178005832060814329e-01,-1.240216336407770292e+00,9.000542427640723098e-01,1.802242229790547157e+00
-2.082851030949963711e-01,1.574371237475571839e+00,1.989894944051877335e-01,1.988731918595391113e+00,1.117283465688190480e+00,-1.563904634839766494e+00,1.862737066135546071e-02,1.054324974904077949e+00,3.054658104061688806e-02,-3.688353084506694468e-02,1.269764750314304136e+00,-7.098541821461040735e-01,1.751561327821833658e-02,3.236257646091186824e-01,-3.337909603535641478e-01,-2.012910387753747560e-02,7.750232632241702557e-01,4.328376214999939409e-01,-8.087175319795336659e-01,-1.104123985799261742e+00,-7.891021802566502430e-01,1.248455788486605312e-03,-1.599397877570428173e-01,-8.319574932171247550e-01,-5.981504525164855757e-01,-1.520039285192063216e+00,4.178537032173259558e-01,-4.001872535163292222e-02,-1.259787343405270210e+00,2.862050418778281854e-02,1.342622010510353237e+00,-7.399358529652596550e-01,1.315137665720972349e+00,-3.234574724834238246e-01,1.978281678498678142e-01,9.775080242218528448e-02,1.401523416005245437e+00,1.584338467855317123e-01,-1.141901419203846579e+00,-1.310970370441212340e+00
-1.532921053430127412e+00,-1.711970164094221092e+00,4.613505895568491277e-02,-9.583744802265611318e-01,-8.081161294374096526e-02,-7.038590359904466354e-01,-7.707843007065652285e-01,-4.808453408727291212e-01,7.035855546433883445e-01,9.291451477686910598e-01,3.711725526490392002e-01,-9.898225495471192348e-01,6.436312754533384251e-01,6.888966666079322509e-01,2.746472036124445459e-01,-6.036204360190906559e-01,7.088595753671403932e-01,4.228185746766615627e-01,-3.116856591599125981e+00,6.444520334110422910e-01,-1.913742670861507067e+00,6.635615765913814856e-01,-1.540723984248353051e-01,1.193611680749198101e+00,-9.816121120593053473e-02,-8.866142600561124354e-01,-1.473536645828436575e-01,1.059806294933774540e+00,2.624661786158738463e-02,-1.143351598723767876e-01,7.435535155083369263e-01,2.103593666298129161e-01,-5.927405833231805775e-03,1.366060068403331496e+00,1.555114032059067730e+00,6.133262263287011518e-01,-2.859591514851729244e-01,1.496910993520827127e+00,1.183119557331707039e+00,7.188971655282916373e-01
-1.216076580745860891e+00,1.406719033079609216e-01,-7.436721747008731009e-01,-1.590122515543593296e-01,2.400569292967191515e-01,1.001594080906236806e-01,-4.751751058292484897e-01,1.272953748919910755e+00,-1.696131266831543138e+00,7.301835311296144271e-01,-1.857483271594537966e+00,3.825981367234628783e-01,-8.869043262838753883e-01,8.783037577325302214e-01,8.645252400759345646e-02,2.477063784668243063e-01,-1.018279325566851412e+00,-6.545701349975838745e-01,2.072173934109533544e-01,5.835699269093039820e-01,2.929096241763861297e+00,2.228583231034867163e-01,9.760375253689255182e-01,-1.556933932509260377e+00,-1.329891861334062897e+00,-3.554947746084520244e-01,-1.197427695638566325e+00,1.486399253466384573e+00,-4.102186927803287975e-01,1.382181888393138713e+00,1.486782474085630801e+00,4.277971988356689403e-02,5.017997538076389707e-01,-5.609947334090290005e-02,5.384370003545386751e-01,4.833418517805717629e-01,-1.236496258920307123e-01,5.049699814628403338e-01,1.723696275667261801e+00,7.130162297109376990e-01
3.257996136406255405e-01,1.247695210432124141e-01,-1.012673123768591088e+00,-1.027296877075462467e+00,3.233565314802586133e-01,-1.369391124047157238e+00,-7.663275989635831564e-01,1.281511340364133167e+00,1.914229697062814095e+00,-1.665956076797718399e+00,1.626649562301581975e+00,-2.114382908455566257e-01,-1.500508703136480514e-02,-1.134116306427339627e-01,1.080544127025487411e+00,-1.607676579043177512e+00,4.561636113551335026e-01,-9.448701973880111460e-01,5.707885293815737615e-01,1.542796338293051850e+00,-4.173264126201663691e-04,3.741550859708022148e-01,4.095517782376913440e-01,-7.995934996704900932e-01,1.511639349884318362e+00,1.706468247260988891e+00,7.017833721170290140e-01,7.328543200764546517e-02,-4.618938153542846425e-01,-6.264902231490875328e-01,1.710836582546655604e+00,1.414415042729023630e+00,-6.366148878954942802e-02,-1.579930529671123685e+00,-2.832011869908987123e+00,-1.083426660264279695e+00,-1.306203959951194038e-01,1.400689034443001413e+00,-6.516562090577807664e-01,5.048154563405017337e-01
1.303180961648432445e+00,1.285363168560481606e-01,-1.424478687888413309e-01,-1.308763514238608039e+00,-1.202475308204432825e+00,4.160996344158233162e-01,-2.009075332009267190e-01,1.225313176533015386e-01,-4.727771569624714121e-02,6.641440493586504568e-01,-7.846874114294452029e-01,-3.355806435831669154e-01,1.896182228633144007e+00,-7.997861383857707285e-01,-2.815754308001021111e-01,-5.893867019785693495e-01,4.447813624072501915e-01,1.022392322442069457e+00,-4.982116185861096280e-01,-4.314143411046852394e-01,-2.789816053030302889e-01,5.298337834749576869e-01,-7.393953025101953624e-01,-3.759599659712591357e-01,-2.372193871513015306e+00,-1.381745009494985243e+00,-1.124437560192882157e-01,8.978641732031213962e-01,2.950757833018625154e-01,-1.098768456667299942e+00,-1.400256208127941937e+00,1.746800928981687429e-01,-1.652803642252843597e+00,1.065926818716888880e+00,6.389619165017826341e-02,-1.607320159234058243e+00,-9.659538588418696836e-01,-7.243113192311227966e-01,-7.731925102234387115e-01,-1.489933008221492328e+00
-8.746625219888451985e-01,-6.844015561404261927e-01,-7.112857556104381640e-01,1.127956624933380336e+00,1.048278028272145723e-01,-9.932572174375523533e-01,-3.346216059541220478e-01,-8.795570973113842062e-01,-3.000066590117569931e-01,8.755091531413832229e-01,2.522707806121253782e-01,2.285601181528066572e+00,3.759274257674801722e-01,-9.135945099771070055e-01,8.097407308144474181e-01,1.079931217142535704e+00,1.094166991443943804e+00,-1.094240953035091390e+00,-1.476374145148375006e-01,1.131811956828452592e+00,-1.684728958873941140e+00,-4.994167610220383025e-01,-1.426937685426991509e+00,-9.325702298970132142e-01,-1.012457152743806210e+00,1.250569832543434901e+00,-2.345380349087503868e-01,-8.633555813417825853e-01,-1.035605731384494632e+00,1.416671648715303045e-01,-1.113562734066710774e-02,1.344074374673426941e+00,5.000166958573024623e-01,-1.431797778065037274e+00,-6.289807075912683398e-01,1.070072512070977089e+00,-6.210826977013772510e-01,1.734572174923708632e+00,-1.098289431324746879e+00,5.726133530407901961e-01
-8.612155533986415312e-01,-5.095951329463573876e-01,1.098581648231146568e+00,-1.270671628385169338e-01,8.134522451141070754e-01,4.732905949147994673e-01,7.538656835623007701e-01,-8.881882110855132684e-01,-2.215743982040007942e-01,4.242526181008704489e-01,-8.490728726936603854e-01,1.629500043232328554e+00,-7.772280421551344132e-01,-3.000035769377952244e-01,-1.006559064794237290e+00,-2.143308065238687998e+00,1.796918522574928012e+00,-2.043389369030472469e-01,-4.479148384155402507e-01,-1.987150616707986650e-01,1.419863972196435675e+00,-9.651066080644172818e-01,6.795678657650824350e-01,-4.237882485494763318e-01,-5.966708555383097856e-01,5.670582125201824031e-01,9.882405737426969150e-01,-5.139029502799155047e-01,-7.688491596748099344e-01,-1.169095747322027146e+00,1.103503766728375579e+00,-5.752559948061179984e-01,-1.849130727275451136e+00,1.409952138396146193e+00,-1.369859501952942260e+00,7.794605312590614510e-01,1.834286466675247307e-01,2.879154322152783774e-01,-5.843752753113219400e-01,3.655914602246360667e-01
-1.667779892884237336e+00,5.880377487398128489e-01,1.557010041532160161e+00,8.840271974263261834e-01,-2.019540085386721362e+00,-9.842090022728482435e-01,-1.877949219748069054e-01,4.869373049399326470e-01,-1.066526736602251002e-01,-4.932143871104978095e-01,5.953003076922929182e-01,1.164151766224966522e+00,-2.322940071865973455e-01,7.289298673852393495e-01,-2.579050745189474636e+00,-9.375093861087292479e-01,-3.212589370580095083e-01,-4.885662207546257463e-01,3.327982174044547548e-01,1.013750547498260657e+00,5.066690260283887026e-01,-6.222254717550560477e-01,-1.522768090504186045e+00,5.569641205788870009e-01,-1.838176739670012161e+00,6.530372834064285259e-01,-1.884490821300682517e-01,-1.175834987938228826e+00,2.872573124667927580e-01,-2.876102659000990668e-03,-3.659729291624690128e-02,-8.422329652739403427e-02,4.195241084261415176e-01,9.244340219585094331e-01,4.966151984838515498e-01,1.012133189822309598e+00,-4.413971884780624327e-02,1.618459324231974472e+00,5.711098221298226418e-01,-5.436940296827768027e-01
-1.093895056734405014e+00,2.057968037340799639e-01,-1.306521522922600820e+00,-9.733759675567484893e-01,2.390870803735992423e-01,-6.078874462819541247e-01,-9.333162402269222779e-01,-3.447504608839825624e-02,7.267789910378988361e-02,-2.058340252187376151e-01,-3.775469190592885549e-01,8.546427287124486183e-01,3.424273512868276081e-01,-2.234261121946960194e-01,2.464321933515365437e+00,1.938317369284130731e-01,1.132005133677329800e+00,-5.609810031317564727e-01,-1.362940947208009401e+00,-7.917565156434642759e-01,-2.680097833981119337e-01,-4.966082097295170250e-01,1.336386182322793603e+00,-1.200411220961080244e-01,4.614688774411399019e-01,-4.648115603289031811e-02,-4.335543327331675689e-01,3.799601345351499848e-02,1.714051469770731861e+00,-7.679485917368150671e-01,7.669904505595511734e-01,-1.026007251625781880e+00,-4.596264422694389395e-01,3.583205954583646834e-03,3.263750897269906970e-01,1.483128627973814062e+00,-5.008264146453541427e-02,-8.436156065359264877e-01,6.500419730507697169e-01,-3.641698089157559548e-01
2.386815709318353684e-01,-1.162224395377518538e-01,-1.943456851286822662e+00,5.082991855939731352e-01,5.833680068212987457e-01,9.266047683086053866e-01,1.800462762460227628e+00,-1.195103773463475738e+00,5.165074442817594313e-01,4.092949966409553664e-01,-4.190819928078221013e-01,3.971062364497787711e-01,4.996469551119659958e-01,-1.218683829977196931e+00,2.462227612764321949e-01,-9.179843060046155578e-01,-6.518564999305905827e-01,-1.774744815188650460e+00,-4.733609255024787688e-01,-2.035706714734769607e-01,5.498568672963908277e-01,8.999266711071546602e-04,-1.542288150799678625e+00,8.621480568842673220e-01,-1.185866235500923072e-01,4.883705904296574141e-01,9.659361184597011762e-01,1.422604748969034771e+00,1.961226989365015383e+00,-7.223875867166795750e-02,3.111244460936535283e-01,-1.078361090816779777e+00,1.061600170035261081e+00,-1.184887444571769644e+00,-1.805251688630421070e+00,8.303860053403917529e-01,-5.216965249478153765e-01,7.776072813422404417e-01,4.080746493461687163e-01,-1.630002651023708671e+00
-2.719679364322614479e+00,-1.096601747092719181e+00,1.649148698086453854e-02,-1.221776334694771871e+00,-6.527614493487129410e-01,-1.458940730597325430e+00,1.698779597969244382e-01,9.082592703632520748e-02,-4.813926240476332774e-01,1.397065301313742625e+00,1.497715027319563408e+00,5.652672025364510189e-01,-1.799771181466744530e+00,-1.104690147205609430e+00,4.071303310832481426e-01,-6.285575802445897420e-01,-4.870914317118233416e-01,8.989673945880596317e-01,5.108748218924175077e-01,1.314154433813948808e+00,-4.292092966464773340e-01,1.375225420446897218e+00,-5.541312470844856897e-01,1.499491490138763039e+00,1.058346436167786758e-01,-8.605097471096080364e-01,-1.631219507653532963e+00,-3.014723148616931803e-01,-2.562326979954389627e-01,8.576619101224522979e-01,-1.105905028082072861e-01,-4.324319785784446757e-01,1.077037472947536489e+00,-2.248265612701514649e-01,-5.762418162269029587e-01,5.746089172925726851e-01,-4.898282188472668497e-01,6.588021416915129658e-01,-5.969171117831946205e-01,-2.229591829703795047e-01
1.521769755882663444e-01,-3.741263202643058672e-01,-1.345146935738967924e-02,8.154719692400600461e-01,4.106017913200476488e-01,4.809698500346235028e-01,-6.354304386192671794e-01,8.528297682743679609e-01,6.695623405090824765e-01,1.004419192261624572e+00,-7.263658321861021783e-01,-1.724585966814570492e-01,6.335339024604004221e-01,-6.088151174171313462e-01,-2.261224697639562520e-01,1.925805737459527434e+00,1.951761012267813733e+00,1.239940549827360128e+00,9.385851362497684702e-01,-1.019251149505129739e+00,5.125622314261221169e-01,-3.591165950658850581e-01,-1.058571897605367740e+00,-5.090058385913199812e-01,1.156650740463465721e-01,-5.473555742986664363e-01,-5.507994257068401511e-01,7.920414984229742217e-01,1.441064851232315980e-01,2.334580796623176302e-01,1.118723968962983262e-01,-6.757031433716508273e-01,-1.370571917960688335e+00,3.105647104204784514e-01,-5.070366321254438091e-01,-2.010782268585877830e+00,-3.925672579651523497e-01,-1.092217941340623222e+00,6.986502343077553023e-01,5.216252272403399948e-01
4.968931448384695804e-01,-6.650416181586910058e-01,7.315515818621539657e-01,3.196497831340729956e-01,-4.098545384398195046e-01,-4.533374321385169048e-01,8.927081528737002003e-01,-4.736040569636580932e-01,3.036564735262782810e-01,1.033956986812783585e+00,1.909342625557108653e+00,1.663873124437729611e+00,9.008227642090298470e-01,-1.505911351571387113e+00,-6.890484294179710645e-01,-5.480871874725353754e-01,1.653149832565320887e+00,-6.993179409720908790e-01,3.861663770983691513e-01,1.008670632573117898e-01,-9.351272094375440158e-01,3.818240096193838418e-01,3.982960861974925160e-01,-1.255774881741501536e+00,1.222877447053409616e+00,-2.086510028855187215e+00,-5.907571529099620022e-01,9.719702938655755409e-01,-1.193257833474039131e+00,3.502659195620300148e-01,-1.296360388275429987e+00,-9.302414444422328621e-02,-2.313773113172200357e+00,-8.425717017130081032e-01,-1.542921447154290249e+00,-4.017637421265006226e-01,-4.152313958216570788e-01,-6.736641713091396921e-01,7.979131965667456416e-01,-8.868796038714378271e-01
6.343866731890509536e-01,1.629275769958861364e+00,1.390641503046825267e-01,-8.576702045753995529e-01,-1.249338514861542349e+00,-7.097851001194992460e-01,7.046427207498909828e-01,1.555907349688974983e-01,9.367952162539888716e-01,7.703308793272120036e-01,1.408106518782359096e-01,4.734882616664621846e-01,1.855246209420479131e+00,1.415656226174680121e+00,-3.027460169042532345e-01,9.896794419358903028e-01,5.858508058179356937e-01,1.136388077539739472e+00,6.716165720359097424e-01,-9.741674350429900819e-01,-1.619684565372700558e+00,5.726270172050856866e-01,1.902618198369831370e+00,-7.756641079399707595e-01,-1.880897380496502069e-01,-1.035747726195212826e+00,1.177829504705659946e+00,-2.305166855043521146e+00,-2.263660301035808509e+00,3.750199198201532580e-01,-8.234364679135211529e-02,-4.796230150738065023e-01,-3.010947865234137044e-01,5.369879144563616258e-01,-4.138039890496650886e-01,-1.096924971733113541e+00,-9.273629280729662749e-01,8.883388619968426436e-01,-5.247419549622203139e-01,-1.385277583767198228e+00
1.021783269439707348e-01,5.049947217800111465e-01,1.328960747553223465e+00,2.179033871216689844e-01,-6.597112472096701152e-01,4.740078672770297041e-01,7.271748700204364591e-01,-3.890530666380676017e-02,-4.459939272557342932e-02,2.601329049387676728e-01,-6.985649825618424347e-02,2.501139068831255696e-01,-1.021913324426928282e+00,-1.150437769818509537e+00,-8.361113795007689697e-01,6.422109433294258540e-01,2.587975673406086030e-01,1.040238964249558418e+00,-1.866909221146099418e-01,-1.143641395841849651e+00,1.144553535284557944e+00,-1.876705553989292327e-02,1.283455036266525351e+00,5.979464913921805902e-01,2.188618678822837005e+00,-2.197729857133623455e-01,9.007239050891806542e-01,8.913641063529440522e-01,-5.551263454944499465e-01,-1.724823171069609085e-01,-1.461738342216722941e+00,-1.548796137002665718e+00,1.265688015307749048e-01,7.930070706974271522e-01,6.380240334954548898e-01,3.400245982596526440e-01,8.630171531510913985e-01,-5.896977956993247894e-01,-2.725327484877594908e-01,7.375215134138817241e-01
4.331187294489333151e-01,-2.101888137967623249e-01,1.320794386127914111e+00,-1.292001251047127264e+00,-5.186786872885924549e-01,-2.833977744562524159e-01,8.165348797737703723e-01,2.385197915235162322e-03,-1.261491746790615043e+00,5.140041798160635000e-01,1.087546315466894509e+00,7.393045331330262426e-01,6.191549216054889060e-01,-1.874313496741068175e+00,-8.998864767434843204e-01,4.820806086722010941e-01,-5.488818475438848876e-02,5.225576019988119603e-01,-1.266342676962954217e+00,-6.149476428488614282e-02,-1.389781018896206755e+00,-1.953678562619406422e+00,2.957790885068872222e-01,8.425887964569803712e-01,2.456164279017757912e-01,-3.299648026466609624e-02,-1.562014341829266240e+00,1.006107067097547159e+00,-4.404489737594127069e-02,1.959562005205767843e+00,9.423143082769669387e-01,-2.005125426652148768e+00,7.550496802558879228e-01,-1.396535237573157229e+00,-7.594954904290640574e-01,-2.507566767601495106e-01,-9.406245036260366121e-02,3.975652156174661611e-01,-1.022855040804214077e+00,-1.150692004256646861e+00
6.006052017330760773e-01,-1.325026793402665944e-02,1.743730487015255903e-01,-2.193683351694660111e+00,-1.771373833153235544e-01,-8.907291830614958439e-01,-9.206263730168693371e-01,9.219348042245775199e-01,-1.095671228972512345e+00,-1.092896606326030140e+00,-3.310106034017458732e-01,4.502888306473442070e-01,-8.840147297480862587e-01,1.234144035780061710e+00,1.449847525361218858e+00,-8.814470664684638246e-01,-2.450817555768554645e-01,-7.786754726576126107e-01,-1.685382104871227416e+00,3.030110504561574492e-01,7.335948682293695899e-01,2.011864263126561525e+00,-8.974095036313369800e-01,1.336235090812621040e+00,1.342353691257953230e+00,1.978533095671530795e-01,6.021634895760638040e-01,8.732730483007036248e-01,1.974099948241899494e+00,4.778085626164694233e-01,-6.013788550368521363e-02,-8.661687990074722343e-01,3.053207550124981129e-01,1.024164932773070413e+00,2.446103613294719481e-01,-7.799232489250029765e-01,8.907620249656333922e-02,-1.291534824601138776e-01,2.647387577557072658e-01,-1.661848367218250022e+00
5.507886141027316107e-01,5.954231567637232603e-01,4.448534381865085763e-01,-3.762817145024025239e-03,-1.805936262603421660e+00,-1.932279197126340886e-02,1.060714999342169396e+00,-8.601288762924611531e-01,-1.989269466161283750e+00,-1.540557971870693654e+00,3.140256918206031367e-01,3.728760088524375460e-01,8.862931946214680501e-01,-5.525899572965248252e-02,-1.500328375978570605e+00,-8.185041405936757108e-01,8.188393725993478034e-01,1.404959074394759033e-01,6.498296346799786738e-01,4.347888054610397068e-01,-2.049605517302963142e-01,-1.740068375080340013e-01,1.857102269755859680e+00,4.146742666092209095e-01,-1.285875503163605993e-01,4.554199909368095156e-01,2.229058196242733603e-01,-2.157356373494461632e+00,6.500845143723144037e-01,1.820939274089675486e+00,-7.802798683900640242e-01,1.454035748839167086e+00,-2.568696973319167243e-01,2.934713976498219967e-01,1.070360016973173956e+00,-7.200014312908091796e-01,1.242493912818471324e+00,-1.214217281359339262e+00,-8.751547489139164249e-01,-5.935203173475258609e-01
6.620053664519022218e-01,-3.408744105694707649e-01,-1.519974459585867743e+00,-2.165328718498283900e-01,-7.842213825343838929e-01,7.312936208403685301e-01,-3.432350544551032723e-01,7.077407590065136478e-02,-4.054724571406713163e-01,4.339389682302889351e-01,-1.835907634705540303e-01,3.251987146870649603e-01,-2.593388564741710312e+00,9.725087697778614371e-02,4.139136701102331117e-01,-1.992800549145920253e-01,6.693924713925414327e-01,7.386070289928207133e-01,1.304213891849502982e+00,1.048116080722816534e-01,-1.913800704669981201e+00,-2.285499448789645172e+00,-1.601840952074517599e+00,-3.790706118413619818e-02,-1.573052882805656694e-01,2.762398520199737528e-01,-6.252459225571740387e-01,-7.364911715057484987e-01,5.550479424104340920e-01,6.559244113725019032e-01,-2.566501354804808233e-01,-3.847665823895329851e-02,4.043143433289911326e-01,5.043435751629945507e-01,-1.143980699598740047e+00,-7.195738559179506444e-01,-1.230546045645386721e+00,-5.069066148368306379e-01,8.123335893418310860e-01,5.462718669437655050e-01
-1.098097960362558689e+00,5.122667268259818441e-01,8.584310534245198632e-02,-4.939267070859206799e-01,-1.406459655103631246e+00,-1.748233716177669539e-01,6.799440061159554016e-01,-2.163097648396125283e+00,-3.961231977514494407e-01,2.254283698804961933e+00,6.726367185680938166e-01,2.598324950034759939e-01,-7.371851695709140673e-01,-6.783298378739697210e-01,-8.328839569996336623e-02,1.602863629377135890e+00,4.655891908949305047e-01,-8.721583977708226021e-01,1.176786962383863822e+00,-2.925942071580907022e-01,1.697346481013949138e+00,-5.666030246377040669e-01,-1.003265756903888972e+00,1.746295778135699972e-01,9.823269838002980370e-01,1.037444796730910168e+00,1.591917666688115185e-01,-9.880966879686111648e-01,-5.053407218978849258e-01,-2.018281868354216524e+00,-9.131215375688201963e-01,-1.784568148972631163e-01,3.890021406534789339e-01,-3.394543214647788854e-01,-5.697905497773966821e-02,-3.961854447498169285e-01,7.510253041897702042e-01,-8.991129384265388325e-01,8.375479141463264554e-01,1.960880812513910554e+00
4.727896560219311262e-01,-5.270916102240418288e-01,-5.362701440867849723e-01,1.209837222184097394e+00,-1.126589425871997507e+00,-9.538044202725640686e-01,-1.164448453870464251e+00,-1.278513840520685951e+00,-1.044816319379856973e+00,7.899049417854930866e-01,1.102282564588024316e+00,-6.970730723601831214e-01,2.073340460456898626e-01,7.591566751082341469e-01,1.005642030971629353e-01,-9.549427576172386800e-01,-1.470401735138081367e+00,1.010427553125508693e+00,4.961794122883804725e-01,5.769558933986538296e-01,-1.107646900901030129e+00,2.349771928890519168e-01,6.289995874568216072e-01,3.140338436471455386e-01,-7.450232168076891259e-01,1.012260510065335684e+00,-1.527631948178773902e+00,9.287419248069415101e-01,1.081055944087073284e+00,1.572330317535224786e+00,-3.424921902504428628e-01,-9.994300165615204179e-01,7.938803623083801053e-01,-6.992152790869743395e-01,4.399551144398878427e-02,-3.174622171600719467e-01,-9.020719714130848166e-01,3.209994661848916131e-01,-1.392015916558035693e+00,5.922056816440394167e-01
-9.669310884567345887e-01,-1.731731346467926258e+00,-5.010745879029283867e-02,4.316338528112232398e-01,5.769345970532243628e-01,8.183537308271613409e-01,-2.353640399690414053e+00,-1.005144430956671497e+00,1.066522945030321246e-01,1.519003279936145479e+00,7.837444936747277602e-01,1.901340051848112500e+00,-5.249394229139987544e-01,2.744169952820085245e-01,-1.099970807569307096e+00,-4.043522196239997535e-01,-7.352957182829732430e-01,-6.339886593167211037e-01,-3.934491211856632753e-01,2.717539890680890739e-03,2.221266451648409510e-02,5.434534395827255171e-01,1.399884673868593554e-01,-3.440456288496253623e-01,-5.225785415319464944e-01,-3.071317201586839518e-01,-4.490371414469655487e-01,4.909710551819796431e-01,8.655251906712624343e-01,1.274044537947084610e+00,-7.977027599404172831e-01,4.693722253387500598e-01,-1.394679641592675656e+00,3.731747182525781414e-01,1.082672282091064586e+00,-1.495895016669949729e-01,1.072636047258873182e+00,-1.138567870315476682e+00,-8.886452830916367063e-01,-1.358098426436865347e-01
1.022210354585824765e+00,-4.174294563419883031e-01,-4.535531009087745979e-01,-9.916283583780206579e-01,2.028810444426216164e-01,1.246695140894435783e+00,7.006801090936922716e-01,6.966506543362646076e-01,-2.069744749236639425e-01,-5.633093592639142333e-01,6.772459164163702194e-01,-3.191107563414086884e-02,-1.736082357193817483e-01,8.982406224036155740e-01,-1.977874516727299026e-01,-8.377762593852057238e-01,9.091884953309661288e-01,8.071989043386668117e-02,-1.037029343848692164e+00,-1.112905894871616397e+00,9.541187582686681823e-02,2.337409661478275780e+00,-3.928206035462084578e-01,-3.362738590855784970e-01,1.523771197617053375e+00,-5.728119979051538718e-02,-1.448466863247988234e+00,-1.572796452548173241e+00,1.226663973787480044e+00,6.663545422501887527e-01,8.261257084311929288e-01,-5.775655837871274817e-02,-7.267120259827976048e-01,-2.171631157241669663e-01,1.360312173743767616e-01,-8.383111556987010715e-01,5.614499095511267246e-01,-1.259596168799721472e+00,-3.327587645752240197e-01,-2.040078724765030938e-01
-6.910198131753685358e-01,-2.205505355019822034e+00,4.478696641112525634e-01,-7.557507604402671220e-01,1.325707959324371465e+00,-3.419822776840522605e-01,-5.413595884312205619e-01,9.152194677887708074e-02,1.053439748630448092e+00,-5.634076631181696992e-01,1.014737694829776826e+00,1.440303641017622649e+00,9.903228106559455179e-01,1.626431490992257256e+00,1.292646021012468838e+00,1.514882293893005771e+00,1.604326319415641189e+00,2.080695296299638064e-01,-4.292238995721983086e-01,-2.262243635243805784e+00,-1.322733119521795730e+00,-4.482827991587955974e-01,-3.817350872405659845e-01,-1.527944634020866055e-01,-1.000760490248750356e+00,-1.595777611441314248e+00,-1.302231664667262145e-01,-1.894179288117905924e-01,-8.075540415498662083e-01,-7.421521616503847785e-01,-9.401565918724067439e-01,-3.965237390163177666e-01,-8.563028269952512872e-01,1.259875331517015473e+00,2.409967320451210648e-01,-9.723179180265172361e-01,-2.804477814674541380e-01,-1.180285606351190619e+00,1.012168295174787902e+00,1.384186724580819927e+00
1.252001982753031539e+00,-1.144692631242597791e+00,-9.126701972617591585e-02,-4.015706755129159200e-01,5.620131059141816321e-01,-1.007909803283898009e+00,-6.758916940010165630e-01,-4.132170283518080689e-01,1.532884691324238879e-01,6.941287081378864077e-01,-3.287276927366076795e-01,6.639650755262215265e-01,8.220763567971377528e-01,-2.132152368718210345e-01,-1.245658132865596901e+00,-1.171190335434140417e+00,5.917269751515682463e-01,-4.762244363146694304e-01,-1.712629322682455157e+00,6.129523681830005843e-01,1.295545205462189653e-01,-1.405967081142628361e+00,1.179419981202645795e+00,8.366359871577494500e-01,1.387452512901793111e-01,-1.274319367734416897e+00,-1.402330532885283088e+00,-3.070684868414365054e-01,-1.713915389550289436e+00,4.050802731844854176e-01,-1.410823313380336508e+00,1.649127292546986034e-01,-2.881314527267264114e-01,7.117852680970441215e-01,-9.379475952614881873e-01,2.737294495247240000e-01,-1.394840192834643444e+00,7.955495517694070040e-01,-1.149617662774946869e-01,4.958506689654303967e-01
-1.320525346828032243e+00,4.990842756717665529e-01,3.062033963037085194e-01,3.636978927133631134e-01,3.126339630139859938e-01,-1.934638827903477354e-01,1.241299220315990937e+00,-1.558979857657035728e-01,-7.391692003908286734e-01,-5.872619336893859093e-02,-9.505179454445302767e-01,-4.639964233308440100e-01,-1.772466161893988812e-01,-3.795541206458599159e-01,1.993970728054857422e-01,1.945761391306326749e+00,5.709498398461205770e-01,1.072300647288091380e+00,-5.037094373682365900e-01,-5.870162885051485313e-01,-3.781780468929897276e-01,8.528890972688772942e-01,-2.148118478230897743e+00,-1.033164775291367299e+00,1.023358468342198818e-01,-2.240923670629287046e-01,1.967729682143045888e+00,4.476832157426563485e-01,-6.621914435304807611e-01,-1.577607068539347290e+00,-3.405600349378622993e-01,-1.303220082678414604e+00,4.667506504184348315e-01,1.611063222416783403e-01,3.200319320927312861e-01,2.079176664795037155e+00,-9.074659814202976627e-01,-1.924042077959067509e-01,-1.212515744488908975e+00,-8.059851615012544879e-02
1.593273615950026700e+00,5.687223991204718443e-01,-1.144870455892008226e-01,2.516302488198905452e-01,-1.210855637943589969e+00,-3.937337116943893101e-01,8.525257457038692976e-02,9.942198670854182629e-02,-1.530616244398616876e+00,3.276231792347814031e-01,2.791964925142102483e-01,-3.770512062727784941e-01,4.174999082500306484e-03,-1.483491553368001092e+00,-1.479795615324348335e+00,1.346872623382376066e-01,-6.677231909161640555e-01,-1.155552022430136362e-02,8.394906723176046581e-01,-1.739299303051558276e-01,-2.810668054829196905e+00,-1.506536380208933490e-01,-4.810440219940352313e-01,-2.346943543229200735e-01,8.997308125715530736e-01,-1.578530185941114050e+00,2.439566239079844490e-01,1.570303911911232086e+00,-6.259431149684574480e-01,4.723278861857372335e-01,9.663057789708021650e-01,2.102314391020941864e-01,-6.850969803314268525e-01,-7.095210107080003326e-01,7.438001537659822970e-01,5.921490907817339444e-01,-7.864684150712255573e-01,-1.176473154361082907e+00,-1.280806714148996273e+00,1.661651861184770818e+00
-6.794512039049864505e-02,2.360228585653414424e+00,5.555456030705429038e-01,4.395223228337984955e-01,3.062724883051836655e-01,9.991498501973653523e-01,-9.660631850440695167e-01,2.160013108370735235e+00,-1.003017026118318833e-01,-7.034000921928110772e-01,3.025610022884200889e-01,1.092338876030797934e+00,-1.007554875782975756e+00,5.668693724410712731e-01,-7.164441575864772815e-01,-5.062735331744885325e-01,-4.894824187550307348e-01,7.635414664859204725e-01,-1.109072731794377598e+00,1.926161100346125976e-01,-3.434178640825921169e-01,-8.472101779585291537e-01,-1.213523602754480457e+00,-1.202888324516002694e+00,-1.633796017652797028e+00,8.961671937492676765e-01,-2.416531626312206638e-01,1.586519300662429521e-01,1.178189364481597501e+00,-1.220117156931552760e+00,-9.415456753157147585e-01,2.547155366937833842e-01,-1.824079552080366762e+00,-5.787085129968688735e-01,-9.248930731004670891e-01,3.295224421695354677e-01,-4.258158663638689223e-01,2.008149279376958418e+00,9.378913720693943246e-01,-8.532384842753111265e-01
-3.873134374568499849e-01,-3.475845129154438995e-01,3.306574349110561695e+00,-1.510199643978141104e+00,2.035397004046128333e-01,-2.084432135361529159e+00,-6.937441205922596603e-03,1.909890561909011408e+00,-4.084554316741083047e-01,1.104554421472048853e+00,-6.611522595320368234e-02,-4.224987168254348835e-01,-2.516563589463959860e-01,-5.869026451800014588e-01,-6.260582718898234367e-01,-1.330194412324495534e+00,1.506800728949443613e+00,-3.930763957934435004e-01,2.937743107657530550e-01,-8.765318514397859584e-01,1.116990559415349971e+00,-2.735557779078296448e-01,-9.103266785780533832e-02,-1.828976635295945341e+00,3.959762111396117334e-01,1.811505704820245644e+00,-8.690775859999118058e-01,-4.582291537024825723e-01,-1.138323958215016196e+00,1.291621742403761819e-01,6.402419790682800649e-02,7.050811014944690092e-01,5.514735468009195340e-01,-8.125160461856009153e-01,2.249480490643738784e-01,-3.283011067224730906e-01,-1.091032977376713564e+00,-1.268558729626133585e-01,3.801660214967115259e+00,2.315170634005944805e+00
1.398265977676514116e-01,1.738857208010756716e+00,-4.538336414627131693e-02,-5.313833944147986627e-02,-1.949571787629763131e+00,-9.601055659442864210e-01,-7.834992639864760688e-01,1.075190316654300315e-01,1.398453485927617611e-02,-5.789423513918673381e-01,-5.888131995338435898e-01,-1.661531356079522237e-01,-1.381411650682282666e+00,-6.126385603685591263e-01,-3.812898698082950455e-01,-1.248948933072874468e+00,-3.302378932645442799e-01,-8.348071635345082342e-01,1.235382392009476860e+00,-2.438037971391219250e-01,-1.895456682565755113e-01,4.280281070213671213e-01,5.569683168406290852e-01,-1.736241804300150626e+00,-3.767841091075349036e-01,-9.090323262520911829e-01,-1.451702441932180843e-01,-5.363325211989140584e-01,1.570694628578082341e-01,-9.804592455621558011e-01,-5.677672415201869827e-01,-5.911596689223530543e-01,1.082591370470893377e+00,3.680036592805429607e-01,3.688887075856657760e-01,-2.863182808100256938e-01,-3.847178520935539692e-01,5.610028884976373531e-01,7.774339337937848926e-01,1.514678562884082258e-02
1.141647945476101489e+00,1.274155027515184058e+00,-1.664698039388914586e+00,4.303788847830499198e-01,-4.260192849103661833e-02,3.882888139682426631e-01,1.115976528026742409e+00,-9.205381630914402091e-01,-1.620274102422561979e+00,1.106191472851045354e+00,-9.984846449304125571e-01,-6.862195139210355288e-01,2.046208934196503126e-01,-6.861018211613558737e-01,-1.592210628315597676e+00,3.418976741572548467e-02,-7.814846589618592576e-01,5.978598778702686189e-01,-5.060765560786548711e-01,-6.884461387207981842e-01,-2.100005391102094110e-01,1.052153476838670443e+00,9.079040816376845457e-01,-1.093226182459719809e+00,2.799707649086916827e+00,-3.257763245850283651e-01,-1.152415728959500729e+00,8.882319900487783970e-01,-3.616724573543518284e-01,2.153719507839649605e+00,8.474083554815338148e-01,-1.987198463087681000e-01,1.575306877732204347e+00,8.491152114704447751e-01,-1.228895196934889578e+00,8.883941095724036119e-01,-5.164874419484505319e-01,-8.332628524667475001e-02,1.310544492174615383e-01,-8.790960122662606624e-01
-1.333342278890701449e+00,3.677840109202966667e-01,-1.388233498669862787e+00,-2.575202626769265812e+00,-8.361056043714297781e-01,3.310924214883984584e-01,-2.698811335699642378e-01,1.267130940620071478e+00,1.837534954316889513e-01,-7.663096519470810053e-01,-4.395835504794938231e-01,-1.436541359269178475e+00,1.085797224705930875e+00,-1.381100086082957645e+00,-9.204076321192690147e-01,-1.602862204286279180e-01,2.353264490822148860e-03,-1.502650363509789200e+00,-9.055357952194951210e-01,2.650406022393186900e-01,1.129723358996993943e+00,3.490035620901750235e-01,-2.580976159085418206e-02,-1.562408733870130906e+00,-6.173423465520904152e-01,5.214942413110541519e-01,1.080946669854887299e+00,8.893759081552545798e-01,1.380716444456067393e-01,1.204600466649178081e+00,2.881460713163963572e+00,-5.938619153826878438e-01,-7.631157953450363740e-01,1.518482925779721215e+00,2.354645253854194820e-01,1.123076884272696807e-01,3.923743276591257212e-01,-6.544865051849599880e-01,-1.034795284750589017e+00,-7.771475095483107998e-01
1.245946256831014676e+00,-1.436640664684581514e+00,4.986546456485497214e-01,-5.576874600255096182e-01,-3.533668887153444960e-01,7.429509766083332023e-01,8.439889133578953873e-01,3.429765378669360487e-01,-1.873119662366006244e+00,1.570964708675791188e+00,1.310196517199560429e+00,9.143683319114727370e-02,1.025781695941162426e-02,1.801449208620155007e+00,9.472242712937277709e-01,-2.929440357491963631e-02,-2.923386758511445915e-01,-1.935371110110271353e-01,1.177232054397165495e+00,1.039991784706687517e+00,-1.613423011498803294e+00,4.646423988660638993e-01,8.641213313776073823e-01,-1.506463165971718254e+00,-2.964751438322664467e-03,-1.777043606376518925e+00,1.294928359413868579e-01,-2.083234501912948122e+00,-6.817455237079176333e-01,-6.110659144951345878e-01,-7.088498201426061129e-01,1.451528016974566571e+00,5.355105697391037145e-01,-3.995688603234002767e-01,-9.330778408941011737e-01,-2.387763168452322893e-01,-1.029112968299315423e+00,9.730800041496650010e-01,1.996766001547785940e+00,1.053199898082111119e+00
3.316903455451493121e-01,-1.656287832931461201e-01,-4.051062894614612664e-01,1.745284572687594071e+00,-5.759356075215347204e-01,1.561098556895749834e+00,-1.131539242020148661e+00,-2.962316543982072559e-01,-1.714056592720785810e+00,1.592342012282799979e-01,-1.263727621876206797e+00,1.665049406790441777e+00,4.122722716610699445e-01,5.373967468768180433e-01,2.826784491647699737e-01,-1.092540814391137705e+00,1.241182877338270346e-01,1.837080687867744366e+00,8.554926006310747955e-03,-1.017016201624812766e+00,-1.852342656695036283e+00,-7.133269903920768096e-01,-1.762228897540878192e+00,8.305173690425973199e-01,7.811672661822455233e-01,-8.756818272205503240e-01,6.139813084694260015e-01,-5.764546529569821720e-01,-4.561428277485912730e-02,3.719555515649780597e-01,-4.439600090394922871e-01,4.182033486531167576e-01,-1.685728050467551586e+00,1.174749879879696118e-01,-3.495202238773435083e-02,-2.046393136248110256e+00,-1.809690192731487457e+00,-1.859523605626927090e+00,4.143068339239512343e-01,1.239596268716607608e-01
2.739575771740402899e-01,-1.326378492508161422e+00,1.138973810666265241e+00,9.828412198173899217e-01,-7.669630350233282989e-01,1.176060276453796405e+00,-2.509223967811600731e-01,-1.776205024010031552e+00,-1.632694766150892596e+00,7.337234878550057404e-01,-1.040488106689792386e-01,8.812249464539311239e-01,-8.837312473241329402e-02,2.676708933607785945e-01,2.123526422980173578e+00,1.396849087631400810e+00,-4.328272686104104872e-01,3.749687247031264770e-01,4.944454430617894469e-01,7.613911674961069131e-01,7.100880518802973884e-02,-4.935318504950362284e-01,-3.622817236501296809e-03,-4.802871094783762174e-01,1.683367281239792845e+00,1.240726238835322182e+00,-2.036150188793882376e-01,4.282922606938114884e-01,-1.654592642356894072e-01,1.193241135968212019e+00,1.048880516417992625e+00,5.686108327108869709e-01,8.712642696145258547e-01,6.605708080415787498e-01,1.174061853808298972e+00,5.311313733291977979e-01,1.519005291145232306e-01,-5.772256235992383466e-01,-1.571750737493182060e+00,-2.784838050671250426e-02
-7.410555334041294406e-01,6.000906695712364403e-02,1.140488424187090288e+00,1.728246754403531538e-01,-4.150016711096239930e-01,-8.531286248616412049e-01,-1.430135207423931964e+00,1.332805335357487797e+00,-1.776691018929249299e+00,-9.347830262310604654e-01,-2.313201933697067059e+00,-3.161415757497161860e-01,-3.422845597605816415e-01,-4.042944206294937226e-01,-6.312989997640253148e-02,-8.212650744177593110e-01,-9.136556404887338223e-01,1.817826413261075968e+00,-3.340629483633708596e-01,9.076586249467651912e-01,-8.367710426529882950e-01,1.612728594752086853e+00,1.514182131007797860e+00,2.310186822172761723e-01,-1.099531592969483329e+00,8.700138572766068223e-02,4.730450004105715006e-02,2.396239140894969033e-01,-9.782206161996707117e-01,-1.523000136179294639e+00,1.623630373820346973e-01,-1.029131633371841228e-02,2.075021919366399226e-03,1.026800578850967538e+00,-1.475160483031365599e+00,1.010693715987804886e+00,-7.432275400173179447e-01,-3.952220658500596451e-01,-8.257793632512705484e-01,8.961985783925162374e-02
-1.905817874799927480e+00,-5.680857202871936185e-01,-5.157565452853528631e-01,1.263930202363194644e+00,1.506981437872180474e-01,6.955183114963027213e-01,5.938814386502597881e-03,-1.048900371462714531e+00,9.072048681832477479e-01,-8.454413420675676027e-01,-5.262433407727581391e-01,1.820997788095664593e-01,9.455387894471060095e-01,-2.013845432827442161e-01,1.510524731983275526e+00,-5.714784150520991757e-01,6.655892869546318202e-01,3.616300950703069898e-03,1.546671838212419603e+00,2.144060132609824088e-01,-1.877312818056096955e+00,1.088335209809507598e+00,-8.154851334052744261e-02,-5.530619110683828721e-01,1.222964761920838805e+00,-3.313086360295017796e-01,5.999867431623417957e-01,-7.683833192976774473e-01,-8.361301268279877075e-01,1.810581760583611199e+00,-7.870327372626857443e-01,-5.847709364174683566e-01,-1.708320791867683042e+00,1.629982244007823100e+00,3.979983232950983774e-01,2.377796334525968946e-01,9.751384105786283785e-01,-1.329336569334267137e+00,-5.410467819196708161e-01,-9.143773124951071196e-02
-1.548471050728460918e+00,1.311427126349951067e+00,-1.842905019336721698e-02,-3.232886362555003057e-01,2.362254895682835976e-01,-7.525822843367995230e-01,4.511300381296626943e-02,3.427538547002493274e+00,6.046820302458011387e-01,1.668311059634325355e+00,-3.550831224559204413e-01,-7.515689901309381415e-01,3.097035893716593158e-01,-1.341704943424034902e+00,-2.306957765445794450e+00,7.315925050221387949e-01,6.413381449722294070e-01,8.338512217530716919e-01,2.816987318999659637e-02,1.978372699879662244e+00,-8.732818705761502542e-02,-5.539647407905778920e-01,-3.006498715007326350e+00,-4.716586765324164154e-02,8.318777850596784651e-01,6.861198539497955634e-03,1.124221734446760657e+00,2.294881166255391403e+00,-1.733502083771994995e-01,1.231253559593308289e+00,-1.585852575180024315e+00,1.031319104356625882e+00,6.349048038676916028e-02,-2.213904983470635357e-01,-1.633989200064899783e-01,-1.563034683386430035e-01,-3.088029093452498985e-01,1.986729701496648404e-01,-1.742921340664020935e-01,-1.155792478963202807e+00
4.170538889921241998e-01,-6.078679483894681157e-01,1.047986614792129956e+00,-3.382696657238071225e-02,1.270239533211900973e-01,-2.049231913244666359e+00,-1.256680128168122135e+00,9.396143935074497966e-01,-7.338167260261783120e-01,-5.324376589989496811e-01,-2.779399672682793532e-01,1.363742592827342337e+00,3.741379978015836327e-01,1.310264603383328730e+00,-2.677477975311913783e-01,2.131762637663912330e-01,-1.203243455375975879e+00,1.178031235143371935e+00,1.086482036948542562e-01,4.412909879627580773e-02,3.383155392256594896e-01,1.446792073920322830e+00,-2.144951064885902425e-01,1.663038957754906066e+00,-8.515225844037913605e-01,4.221846079690916853e-01,2.009218561174876072e+00,-4.898147312586012547e-01,2.452558534434198800e-01,8.775050628364341465e-01,-1.378996988987066519e-01,-1.500353276164329674e+00,-1.055959359068956216e+00,5.809325888538346971e-01,8.915153199892447144e-01,7.845553343209962227e-01,1.146432013867844990e+00,7.198519493602166530e-02,2.082331707110066654e-01,-1.518868659157529555e+00
3.173289537023369911e-01,6.126807853910978263e-01,-5.832112948159864363e-01,6.440016988949112120e-01,-1.815888844517823841e+00,7.510995977945368329e-01,3.002843236208012079e-01,2.110608533588019586e+00,1.413085536865266834e+00,1.506980358558529520e+00,8.173970963681655988e-01,6.466156139152580140e-01,-1.181631314912928499e+00,-3.350913003517864697e-01,1.826728470660865078e+00,-1.456164448723089810e+00,-4.502818348131299442e-01,-1.419234080814670396e+00,1.450951814032127363e+00,-5.657813285456108066e-01,1.544534365931292230e+00,-4.137624937192985741e-01,-5.041320801637381166e-01,1.278529188984665277e+00,9.388317263937761004e-01,-2.716280309217574462e+00,4.511407898571996866e-01,6.001668782522922019e-01,2.098069309009110150e-01,-6.576580038247750171e-01,2.840844463958921637e-02,-3.980614809656642383e-01,2.113230276099754279e-01,-2.023942628610661820e-01,-6.219281582389457608e-01,1.637704463046145698e-01,8.024389101843935057e-01,2.890058923953663927e-01,-5.536423899312312713e-01,3.362540203704103559e-01
1.069792391858965797e+00,1.595404168576190163e+00,1.207552584159436559e+00,5.373801933590323099e-01,-1.009124031213886497e+00,-1.365552726920871818e+00,-2.023812137190724447e-01,-1.409184781556163113e+00,-7.847847290606281279e-01,-1.701223047511660202e-01,-4.842104217389032739e-01,-3.279180563104175938e-01,-1.328004627298109641e+00,2.314667597932104914e-01,9.965080510669072078e-01,-5.481374677891693858e-01,7.257553441912134584e-01,2.662726713718078120e+00,-9.181103013445279792e-02,6.512100079495286575e-01,1.967700900873555758e-01,9.696237292240466044e-01,-1.718649876612095007e+00,-1.056956767945214981e+00,1.434639280713804477e-01,8.869625661584651377e-01,1.305240258649402185e-01,-1.664573250967643636e+00,-8.236132764583951049e-01,-7.947061175972169877e-01,3.889919450030477344e-01,-7.620389598404270215e-01,-6.808071048007712234e-01,1.084747576637704825e+00,1.335316276798589996e+00,-4.132748053360386087e-01,4.249026723498728342e-01,-1.881483798531341511e+00,1.983270593553415340e-01,1.189978049795827442e+00
5.267817052573492420e-01,1.010608443574718268e-01,-3.886429734726364882e-01,-6.467920155914018698e-01,-1.790824051938029460e-01,-1.551441138236310691e+00,1.610458978298243915e+00,5.642106403948173865e-01,-1.024370342132837064e-01,-6.198047748273388668e-01,-7.033962015774306020e-02,7.977949422628427545e-01,1.011447891218946626e+00,-9.036909300657424149e-01,-9.735287601736554164e-01,2.078229962808275211e+00,1.136592857715686078e+00,7.085199408280056232e-01,-1.386462437173697493e-01,9.240203382627827366e-01,-1.273233175831116393e+00,1.531768421535040448e+00,-3.577222473716004658e-02,7.908615021587521721e-01,6.462177748951761780e-01,-1.315709112619280474e-01,-1.753663550974679519e-01,1.221583141275982998e+00,1.026497404582588757e+00,-1.772231119980422376e+00,-1.692405737056457582e+00,-9.462206203561585038e-01,-8.935453982997022537e-01,-1.118525872587230907e+00,2.721106432622881210e-01,-4.637044471339730745e-01,1.206124621762170168e+00,1.452877765517057052e+00,-2.868323749759308511e-02,1.683457948672893112e+00
2.421431014072319629e-02,-4.347906467499011995e-01,6.478573929391420738e-02,9.448600019930663008e-01,-1.614460972699897523e+00,-2.085993222244556244e-01,2.974056603168712676e-01,3.630846652385419926e-01,-3.684363433229110307e-01,4.887857426434712438e-01,2.921216179508627220e-01,-5.919081134723939153e-01,2.181598628938774542e+00,4.395502060313076775e-01,-3.311833501738299379e-01,-5.717190334784397754e-01,1.029408918230915848e+00,1.020597910640673595e-01,2.548112697815190231e+00,-4.359241229520885441e-01,-1.242606938452289533e+00,-2.769845883360258845e-02,1.750674588374432350e-01,-2.118450634640296038e+00,-3.091685143814802417e-01,-3.684154413875957990e-01,-3.687635362055504684e-01,-6.302257476306047934e-01,-1.343192543088439939e+00,7.580380514217576193e-01,-5.838408439896756175e-01,-1.023701452400854528e+00,-7.599342678179077382e-01,-4.723232397469547261e-01,1.086471247130269269e-01,6.683389863604884962e-01,-9.531794980150709584e-01,-4.792973975544329579e-01,-1.345507728019974536e+00,-3.392299993422375870e+00
1.557939307315889532e-01,1.520003517500743362e+00,5.220832533528240171e-01,-5.070599561429887103e-01,9.647914260523575425e-02,-1.174820100995061178e+00,-1.222923580325805115e-01,-4.277092530575760665e-01,-8.527142320673833931e-01,4.056522298046535413e-01,2.599867164379056739e+00,1.665449506434714566e+00,-7.207302132209586487e-02,8.841146547158619251e-01,8.627074340696256893e-01,-6.475380256858186412e-01,6.439040735006154037e-01,-1.440992098506151509e+00,-8.052983918515822515e-01,2.387528704061311902e-01,-4.147876623571257748e-01,1.756478643030221498e+00,6.480404345553452128e-01,-3.820381211659720777e-01,-4.705797131134822342e-01,1.869706082132836789e-01,-1.055531288642182597e+00,5.956119532945485240e-01,-1.375301949945475499e+00,6.230101959607395878e-01,-1.645947319804127729e-01,4.146135180912648988e-01,-1.012585925337963877e+00,2.449852070881173016e-01,2.412347741512653965e+00,-4.572167524606646771e-01,3.173998603290243414e-01,1.505566949757308315e+00,7.617041448601342690e-01,4.318854841446306270e-01
-1.013689272521191453e+00,-1.277588372296650343e+00,5.343244068245897593e-02,-4.632358553132017720e-01,-1.905821377529111696e-02,2.056566740195170107e-01,-6.764278388428851541e-01,4.941030260139194219e-01,1.858556188591102831e+00,-1.009340987380443755e+00,-4.695463585209107560e-01,-4.961065867999774753e-02,1.140459673940591445e+00,-1.186382000681701854e+00,-1.065148104384081584e+00,-2.163661012816362028e+00,-4.403622132138491629e-01,6.801457660218326318e-01,1.065224708978140589e+00,3.571536613077317401e-01,-6.009569793824570683e-01,7.064716137023735465e-01,2.043185906161155696e-01,-1.920705598929929980e+00,-1.228094832615538978e+00,1.511865305196296916e+00,3.222050829752718948e-01,-1.374794388508579601e+00,8.199531080617845635e-01,1.061434959762638908e+00,-4.350340294596920510e-01,6.576820963867856529e-01,-3.740100637951778939e+00,9.735767951881575399e-01,1.175155391919875170e+00,-1.124702714763733180e+00,2.820853995153044802e-01,-3.381205430474388818e-01,-1.025294807708273248e-01,-4.248804445350681802e-01
-1.332295466854820809e+00,1.890403703081655618e+00,-3.103108495792165078e-01,1.047550442622302291e-01,-1.009400580251431645e+00,-1.036867161124346737e+00,4.125984150754998248e-01,5.263920801511129399e-01,8.779241693247445966e-01,1.103774002493688178e+00,-2.102075405007618192e-01,-4.442030639929486213e-01,7.468138328489335453e-01,-6.374392034304349197e-01,8.717584958978292775e-01,3.745002872422890650e-01,1.155026434583497519e+00,6.703916888478308467e-01,-1.054445823891160483e+00,-8.656336415860264033e-01,7.324852970073880698e-01,1.907055842417773484e+00,-1.322811700783018241e+00,2.321160432527294079e-02,2.816745574804910834e-01,-1.525777511865546332e+00,4.781249963630132549e-01,-9.312279204743792449e-02,-2.096557481215648000e+00,1.621727978249595248e+00,-8.632082190710727021e-01,-1.282503414295041999e+00,4.201416222116939880e-01,5.574867959048966926e-01,7.364114036962717824e-01,-3.860033622093118066e-01,-1.091433789090974493e-02,-7.308067631738653924e-01,-1.310197305632208042e+00,1.079130649054235835e+00
-1.027626850177936063e-01,-1.823142554229564560e-01,-1.999267591995331994e+00,-1.783711042803361180e-01,-8.424944970914491904e-01,-1.746136531498163058e-01,-2.192441518568729875e-01,-4.464647913329628515e-01,9.388386429111394982e-01,4.470541523241566839e-01,1.127154514471546021e+00,-1.324827369959724388e+00,-6.489559274478151618e-01,-4.028081832228677661e-02,-4.066389699034341221e-01,-7.925772549673786027e-02,-1.182103399308322977e+00,-7.161780572622408192e-01,-1.641553954852012831e+00,-8.900255517732389432e-01,6.941767203920137241e-01,-2.142068847659502617e-01,1.505753238757508106e+00,-5.955338743056790562e-01,1.190710808723294128e-01,-1.213252330152418290e+00,2.600671870417404108e+00,-1.786205987004569062e-01,8.296298402994150001e-01,4.133850208671531190e-01,-5.838788148392762833e-01,-1.330901281535690206e+00,1.561431245388073541e-01,-5.567897443633332832e-01,-1.555043014917319166e-01,6.513020587973822328e-01,7.824115584037948101e-02,3.771162973685957542e-01,1.500465760557719019e-01,-1.467249332650507831e+00
1.396062195701338382e+00,1.175852296434752642e+00,-1.136164854256717538e+00,5.053006114271710869e-01,-6.620242701618574976e-01,-7.469163370632707633e-01,-4.841661335047560584e-03,1.747668230497698483e+00,1.057957561481885023e+00,6.052213583318578616e-01,-1.150605635754050837e+00,2.554449418751377543e+00,8.737310456606762754e-01,-2.348837419915111635e+00,3.994743352084917931e-01,-4.886947159180834999e-01,4.099823559489672031e-01,4.006403668095265824e-01,-9.185190764701045563e-01,1.825885752307693899e+00,1.997846214194241021e-01,9.413479065104091159e-01,1.351423564748203354e+00,-7.381575979519864328e-01,-9.117684848065237269e-01,1.121907348847766439e+00,1.392837432756856897e+00,-1.377018570791137098e+00,2.011243186157662066e+00,-2.355033143338529367e-01,6.917845285123843668e-01,5.643882091047265348e-01,-9.713423198333273056e-01,-8.640481389472266516e-01,-2.083592339294924933e+00,-1.151150135626560989e+00,-1.482475960742623888e+00,4.019051577029376238e-02,1.369402152722081878e+00,-2.714493066647461969e-02
3.388541621827366179e-01,7.780035433679286516e-01,6.797094410202996206e-01,-3.858315001115014686e-01,-1.463345060833500355e+00,-4.298055100406508733e-01,6.295935526390483705e-02,-8.716452127708096409e-01,3.619607107010485159e-01,-2.927120959421424806e-01,6.218215275108924800e-01,-8.032394761848250520e-01,-9.219676593093836248e-01,1.774056337703936892e+00,2.875623771368625986e-02,5.529638493955362222e-01,-1.098422252892152784e+00,-3.772644554821259488e-01,6.821694828076149131e-01,1.565615859646084740e+00,-7.244850747995447149e-01,-8.029174114389667771e-01,-2.266894034434760799e-02,-1.524395149748861700e+00,-3.013330647762714129e-02,-6.472838461539451305e-02,7.247491503292603499e-01,1.414609742688970773e+00,5.698443178000909271e-01,7.415510509596893174e-01,5.227895113430126167e-02,-3.597445764761595943e-01,-1.995976869156764311e+00,-8.862208191746165920e-01,2.172666846933302420e-01,-1.645593723789992469e+00,2.428898227832702039e-01,-4.008347102679510887e-01,-1.021559852581690242e+00,-4.700243166550029938e-01
7.287815212615994520e-01,8.855011096194772557e-01,-1.937021407449239341e+00,-1.494840121486704365e-01,9.138846582835070675e-01,-2.578948596093573187e-01,1.088152709142133773e-01,-1.495410875260269501e+00,-4.800336568182954067e-01,1.828775429388225460e+00,-7.880680345153491251e-01,-1.440632343196017295e+00,1.494717585584058872e-01,7.886293330657386802e-01,1.193810490625256016e+00,-5.177226421252706379e-01,2.224755766287194736e-01,5.443548782853930845e-01,6.492105278342116259e-01,-5.472027440095442730e-01,1.712724930895693998e+00,-6.872970225507311071e-01,7.078721586931350229e-01,-2.191123614552556442e-02,-5.872185640245207727e-01,-6.428512989625676521e-01,-5.863469109202340546e-01,-4.468710650532968787e-01,-1.018885599355909166e+00,6.974097032117700934e-01,-7.035153156202220703e-01,-6.150208487004943381e-01,4.886905912082333270e-01,-1.079619431336483609e-01,-1.421903635278911837e+00,-9.360094985442664051e-01,-1.965572444209934266e-01,-5.749878373674678356e-01,7.504825372530398164e-01,-7.644020289908125543e-01
-9.671270710432114948e-01,-1.010546208778624999e+00,4.066572469576391069e-01,4.834717260857331889e-01,-1.672444587570880659e+00,6.220751965181025023e-01,8.609732704959465188e-01,-1.690997761809049038e+00,-6.904314293609604691e-01,1.428892424357976143e+00,1.006101706025249287e+00,2.479265925104203946e-02,5.012493962894317701e-01,2.112019623620074338e+00,5.027969734526218648e-01,-1.220808861418892111e+00,1.364938999600826541e+00,-8.709388906246183781e-01,9.939022358478346586e-01,6.562706609568887961e-01,8.895135530057615147e-01,1.540932975409157635e+00,-1.465914328507952114e+00,-6.958855493879725906e-02,1.946049502545878607e+00,9.763817445199473033e-01,1.771583373413129492e-01,-1.023173130028950162e+00,1.067204929519576656e-01,-9.118812985440117869e-01,-1.468366956464425943e+00,5.764787030585525329e-01,6.530560533834806058e-02,-7.735128027607112156e-01,3.949481889622477593e-01,-5.038898877881488048e-01,1.779559084207380959e+00,-3.057244436995808917e-02,1.577088212470096007e+00,-8.128021008388902624e-01
6.133491654036357099e-01,1.843699976477568114e+00,2.710909822158606430e-01,1.136447627051515141e+00,-1.738331868174650907e+00,7.071347443209271555e-01,3.038613146488246611e-02,7.650019773845077031e-01,8.676652180131120273e-01,-2.256250117810418843e+00,-4.436027396060995831e-01,-6.700232805994619234e-01,1.521641900056982799e-01,-1.940533397169716734e+00,-1.090508667481699501e+00,1.001920703527667600e+00,1.768924460523685627e-01,-1.088014541416646663e+00,-2.532173670554681011e-01,1.098273057725845492e+00,-1.839566785967980955e+00,-2.114286135422598634e-01,-2.296632432908108090e-01,1.869794144690470894e-01,5.037794661678846042e-01,1.910342501588042863e+00,5.537811944266112230e-01,-5.874814673275584598e-01,1.257949942945930433e+00,-8.586683980979281650e-01,4.361870953416942531e-01,1.571463051309722747e+00,1.077314881367669175e+00,8.110896766545228065e-01,-2.231537638721763361e+00,-1.010025173053764325e-01,-5.873750665492240008e-01,1.324868271478720327e+00,8.406484781380934024e-01,2.611061815629574512e-01
7.944416483012171071e-01,-6.496164865120334087e-01,6.342845103835338394e-01,9.500266247483306337e-02,-1.683206807014817619e+00,3.440461379949239507e-01,7.071580306332684307e-01,1.193414585140634143e+00,5.273885275650069815e-01,1.006703923922336097e+00,-1.732327332083274607e+00,-3.734121628503217494e-01,-1.425103970801691600e-01,-3.297423647625177812e-01,-8.904211949649969149e-02,-5.773962487387679365e-01,7.361654792450188500e-01,-9.912055484724832111e-01,1.251746116962838273e-01,7.315271317349800184e-02,1.439372343795365383e-01,-9.477243177250659345e-01,1.399229924685350790e+00,-2.261237263545348708e-01,-1.438854164846784078e+00,8.013010182970272677e-01,-3.331445933704887431e-03,-9.694155765742591691e-02,-9.587145005100078388e-02,3.954369639302889872e-01,-5.324304212791321905e-02,-7.734995824944582710e-01,-1.419185507893644171e+00,3.034519325946295476e-01,-1.518206705189434791e+00,1.119707725248869412e+00,-9.538609617541665697e-01,-8.496140219658459003e-01,-9.818996930473791185e-01,-1.363077668155705080e+00
-7.725985596624938001e-01,-2.836254522565110348e-01,-2.327604042701149734e+00,-2.445227490778701274e+00,-7.158649273235087040e-01,8.833968424560668664e-01,-1.300439856600082766e+00,-7.633908407864095635e-02,1.430556815579963503e+00,-1.323408583223880886e+00,-4.383561661667589870e-01,-7.431524811887654236e-01,8.919675819978968301e-01,4.638727652285197234e-01,6.176608467347871612e-01,2.496417062759853422e+00,1.629475222809066981e+00,-9.904470169040013872e-02,-2.019919552581609101e-01,-1.448825888669768691e+00,-1.714164687432545131e+00,-4.964157077787356015e-02,-1.299395463382525095e+00,6.253554293826842914e-01,-7.917192877228302894e-01,-5.829433945049773413e-01,-1.552680541059163977e+00,2.110153524218902454e+00,7.588295490231017348e-01,-7.099302410695835786e-01,1.511470321461562960e-01,1.323091307981186127e+00,-9.278250742269076312e-01,1.906598682706118320e+00,-1.032174894412793753e+00,-1.773614832714968947e-01,-1.650378395647165153e+00,-2.538511126054626921e+00,1.010090780535822574e+00,8.570209201339346050e-02
-1.733860980314530176e+00,-1.640601205129941231e+00,1.145361399656915191e+00,-1.505951085227210107e-01,1.431443247096578331e+00,6.365867682363025581e-01,-6.656284755383752583e-02,3.232998076825626538e-02,-5.550736472466473170e-01,9.778610922900819735e-02,-6.098498200988441975e-02,8.375166726589021726e-01,-1.634184410760800565e-01,8.235554918687381099e-01,9.206322907748945017e-01,1.807626069823803638e-01,-1.312968333999183557e+00,-1.604767060522833688e-01,-1.906074645986168381e+00,-1.206621621352469420e+00,7.304183331603018026e-01,4.948927894275345074e-01,-3.208878434988736081e-03,-3.024331569974264000e-01,-7.394009462202818517e-01,-5.128120829418446602e-01,9.652515172740048222e-01,4.766792573598336302e-01,-1.371216493540672987e+00,1.988528425645546549e-01,1.399628296882110823e-01,1.648673473378083676e+00,-1.757551749484095538e+00,-7.831295390965802294e-01,9.736258362164424973e-01,-1.110932224412241931e+00,2.385621632342439291e+00,-1.178944222121616425e+00,2.912214521912293713e-02,5.595475579549991085e-01
8.810371425282456093e-01,7.152084847550455038e-01,-4.620775362855746304e-01,9.132070056428281957e-01,-7.546524877976943380e-01,-5.349771426628324722e-01,4.566424611747517681e-01,1.509576957922663665e+00,-2.281712374102879970e-01,-8.903415323551732152e-01,1.209771907313228922e+00,-1.264800032499279858e+00,1.838181489036682326e+00,-9.840826884582233314e-01,6.409484468212975905e-01,9.266912255245401964e-01,7.850340544628239270e-01,2.270026376399705559e-01,4.952955186798743692e-02,-1.653180501394323043e+00,-7.808196377123297616e-01,7.246446873555784096e-01,6.633691666174050816e-01,-1.037881305610973026e+00,3.469790198950812310e-01,2.520309885901270142e-01,1.750918842453265567e+00,-4.184011597362882195e-01,-5.198572681363137216e-01,-9.234429683261503596e-01,-9.992784708194047960e-01,3.749483615610897380e-01,-7.043411390789783288e-01,1.074703857970173537e+00,-6.272990613145604799e-01,1.533995675203416953e+00,4.177254579231090559e-01,2.583836263998506300e-01,-1.150428562833463619e+00,3.291141861990020678e-01
4.552197652342643286e-02,6.320826033762620977e-01,-5.108472982583961430e-01,-1.453629876306314239e+00,2.752215988849059380e-01,1.397872466992234886e-01,2.438923605327452393e-01,1.005650162476682485e+00,-9.396406327956308147e-01,-2.381750137695062719e+00,4.750270023469364555e-01,4.059125202031036994e-01,-4.770563058195012585e-01,1.705982015638863036e-01,-1.047780809725233020e+00,-2.106197211996527763e+00,-1.692911448385611806e+00,4.236113987702397332e-02,1.382710414793716369e+00,-3.895183883050923335e-01,8.139379101673241967e-01,-5.943319714745705085e-01,-5.543902287903260812e-02,7.965607238585665772e-01,1.331798851092850788e-01,-5.416783487002660991e-01,-8.653023635241722245e-01,-9.252812492373303777e-02,1.182102092766344592e+00,-1.570654593682471623e+00,8.593307615266595478e-01,2.836469927977868233e-01,-9.691122669007303791e-01,-1.837372912102479966e-02,-2.040354467315335096e-01,-9.477403648854545448e-01,-5.394351098536843692e-01,-1.256287300786887329e+00,-2.071523587410623701e+00,1.512364376599326932e-01
1.044489450050803070e+00,1.633349061307968642e+00,-1.111378547855891075e+00,2.147365165130330489e+00,1.526306733175378127e+00,1.423475034053949040e+00,-7.856663925669522541e-01,-5.622516250814534322e-01,-1.938357417899444490e+00,1.911592367265783632e-01,-3.936029239222301745e-01,1.617906880516374324e-01,-8.345180353080240421e-01,6.728704681422598144e-01,3.431881096157691768e-01,-1.144123079687720645e+00,-4.588794551128878157e-02,2.846845009858570696e-01,2.008441556211571388e+00,9.578084709900512583e-02,-9.404089971543699855e-01,-3.162630517722317958e-01,-3.122346587241907681e-02,-1.335952886368945158e-01,-1.841471893019249961e+00,-3.315768952145200510e-01,-6.933088946248110451e-01,-2.605129612316665622e-01,2.120962405348939317e+00,-8.322906073812125216e-01,1.437941004100138143e+00,1.160618144343491531e+00,6.834978189755713807e-01,3.110418371288929933e-03,6.543934208908858130e-01,-4.499197782117475009e-01,-5.464591314123373733e-01,-7.478616721418616109e-01,2.739015909471566590e-01,-2.097705819758884371e-01
-2.395850659986165643e-01,1.420228812714756428e+00,-7.047485117824592304e-01,7.353648953231095575e-01,-5.219276171421397548e-01,-1.592195025763493144e+00,-1.425950447840384161e+00,-4.915523726498656210e-01,6.296114897054387871e-01,6.417863943296603368e-01,-2.406871526741033718e-01,6.184217088551212660e-01,7.626311007575625744e-02,-2.614903192380511054e-01,8.547312664723766273e-01,1.187893900359813459e+00,1.016027392598704893e+00,-3.068729609886437504e-01,5.677076278581439928e-01,-2.129245671531442063e+00,1.950669227332315625e-01,3.610023657352557369e-01,1.519751989557915350e-01,-2.222727299550619762e-01,1.304773186252259576e+00,-9.323770074101535299e-02,-1.395379354861392418e-01,-2.409367465158102350e-01,1.034105379317070694e+00,-2.924596237896749940e-01,-8.343493679865687795e-01,-1.087585416069191402e-01,1.707713757875414906e+00,-3.006861148695200714e-01,6.157716342353538597e-01,-2.781107388159712035e-01,-2.767468147065723083e-01,-5.608413837692964865e-01,-1.216304059345420185e+00,-1.097816284101152395e-01
7.184557525704743375e-01,1.576192963568662231e+00,4.418694962535554271e-01,-8.168610783121017516e-01,7.455045999103653287e-01,4.540291738583825953e-01,1.398363190939807543e+00,2.089610455996919303e+00,1.214607755214027529e+00,-3.927581987612078218e-01,-1.592295437005032954e-01,1.157940529406633834e+00,-5.076931359365759455e-01,-1.404834644343419536e-01,6.343402407252743957e-01,1.070606054587777356e+00,2.229107692218903203e-01,-2.892519821999136820e+00,3.393659646811907349e-01,-3.120491953321097300e-01,-9.759209971282051255e-01,2.413016612085244067e-02,1.120464149859048408e+00,-1.129877229393826399e+00,1.589922991397278107e+00,9.787301007225036598e-01,9.341636251163595306e-01,-8.147085942103097222e-01,-2.512424471785195679e-01,-3.828348716908777094e-01,3.409579336820139960e-04,-6.220480065990363627e-02,-3.173488808190275678e-01,-1.779273461212925733e-01,-2.116203169611775292e-01,2.674838630585669730e-01,-1.651817035395099165e+00,4.865783488274911250e-01,1.697271698382945004e+00,1.072500847283753167e+00
-9.458972264573235478e-01,1.044608023710358102e+00,2.289627852599042335e+00,-2.425562595022625612e-01,7.210319212928965049e-01,2.299380399979592760e+00,1.030295627593692087e+00,1.550720601202495663e+00,-1.095225555508733128e+00,2.356208579675657666e-01,3.919691026384512500e-01,5.642871292929023674e-01,7.895075464057602632e-01,1.561750572599971965e-01,-1.312394136010819334e+00,1.066272414627254195e+00,3.788603286514439228e-01,-1.178616629599860133e+00,7.589958208274957263e-01,5.529800124656082394e-01,5.370345476746548607e-01,-2.868352081945603760e-01,1.634405644919902034e+00,5.712266310085557519e-01,-7.899540601421901620e-01,-1.542757940437679220e+00,-7.673321827911168125e-01,-2.369623293302214329e+00,-2.605598440471241783e-01,1.289570505919947485e-01,-1.207666434722325377e+00,-5.454435908354702267e-01,1.553282650144762966e+00,1.072913356596620627e-01,1.535343544034797558e+00,-1.849514170610358499e-01,-1.767827133264950057e-01,-2.199254045327719620e+00,7.292887472028637408e-01,1.100558240048691294e+00
-3.423680438532297199e-01,-3.103042253300738462e-01,8.130363779939603353e-01,-7.362970898953761223e-01,-7.823243190080751974e-01,3.170981661632434889e-01,-6.062513479848160580e-01,6.110578840796482281e-01,-9.203095152494392694e-01,1.509508919131058891e+00,6.564636842551869744e-01,6.585117910014719189e-02,-8.736306325459504141e-01,-1.057753899872486247e+00,-8.972370306825796504e-01,-1.432203299136975749e+00,1.340430317977629127e+00,3.420748390767709424e-01,1.070628330433165853e+00,1.739065035386261782e+00,1.306606023456831744e+00,4.496167914951323952e-01,-4.110504458323921972e-01,7.492995550061996024e-01,2.111377691191969330e-01,-2.606511406966504629e-01,-5.151983709538148215e-01,1.079216776392233568e+00,1.477462786653068516e+00,-2.751087237902243299e-01,-4.370077128368603514e-01,6.981697387398562160e-01,-6.351763985362038900e-01,6.036766869570824312e-01,1.736929605877737259e+00,-4.178344360945517866e-01,2.451323220439907344e-02,1.989693077515133357e+00,-3.731683129826400269e-01,1.410367315485508977e-01
-9.418154744100064590e-01,-7.028345962332641639e-01,-1.378836971880672779e+00,2.925249584070651832e+00,5.717519912105644142e-01,-4.587554920336953113e-02,-1.057064291473495121e+00,-1.824693063218133737e+00,2.417382882925377952e-01,-1.451518191150769632e-01,5.019926638574677691e-01,6.923288410819711247e-01,1.012275042757074361e+00,-4.217711271655590760e-02,6.220104647626921723e-01,-4.075361282019095421e-01,-8.514463986147240426e-01,-3.381832687502097090e-01,7.689677404625887558e-01,6.064976685294329872e-01,-1.261314233417417177e-02,3.224277228710903942e-01,1.607508342510071797e+00,-1.802410108496321106e+00,-1.255067896457201515e+00,-1.303375941097640635e-02,7.003573371771820710e-01,-2.152732345405164449e-01,9.030884548690235603e-01,-3.007437204443558887e+00,-2.330467257653145108e+00,-5.678032876795233719e-01,2.667322088884176434e+00,-6.835257171676114424e-05,-2.241448967805093506e+00,-3.600297328238710737e-01,6.174938815678411297e-01,9.622223812117249864e-01,4.705489111947673275e-01,-2.358042053837247631e-01
6.787892942117893513e-01,1.153618031582491543e+00,-5.547328058313598653e-01,-1.236007614269524352e-01,-1.360977060101773439e-01,-1.705542406380602838e+00,-1.257096424240048416e+00,-2.318624987841042095e+00,8.433792517812561951e-02,-2.976732522909795176e-01,-3.390328756905230945e-01,-3.440374919622348621e-02,5.192691885994520362e-01,-6.725830976695404972e-01,1.173611225751707288e+00,-1.592229487652642383e+00,-1.364920079911041521e-02,-9.834549020237666472e-02,8.498770749115637235e-01,-4.949857099055345322e-01,1.068730858335749101e+00,-2.338664106145302568e-01,-1.018051067202434407e-01,-1.490771627338373373e-01,6.980962424701659952e-01,8.531481644514044005e-01,-6.047407961436175317e-01,-1.408890961968435329e+00,-9.811016161982916151e-01,1.651830680019697739e-01,-1.664585551253300322e-02,1.409326707139855195e-01,-7.251721300578094498e-01,7.957408150919007550e-01,-1.764385412609698056e-01,-1.633434529802586743e+00,1.553497798151429465e-01,5.474259983284915920e-01,1.437603112168865105e-01,1.302209792157288382e-01
2.271719514800614736e-01,-1.053729128116536184e+00,1.531753024425929421e+00,-3.264935837443563305e-01,1.466845170475920668e+00,-5.541288675149712573e-01,9.666753728401993317e-01,2.401796487274638625e-01,1.003144336345547366e-01,-9.387914568843861440e-01,1.205818556417159515e+00,4.189720107584766762e-01,-9.025006997557642741e-02,1.207374986768000591e+00,8.858019739351670474e-02,2.209805589290623207e+00,1.016677119951384878e+00,-3.307090758070692638e-01,1.358381887871005445e+00,6.085638452785779168e-02,2.005891440375175083e+00,8.165836317712996117e-02,-7.920936567177569443e-02,9.396829975542771163e-02,3.995066830779557820e-01,1.549311260467852280e+00,2.928569206424722071e-01,-1.067149250049791026e-01,-4.934600210686959088e-01,7.856812957685702647e-01,-5.543451306135318557e-01,-1.168830321967322616e+00,-9.422464403062601468e-01,-4.649276043843699746e-01,-1.244343714088363695e-01,1.053172069856286308e+00,-5.772435517429558294e-01,1.197128452467760118e+00,-1.637706287146900808e+00,2.634602800838406367e+00
-1.586423925220094455e+00,1.980870384931375516e-01,-2.175800173915109492e-01,-7.853147218429327170e-01,6.764086845449899243e-01,1.057214164194443917e+00,-1.721861101765655711e-01,1.209384911963886422e+00,6.405769200289954113e-02,-1.063779966744665240e+00,-7.918750580583677756e-02,-5.274960662887697715e-01,4.602147716051034343e-01,-3.991668922613496595e-01,-7.418319534933170978e-02,-1.085357442231532188e+00,1.069356468124726289e+00,-3.556284234610498918e-01,-1.069477110788059182e+00,2.631474301847840813e+00,-1.412974373922038618e+00,5.074303058021131241e-01,-2.163665561003782933e+00,3.085227496408254333e-01,1.881135200182480482e-01,-2.523779686841727821e-01,-1.363544010454631028e+00,-8.585309451529440361e-01,-8.065607745013283481e-01,-1.174123629190504614e+00,-9.480458444663584228e-01,1.435125891304225743e+00,3.912090121732648695e-01,1.330827650338805679e+00,-9.888421037221284404e-01,-4.313032376956794089e-01,-1.737049554446875810e+00,-1.190455732292971636e+00,-2.911131476955789998e-01,-4.206063528726667333e-01
1.777353775521014478e+00,1.080465734718704107e-01,-2.650998837424730636e-01,4.594625920794160323e-01,2.687855274239260919e-02,-1.085703536597848684e+00,-6.268877439627491555e-01,1.398956882627307108e+00,1.303787700964381679e+00,2.572353183361757445e-01,1.019485231639314593e+00,1.642809234392312634e+00,-4.417257122177495332e-01,1.843148397986261178e-01,2.210909029565910067e-01,-8.268135316929665635e-01,4.464316280745284082e-01,-1.143678019041974858e+00,1.022599851715735170e-01,-2.689138918396051792e-01,4.295471169127261235e-01,-1.354861213483027127e+00,-5.210994753938542612e-01,1.883164146633178770e+00,-1.348460508936660807e-01,6.814415817952174104e-02,-6.695713849281262897e-01,4.537092683674631699e-02,3.797713865389969468e-01,-4.755639821750213270e-01,-2.494963003791745848e-01,-1.664597266836923273e-01,2.957374388461356252e-01,1.130517335211745245e+00,-6.693256986576540113e-01,8.059806605109512967e-01,8.046057241154725981e-01,2.548323453429383600e-01,1.081651752644684272e+00,9.906836308200220320e-02
1.078162870374709537e-01,-1.735524490419048660e-01,-2.703637915368669042e-01,-2.104981490263564403e-01,-1.860821173997107003e+00,6.002736547867639771e-01,-3.222564029992112111e-01,-1.468865876686654692e+00,9.703219872252617506e-01,-9.755422379377541864e-01,8.594921358486816709e-01,-7.415559723866654851e-01,9.588875887899702688e-01,1.898921022876496556e+00,-1.595062640129899512e+00,-2.549622084201182415e-01,9.568085535656984941e-01,2.796890697140306803e-01,2.816965133234475283e-01,9.156034382368172242e-01,-7.888602568316244179e-01,-1.283046959285195854e+00,-7.138098179196208370e-01,1.333552162153426757e+00,-7.639064506388854037e-01,-1.534958100371853096e+00,1.156781001474246340e+00,-5.121814114444011024e-01,-4.490087586100963146e-01,-1.393872355629271587e+00,5.303887363061819959e-01,5.679660232045157242e-01,-5.504558558562481219e-01,-1.193732451852267618e+00,-1.892100017900748776e+00,5.680582929035041806e-01,2.596495281153555101e+00,4.043229111596519654e-01,6.083219326593530818e-01,1.465612178195722093e-01
3.495766044131567996e-01,-2.330164573599614042e-01,2.941886439334481795e-01,-8.010068495784444798e-01,-1.240693282327165026e+00,1.112386577875710686e-01,9.816224345928167838e-02,-1.174422442243612252e+00,-5.514314180709902757e-01,-3.500730280729042465e-01,7.157834832427297789e-01,1.586675489389537952e-01,-1.676100789915017653e-01,-1.592215884785585622e+00,2.704105592062632235e-01,5.291992449175445534e-01,2.198112496185372411e+00,4.463334359795242956e-01,9.241106957635747410e-01,9.336605439721428201e-01,-1.812702175149916606e+00,-1.246180172582210671e-01,-1.696453418424784532e-01,-4.599695250050317985e-01,8.565337952186947712e-01,1.626720776302837956e+00,-9.244696239819246708e-01,-1.559941952968716961e-01,4.249975137707832085e-01,-7.795514073297667990e-01,-2.116536176559550064e+00,-2.150630257186208205e-01,-1.104090709322169239e+00,-1.938458954558434755e+00,9.018970308683510462e-01,1.635481290281593614e+00,5.289262473107064766e-01,4.159639271163776408e-01,4.340830146473118045e-01,-7.760796518294944824e-02
4.491689917803277643e-01,-1.313019074824083587e-01,-7.509349820524424679e-01,1.277651785368079995e+00,7.487615523702522147e-01,2.657273049114175834e+00,-8.186072750797135367e-01,-1.445151161202823165e+00,1.341763191273198208e+00,-1.051895555239141106e-01,1.356787245053469260e+00,2.014014092532141920e+00,-1.372629648387734935e+00,-8.574284009369551596e-01,-1.681288450323329409e+00,-1.505986541899521358e-01,-7.210639967808063489e-01,-1.940882428190562781e+00,9.990505958835167732e-02,1.281836444927709762e+00,-9.700794014053393255e-01,1.245376549440333269e+00,6.968713741003972340e-01,-6.455201895753388819e-02,-1.057840324980103830e+00,-4.692222763041775657e-01,2.128395482538143924e+00,-3.892407948042350685e-01,5.696129372942313474e-01,-2.742994634216305294e-01,-1.098416857661531187e+00,6.897208619605296187e-01,1.649248241877650178e+00,1.065132641189860507e+00,1.609044975886479323e+00,1.430166742945605529e-01,-2.557095205001198857e-03,5.276804771962433360e-01,-2.226212590894305343e-01,-4.914850199883162296e-01
-1.593839508519544923e+00,1.018373096048808213e+00,4.968521593657180407e-02,-1.601848753587892027e+00,-1.818410706614237204e+00,1.771656667792382622e+00,1.075603283213240724e+00,3.834028007471857458e-01,-1.466997459953160110e+00,-2.647817627810150065e-01,-1.032079012011609453e+00,-3.644350805405889848e-01,-2.168742109304846177e-01,-7.252820469086562749e-01,-1.393769450535566445e+00,7.387053177945938076e-01,2.493469356130846581e-01,5.485517784032251098e-01,1.134898199352542658e+00,1.102947403048723185e+00,1.663230233797479585e+00,9.258661960884992936e-01,4.591159461848914325e-01,-4.123454482898641915e-01,-1.289731348542696443e+00,5.902590078870354473e-01,-2.920606120476348933e-01,1.997626290383829328e+00,-5.045529733467954969e-01,2.800784997871991200e-01,2.846641526356933349e-01,-1.473233880491572334e+00,-7.650971680304989864e-01,-1.986660274782134250e+00,2.745036203204034297e-01,1.866807604628875628e-01,7.437629614008844925e-01,-7.251887020881637724e-01,-1.059525574130986358e+00,-3.219626748828830487e-01
4.132559710474975612e-01,-1.082994129642058878e+00,3.818486737966952926e-01,4.902530856340709953e-01,8.203164981469009964e-01,-3.574656686856997334e-01,8.713774995332511375e-02,1.228501896123783910e+00,-6.999685201193438511e-01,-3.824362280659314439e-02,2.006026400176992741e+00,3.040466665196556173e-01,9.432737373252608748e-01,3.004783719254489061e-01,1.006933824919090670e+00,4.846802879516259877e-01,-2.194198157621613798e-01,-2.402843828626114731e-01,-2.284196162991293799e-01,6.577883804734808715e-01,2.437209760575236028e-02,-1.673828834744982633e-02,8.044517528521182015e-02,2.744990787293169476e-01,1.563247622239820833e+00,-9.265796978079369195e-01,1.078571286097349313e+00,-4.262203126258889974e-01,-3.350518317977342897e-01,-1.482925713165540726e-01,-1.354584618598112744e+00,-6.348443273428107103e-01,-1.358720669375292067e-01,-5.967708210394816470e-01,1.297081619925233742e+00,-8.241472688054520823e-01,-1.672525696032304277e-01,-6.040330856396997072e-01,1.251292332800006291e+00,-1.342866619158898933e+00
4.152507926479656053e-01,1.196869743862859714e+00,1.407703829083028824e+00,1.768872614585667857e-01,1.728331911765654150e+00,-9.516835539067837191e-01,-5.515766875958918458e-01,-5.391194348611355602e-01,2.572713594988108032e-01,-2.113931948675742856e+00,9.485329221824557733e-01,1.231276086539328629e+00,-2.881865316218923945e-01,1.258196936993980275e+00,5.737561983770502749e-01,-9.768746409920792129e-01,-6.910295239236220466e-01,-5.072914485493871251e-01,3.287530761382752575e-01,9.405872633227585489e-01,6.720070138251329483e-01,-6.202755832323555429e-01,1.128496332972789562e-01,-6.132038126310529469e-01,1.582270683515847098e+00,-3.844380959342640347e-01,-6.737499858532929042e-02,-2.834100091546573608e-01,-1.199517947637563475e+00,-7.903467741059398699e-02,8.218730066993303884e-01,-1.707502718882836779e-01,-1.651030727306701085e+00,-2.086256634943707833e-01,-7.109470694343852371e-01,5.234685381924246428e-02,9.653596689691220645e-01,-7.002084788825495565e-01,-1.555075449203109916e-01,4.636141668728374632e-02
-1.427675412035500857e+00,3.529338202576330907e-01,-2.941586240537304997e-01,-9.563119970921414303e-01,-1.345773267162120757e+00,-4.249810979356378332e-02,8.205020637264595074e-01,4.909951726963742158e-01,-1.178042323216891951e+00,-3.410792095360092868e-01,4.586801260429108074e-01,1.192808645062070738e+00,1.507615526649367821e+00,2.159299177751088927e-01,1.076200323537641834e+00,-1.399355970784832426e+00,5.086227359478507903e-01,1.592425707334719887e+00,-4.144268141099413660e-02,1.375941579258049385e+00,1.355604128529217745e+00,6.253251786254551137e-01,1.675501756501932782e+00,-2.901961310372053737e-01,-2.289954150894044915e-01,1.524646430799617258e+00,3.891948406616170253e-01,-1.242944305486380241e+00,2.709897645931619650e-02,2.979976171758653702e+00,-2.368803452633156503e+00,1.322194158200802550e+00,-5.086752518838716375e-01,5.284387653161191079e-01,8.252167223304360810e-01,-1.348431601053270423e+00,-1.558124143502247927e+00,-8.698654758981736457e-01,-9.783833289729178262e-02,-1.682501148593069873e+00
6.562595585203879756e-01,5.922316836288040731e-01,2.983350852543438791e-01,2.247846596705589117e-01,-1.318877909506406931e+00,-3.159044358266463459e-01,4.167751489210132221e-02,7.735174003714017088e-01,1.309817055706619937e-01,1.667159218460354309e+00,6.244473192504322867e-01,5.456138470499352633e-02,4.523994181036959383e-01,1.614796379086025802e+00,-1.126840855368533845e+00,-3.600841185709736103e-01,-3.496910244439603299e-01,-6.707585162645776089e-01,-9.565800088146263480e-01,5.979392060011153864e-01,-4.567743938128762116e-01,6.110959458849138937e-01,-4.604537160584172839e-01,-1.262019210476440723e+00,1.198047274638240900e+00,1.798412081927316386e+00,2.246788552735834998e-01,5.230853256371933435e-01,1.736767043901579211e+00,5.086534882628998000e-01,1.165038846280014306e+00,7.131203165326025495e-01,1.319976903875810237e+00,3.111094173047893041e-01,2.989323795421111041e-01,6.086726993399870222e-01,-1.349546355876538151e+00,-8.733163387506138742e-01,1.361041845894195301e+00,1.420654760897240854e+00
4.303741635948362676e-01,-9.519916772532258653e-01,1.202767860614272655e+00,7.992626501632082991e-02,-1.170261152046045972e+00,6.195428242526872520e-01,8.924890045566711283e-01,8.761147661252163266e-01,-3.095809121804546371e-01,-5.196042391018410589e-01,-1.306871642803693057e+00,1.519598853187188681e+00,2.128613871569079719e-01,1.566497880888604088e+00,-2.589054009227414466e-01,1.711488987899949743e+00,-1.820816199125338430e+00,1.634945168480231303e-01,-8.131170228331614513e-01,-6.053545796354113939e-01,-1.327523804783417249e+00,-6.441716148314606816e-01,1.908883435205208867e+00,-5.635453097015976631e-01,1.082472553980253105e+00,-1.951910828300386980e+00,2.441216159316528689e+00,-1.728508586728505492e-02,9.122820275716162497e-01,1.239658497372330359e+00,-5.733674005671931528e-01,4.248894868688368187e-01,-2.712600152319243896e-01,-6.835675448918393515e-01,-1.537437609903522517e+00,-1.013744279420476652e-01,7.466657174180171275e-01,9.291818101673398056e-01,2.294180076422844827e-01,4.144058767169737645e-01
3.097238249312984637e-01,-7.374561938764481184e-01,-1.536919883223242467e+00,-5.622548291650494301e-01,-1.599511123302567839e+00,8.243899303441132309e-01,2.491486202197657818e+00,1.011855163530357427e+00,-2.812379394329118099e-01,1.670650760288455022e-02,1.153919669146143745e+00,-6.009150364167168412e-01,1.329372671024025010e-01,-2.169974427336589518e+00,-1.116558876495104435e+00,-5.693680056562911984e-01,6.362667001065182015e-01,-7.676492296420006634e-01,6.184794833285855997e-01,1.831612201556855057e-01,1.859351272994245852e+00,-1.075514634924526813e+00,-2.019219710844586402e+00,-2.437464457765859294e+00,-1.485635098857895076e-01,1.151151461610985471e+00,1.853233833983857493e-01,6.584609261717480067e-01,-4.953610189517377443e-02,2.373988495223972872e-01,-1.511580323141539672e+00,1.932370332664095303e+00,4.824220340218540182e-01,-1.315783048984438430e+00,-1.963615062663532695e+00,5.330681838435552544e-01,-1.093232169795156222e-01,-2.831834194541678618e-01,1.433743845409384710e+00,-5.686172403495335370e-01
-8.498464630132168685e-01,7.244464967710643188e-01,6.058983479762459767e-01,-1.290258480892525261e+00,7.894331064668144160e-01,1.960913744314466634e+00,-3.355398089440618237e-01,-6.076121853377761672e-01,-7.272418810378412646e-01,8.514086711723789502e-01,8.884165801847689892e-01,-1.111323311411736015e+00,1.137844365051557283e+00,1.275549279410528980e+00,2.945994117673690349e-01,-2.185679526461260735e+00,7.923774529948754974e-01,-1.625041422831591253e+00,7.398307178481248192e-01,1.014269107652175261e+00,9.582081002792166569e-01,-2.615370925760131637e+00,-7.281308277533211637e-01,7.424984671899899080e-01,-8.214396011646467322e-02,-1.524901872964308680e+00,-4.381790514846799489e-01,-5.391658869848697973e-03,-1.712084862038407707e+00,1.705586302486808759e+00,8.111898627624783975e-01,1.493609123529360261e-01,-7.354556815108361789e-01,-3.129665273330240471e-01,-6.534162143452642013e-01,-9.912257369950866481e-01,1.489663806985878358e-01,1.103323600895149470e+00,-1.900487985814645620e-01,-4.122638806637115572e-01
1.786201988259366047e-01,7.816811529768891154e-01,-5.246404025655174719e-01,-1.381096697908072324e+00,9.454761835401771508e-01,-1.361691079945743121e+00,5.349876314532653332e-01,-9.595929740786235396e-02,-8.964068835920472322e-01,1.387181435773914062e+00,9.973930614721021604e-01,5.764676373891761685e-01,4.400008384857237997e-01,4.754701044818343547e-01,-9.835773357745768442e-01,-5.619937118326500114e-01,-1.641003219429568949e+00,2.922827370423788929e-01,1.433104891068077480e+00,-3.837113014624971563e-01,2.374925923213301038e-01,-5.327551665909893153e-01,-4.711798428431650532e-01,-3.400845291834345696e-01,-1.463205664061971722e+00,1.138598255707540474e+00,-5.024829727646237289e-03,9.715876971987960076e-01,3.023412236776535367e-01,-8.062357062589076140e-01,-3.169119479183827304e-01,-1.586865202736432279e+00,7.886870840885564782e-01,1.372247742563603712e-01,-7.851805252269039581e-01,-1.506570210619323280e+00,-5.764098365512598798e-01,-1.107288422028092745e+00,1.352825314781629928e-01,-1.052777616099010771e+00
2.052293424987168269e+00,9.853089194260048478e-01,-3.728401179345631200e-01,-1.486235802672653650e+00,-1.116613769413766222e-01,-1.959615355233153666e+00,1.060701248405781838e+00,7.912979476386405864e-01,1.448644744596829792e+00,-5.566545088651483342e-01,8.055643494074832267e-01,1.384040949435159762e+00,-4.356646962419924440e-01,-7.338418322801275595e-01,1.348113189139511059e+00,1.454764264048769018e-01,4.252978849090195412e-01,-8.803982199196594416e-02,-1.248473473888006113e+00,1.104597221789698658e+00,-2.029385922934950237e+00,9.979759184888105095e-01,-2.792384684815958362e-01,-1.876324515323992137e-01,-5.325407945608757743e-01,5.268504427164218962e-01,4.087450189034442793e-01,1.611498491175042069e+00,-1.840722394142293161e-01,-1.820611109610827394e-01,-3.537951807917888436e-01,1.039311057855387688e-01,-4.489805293983243351e-01,1.155266384715309069e+00,1.370400142230112195e+00,-1.922386112826495408e+00,-1.288860718693892071e+00,-1.018783533479358683e+00,6.616163308269255028e-01,-8.920385309152666364e-01
5.518893919262993775e-01,1.371329968250908804e+00,7.708854393041169040e-01,-1.044818253839270294e+00,-1.199904463273838040e+00,-2.668061348566069135e+00,4.900120750404262093e-01,-1.255038975296892900e+00,4.239436480811312885e-02,2.307881866643272106e-01,-1.309774407060292134e+00,9.433927361551572854e-01,-1.035966665876922876e+00,-5.941559609790095786e-01,-1.182275708424911587e+00,4.903964579000617136e-02,-6.646436723098715360e-01,2.270058792454801910e+00,-6.435940599918866800e-01,1.863738219504922633e-01,-2.803147586206757302e-01,8.866586019299647070e-01,3.909020718403034139e-03,-1.461771323360310904e+00,1.988759325292270286e-01,4.399749188495430952e-01,-1.279135305865251926e+00,-1.042793745848233700e+00,-6.556071072796044730e-01,2.571542085006839340e-01,-3.568092725480447314e-01,-2.252246858458031742e+00,-7.602755048076781375e-01,1.135155932012889002e+00,6.326811102665230724e-01,6.538631859794601375e-01,-5.606849801695578533e-02,2.172995919778955454e+00,-6.873077693909016017e-02,-2.313193001450203345e-01
-4.723461810937867322e-01,-3.986878505716239807e-01,7.822806095977845597e-01,-2.084000059245744385e+00,-1.185218147346080553e+00,1.400777645480181022e+00,-7.757635355304917102e-01,-1.127581614148644773e+00,-1.672484122268801665e-01,-7.482985610779968599e-01,2.928707292589550204e-01,-1.196331834871290134e+00,1.499101180691328361e+00,-1.310930206784670204e+00,-8.394658504492998052e-02,5.582081612248801505e-02,2.463919763639626781e-01,-6.060656208607514972e-02,-5.779349389679403794e-03,-7.000236574996331063e-02,1.305683517969612240e+00,-1.253987556118070223e-01,9.635532049680582967e-01,-7.322648281309307450e-01,-2.418791276116570143e-03,-1.301703860937662993e-01,1.000471019662410921e+00,-5.866018873186218396e-01,-6.917225365238391932e-01,-1.560804143558695012e-01,-2.120338693457277449e-02,-2.102350575480544492e+00,-8.584807889242680456e-01,1.110172032851266755e+00,-2.545737742470357556e-01,-2.416257319744275489e-01,5.702454148452539284e-01,5.405352920141264228e-01,1.739275431878653189e+00,6.312438027364787319e-01
-4.402845986015447854e-01,5.503659167563925564e-02,7.741043288639232189e-01,9.616688942688136343e-01,-9.026238578861427442e-01,6.697832529878163799e-01,1.767131582365162545e+00,-1.734208624245631436e-01,1.131026236216906011e-02,-9.254625126447227901e-01,-1.061874016000541321e+00,1.153447608316925110e-02,7.880923673567601373e-01,-2.987428733187770802e-01,1.105651176408260827e+00,9.078026106262983008e-01,-3.661470152520729937e-01,7.300938208953666742e-01,-1.293408694519158075e-01,9.294993604315769653e-02,1.073858531263133687e+00,2.438683996535974341e+00,-1.396215366401090341e+00,-3.303312193727942492e-01,1.160260071066470777e+00,-2.442410968669555538e-01,-4.293623630841921779e-01,1.667689179248038833e+00,-6.083647243733469878e-02,7.872980699644840374e-01,-3.093359006185088522e-01,-1.558637629079736353e+00,-5.111013490038379681e-01,6.837660363672265484e-01,1.929822709337003228e-01,-7.978610990998358243e-01,2.063871602205731737e+00,1.178953844983267468e-01,-9.953600155051325338e-01,1.299512411736310380e+00
9.166028720962696719e-01,-5.599342933703583824e-01,6.541744284547735822e-01,7.905471336028097040e-01,4.623413146779397631e-01,1.298543896727921421e-01,-1.768077980482333222e+00,-3.233806066242059241e-01,-5.291453264645539639e-02,-5.833628356789399838e-01,-3.562459504853466297e-01,7.015071289399193999e-01,-4.987028795726128338e-01,-1.696171997070299753e+00,-6.258284814279614361e-01,-5.355837099046728556e-01,-1.618913429264418891e-01,-1.226760296786286952e+00,-3.106381133082461998e-01,-8.768604078597456164e-01,7.795471787293416499e-01,-1.935388322579406906e-01,5.475685448733289551e-01,2.768119254448890842e-01,-1.284570661718390960e+00,-4.235953087838587733e-02,1.669884345964615102e+00,-1.610850419370323916e+00,9.478467543751061264e-01,9.864636328794196274e-02,-1.510664174844703611e+00,5.734161903997485599e-01,1.003454398011577098e+00,-6.099083140840722006e-02,3.071651346569289620e-01,1.822392511295202189e+00,-6.054177480161555547e-01,1.828015341520016435e+00,1.641788308636039639e+00,-1.325293279931214263e+00
1.235409894214099941e-01,6.693232845293022037e-02,1.293410425148528997e+00,1.169078966564270239e+00,1.510159419755966237e+00,-1.619323337733530543e+00,1.377155713687813421e+00,5.679165016669079913e-01,-1.838672925642872880e+00,1.313082590043442410e+00,-1.107092175871735806e+00,7.729588615990822253e-01,-5.860818849876662240e-01,-2.058396306644984242e-01,4.436039965191485579e-01,-2.096983919818949105e-01,-1.452172742245783743e+00,3.058028499455842653e-01,-1.152519979662010252e+00,5.443555599003372381e-01,-1.252269817589099832e+00,1.393335423612921120e-01,3.642078995201961100e-01,2.013717346368233851e+00,-1.937597409419277827e+00,3.161602003964772978e-01,-1.260336219725050055e+00,4.786129105603375566e-01,-1.122477647352290719e-01,7.691809040720403168e-01,1.416185686325866389e+00,-3.374639981268779954e-01,-1.337014051059074761e-02,9.041422843285503719e-01,-5.291411425830232496e-01,4.031643000787583087e-01,8.388589407816182675e-01,-1.076187849417962639e+00,-1.524972544214400871e+00,1.757129134512355750e-01
8.767262592344914340e-01,-1.504966866291396199e+00,4.910938093207027344e-01,-3.653927065657884277e-01,-1.716035430876618195e-01,1.031659055821307902e+00,1.405045335320928290e-01,-8.550847628858783134e-01,-1.225497532834128427e-02,-2.336222320261853169e-01,-2.811496786924262414e-01,1.179335273916190419e+00,-6.546878805190199380e-01,-7.931123828888025917e-01,2.504535468999068981e-01,6.389125860178382910e-01,-1.338374418414544631e-01,-1.231551629760667455e+00,1.087464290016223883e-01,2.424254866120929552e+00,5.663132943199329361e-01,-1.662219943791583665e+00,-9.516455013339135682e-01,9.350069229319492303e-02,5.418270427264916256e-01,-6.956735567112440899e-01,2.164172929374712506e+00,5.378525330368729707e-01,3.326438661438503863e-01,1.256946846277600116e+00,2.456189311599763503e-01,-1.965461002176591032e+00,-3.942227139947447334e-01,-6.392866782525531422e-01,-3.373064373960015239e-01,1.140286289755548382e-01,6.925070536933050080e-01,-7.737633464288383722e-01,-7.652257592133577813e-01,-7.763974165319885434e-02
5.756703122442541343e-01,5.510339915164723656e-01,6.002933860781640707e-01,1.109558263278250356e+00,-3.609852554956634596e-01,1.120128630257340108e+00,3.345442465418944078e-01,1.578962880009212866e-01,1.801444468744503258e+00,-3.187448534409808576e-01,-7.662656341882068123e-01,1.465150886768176619e+00,-4.485923403632277595e-02,1.105298619166976692e+00,3.984775320050912284e-01,-1.752418924636575115e+00,2.810229618575511568e-01,6.246092117606539817e-01,-7.254627259044714449e-02,6.233510473340710956e-01,1.192175386948464810e+00,1.471532221426775644e+00,7.919710444601256727e-01,-8.447571011295171850e-01,1.241444385464876843e-01,-7.139037107112000680e-01,-4.604227912124065347e-01,-4.756816554371042782e-01,-5.339895834459516127e-02,2.218795730087646523e-01,2.083893314367839533e+00,2.475150154096478483e-01,1.782746044978379407e+00,-1.348903793035603066e-02,7.679714999543232334e-01,-3.554917035945523440e-01,3.621202908856557823e-02,-7.166434138894741679e-01,6.927424983264619529e-01,-7.791339891265129936e-01
-2.974212613542047134e-01,2.203360846408324025e-01,4.349841692645629032e-01,5.249035339414213075e-01,-4.737904621463643329e-01,-1.359320124725357015e+00,-2.259975674672218826e+00,-8.934810940078692365e-01,-6.567153032474649654e-01,-6.929903587341476046e-01,-8.416537208522980595e-01,4.606203676073664655e-01,-2.749021592795029001e-01,-1.371530862502668979e-01,-7.862843723127858064e-01,1.631779369091443277e+00,-2.760257411988215059e-01,-2.351152817603315626e+00,-7.772335599636888137e-01,-1.328378380681843440e+00,-1.401197199333877208e+00,4.626928763661728450e-01,2.381686405996005007e+00,-1.208985822712254077e+00,-4.188674451250771202e-01,-7.853214187536764479e-01,-2.164551422493769195e+00,1.144581190102393231e+00,-9.505017962626417516e-01,7.641232149245451577e-01,1.319489770439328247e+00,-1.203246746459805117e-01,-1.054309546130632436e+00,-2.758927524237527962e+00,6.597554177814543008e-01,2.143405511347149961e+00,-4.508769388376179243e-01,4.651074651821046624e-01,-3.877440161149434683e-01,-6.067355680424232345e-01
1.536558888226457364e+00,1.711568968081638442e-01,1.356321857776890578e-02,1.285218278760144883e-01,1.237851023721847910e-01,-1.612686577476980743e+00,-1.699062624362197849e-01,1.718791134703294254e+00,7.952760660124090775e-01,-5.621861897470773473e-01,1.939502730777593886e-01,1.260307602431752994e+00,3.326231472388714305e-01,2.495994562448983434e+00,3.348724992192815275e-01,2.440851311736529916e-01,-1.081474542017547558e+00,-1.671210587554994742e+00,1.029451504586236688e+00,-3.955523002201815630e-01,-7.647819715512025329e-01,5.640015094912124161e-01,-6.139293076120537762e-01,7.056366125912166831e-01,2.410723263692794716e-01,-6.252645479450691379e-01,2.575959707726095949e-01,-1.476499899388751480e+00,4.396305183334403566e-01,-5.134104624191121458e-01,-3.690652137628624291e-02,1.234064550076872546e+00,3.109393184057792844e-02,-6.546210377781312983e-01,9.864291169741258303e-01,-4.555740022527538652e-02,1.203282109479349771e+00,-7.458623286955364806e-01,-2.978456119870348529e-01,-9.822353025953018957e-01
-1.321825235273082155e+00,1.633568192869814806e-01,-6.249672366792912159e-01,-7.417124138333454075e-01,1.362227797464337087e-01,-1.059449426930080485e+00,-8.097393917732764734e-02,-5.245481819516922828e-01,1.838265848353862530e+00,-8.360715250252173103e-01,-1.359157886090095024e+00,-5.534931727535469248e-01,1.547365698878110374e-01,-8.778612751705602291e-01,-5.545231382123774200e-01,-1.275889164723877478e+00,-8.472755980335283654e-01,3.394901405262808480e-01,8.867839385230603666e-01,3.970008109545786201e-01,9.629596425463168297e-01,-7.972690030909897196e-02,6.448427960759656186e-01,4.046718508340267917e-01,-2.128299285521030246e-02,-2.438132559514680331e+00,-1.657105446765120838e-01,9.223550870561048054e-01,-8.054891463719712208e-01,1.817658689892473145e+00,8.265794684236412726e-01,1.518517692390644491e+00,1.763453269860341122e+00,-2.100679593357992481e+00,9.573124041890850311e-01,2.478752676683826928e-01,1.182571833572609865e+00,9.785193398380082064e-01,-5.731644277007729160e-01,-9.844460664262444372e-01
-9.941863534502241029e-01,1.693080978911503665e-01,-9.317142769363884192e-01,-9.543631612511206397e-01,-6.126065242494672658e-01,3.264756832826088417e-01,-8.015694952427457887e-01,1.048546357138432805e+00,-7.815785221917778136e-01,1.367483459326907180e+00,-1.021425996679555137e+00,-2.009140888525519641e-01,1.025521058578315881e-01,-9.636093841896099521e-01,-7.346326319510078084e-01,2.468834998275603876e-01,-4.661615990735024639e-01,-5.672651391975102042e-01,-4.167720921029580694e-01,1.828022208054227715e-01,-8.394173585534072668e-01,1.663421147637921038e+00,-1.883645600120002150e+00,3.907050718401425260e-02,-1.487848449518742455e-01,-3.561755694487760415e-01,-1.401371993649687564e+00,6.198907213790116888e-01,-1.671563832537807270e+00,5.220121193072331245e-01,-1.027402908303956947e-01,-5.389942393258931874e-01,-1.278385829805368745e+00,-7.213203241664402077e-01,-2.351311157591766232e+00,6.171728021042728329e-01,1.380944121989345907e-01,5.125414846423136384e-01,-1.201119874864424286e+00,-5.964149899072056504e-01
5.951352832409404492e-01,2.339069668537749336e-01,1.100631415361274179e+00,4.247358160108570257e-01,3.372429465727354025e-01,1.389364704440292642e-01,1.405943713285195740e+00,-4.783534197398298660e-01,-6.449186383198352024e-01,1.315003381243257281e-02,-3.747599689535006939e-02,-2.436141413214428508e-01,8.794044165879504327e-01,3.872634759274159455e-01,-5.042549732141282659e-01,2.157701429689973693e+00,-5.692856686840538361e-01,5.889863832362467466e-01,-8.519099644048738762e-01,-5.406210072187613846e-01,-3.512584465362322272e-01,1.859205791428565568e+00,1.071278474685972010e-01,1.881214964167662318e-01,-1.438777349536353833e+00,2.278479060605307915e-01,-1.030171840315109000e+00,-6.761962199168615184e-01,4.439955770193982909e-01,-4.711591189813225666e-01,1.513439870078403526e+00,1.292071086753592946e+00,1.850506544927822961e-01,7.243496402225746422e-02,-1.809644266940156065e-01,3.238141037043453796e-01,4.700443799929779898e-01,-2.543262112616853643e-01,-1.164221343703471634e+00,2.567294396978628823e-01
1.768714819662251247e-01,-6.741221784273416784e-01,-5.440258083364327840e-02,-8.167593067783271987e-01,6.026630287247964901e-01,1.571673596570594689e-01,1.848359132331979238e-01,7.246238244741421974e-01,2.191634136593477944e+00,3.952924227156009301e-02,5.885300155432839908e-01,1.086236517395448020e+00,-9.334515442889324000e-02,8.974225427830347934e-01,1.254604909326490825e+00,1.241709678448029569e-02,2.841767344627423864e+00,-1.747250016410555107e+00,-7.727107227387302046e-01,-1.164875348592739002e+00,1.148886683738508330e+00,2.784065275830306385e-01,-7.488279282563994332e-01,7.987616169568250157e-01,-2.916001428981980226e-01,2.630056824035547081e+00,-5.040947031165338155e-01,1.089087305894253177e+00,-1.007032034128037878e+00,5.389986042721031101e-01,-4.499021065136818431e-01,-1.300629967379799634e+00,-2.050023878509102726e+00,-2.852370342847925788e-01,9.818706358219383423e-01,3.920587684126279615e-02,-1.416158739761499419e+00,1.410621543944976519e+00,4.247548702403028398e-01,7.822275045934898863e-01
4.471131897130048438e-01,2.536914198024206701e+00,1.805239927149408785e-01,-8.006153899811748742e-01,1.079819620219652387e+00,-2.182867357554217236e+00,2.883101519618361808e-01,-3.787364472231135593e-01,1.282981210829157170e+00,4.635227113857091907e-02,-7.552426415564633677e-01,1.391619729156342300e-01,-1.308171117853187182e+00,1.847414019823390596e+00,-2.298999430315641912e-01,6.889461825173528453e-01,-6.292168510339257725e-01,4.396181122844199374e-01,-8.364688793505851983e-02,1.926554635313957764e+00,-1.471741541219743432e+00,-4.133013066453932183e-01,-5.089668349633530431e-01,-1.231050022741324357e+00,-1.285655962065268276e-01,8.536369770850880112e-01,-7.277516838860478288e-01,-1.262911165262533587e-02,4.544115993062357028e-01,5.498104050925418651e-01,-5.179763784193508469e-01,-2.412361700365983186e+00,-4.469912972784974570e-01,2.069475391670814179e+00,-9.394243186159421111e-01,-1.052124167038152924e+00,2.036963058802589710e-01,7.131192095024281585e-03,-6.870504020425381997e-01,-1.558200420469064637e-02
-1.647448529127537309e-01,3.724843869882257796e-01,4.417797154994524966e-01,-1.082960286842948205e+00,6.957065866433737034e-01,-2.200885284266095587e-01,-6.384267062657911218e-01,1.045045617865140386e+00,-2.753424036988163723e-02,-3.599655096528708853e-01,-2.629359747477382769e-01,5.287644175586044826e-01,1.829177299551125457e-01,6.768316240730085642e-01,-1.826345592615524538e+00,1.130380221309592814e+00,-8.422947892189031061e-02,5.546888627607823308e-01,1.397360646697419551e+00,1.369847446774846711e+00,-1.373074552981100815e+00,1.015119760442142249e+00,2.647194540593770240e-01,1.031522581994454457e+00,-1.578458623644016789e+00,-9.907632506761877567e-01,2.567261023702487877e-01,-8.996278029049505909e-01,-3.867754069148260365e-01,1.409772727957864458e+00,2.229973912554258586e+00,-1.896184305669952885e-01,9.524666264378789382e-01,1.702094007808503673e-01,9.398848131424245578e-01,5.321619047787041756e-01,-1.238774584773011167e+00,1.289432041963485709e+00,-8.582060039059545842e-01,-1.300797774594317779e+00
1.198187093813365856e+00,-3.366500813171736661e-01,8.419474527241028738e-01,5.433722489987565796e-01,-9.629876003866364442e-01,-1.600955277159431533e+00,1.757337302283152214e+00,6.935953089970143814e-01,1.465480370578848834e+00,-1.797384065356959493e-01,1.243757958940686636e+00,1.712569587490440526e+00,-2.490044967419418886e-01,-2.686403608586938052e-01,9.303814529541579170e-02,-3.756183525328262579e-02,-2.660021917714968431e+00,-9.509128336917662683e-01,2.806393636422445104e-01,2.936806912063600894e-01,2.567313393113491715e-01,-3.014257053306639289e-01,-2.033287104802683931e+00,1.230432040045944669e-01,2.137270881826621449e-01,-9.075357200729423646e-01,3.526922731799354560e-01,2.563580221565253670e-01,-5.407764262707736025e-01,-1.236735388928134199e-01,8.370244296430042752e-01,2.930872770320169796e-01,-9.313671593205927746e-01,1.567160737328493703e+00,1.161550734644955396e+00,-8.167612979935444661e-01,-7.182097119655078687e-01,-6.333760290891712330e-01,5.856393784336446640e-01,6.780885678655742543e-01
5.890314221396188987e-01,7.123593339938373292e-01,-1.284895581101659356e+00,-5.609303062746763269e-01,-1.911416631012880618e+00,8.378915183281288037e-01,1.015717399253082798e+00,1.095313440084674905e+00,-4.000841542752248681e-01,3.343574778468784703e-01,3.863209838964610787e-01,1.516668506375467906e+00,-1.912468733489743222e+00,7.424203692068189753e-01,-3.382374676099147437e-01,-3.509817976000559336e-01,6.303770369470711454e-01,4.310825760972623599e-01,-8.497053824980507208e-01,5.221378930442613919e-01,4.046062088777270804e-01,1.650255780889412272e+00,2.492208338147537394e-01,7.841585066260120529e-01,-1.482420027541313967e+00,-4.545456740798452522e-01,-9.722738354931713678e-01,-5.093478044706626490e-02,1.707453490636345439e+00,-1.725418378394878438e+00,-3.090016992283615704e-01,-4.537920898002143627e-02,-5.058188823327032235e-01,1.387159764294267239e+00,1.120771473733765067e+00,1.012427104009667511e+00,-3.037402900227447744e-01,-1.054088204752318125e-01,5.237683599340713370e-01,1.429743316759271854e-01
-8.187479977171823187e-01,7.458306672457651887e-01,-2.110367031965166174e+00,1.072823534584017358e+00,1.731284712777360957e+00,3.593048254811180287e-01,8.765829451394873129e-01,-2.823928335528465977e-02,-1.037402444733803497e+00,1.349530629768003864e+00,-8.798107301548958592e-01,2.214819474349313033e+00,-3.535363794935944548e-01,6.348368383314011154e-02,6.446871821687670881e-03,4.102476437631032979e-01,-5.776757572695859766e-01,-3.282353026689243114e-01,1.212363279004731176e+00,-1.431414262379013369e+00,-6.823901545943419356e-01,-8.864627247909975249e-01,-1.065689324586204384e-01,6.733013168923698832e-02,-2.074949102265354062e-01,2.912158513319216269e-01,9.534795601090058081e-01,7.978639386622780050e-01,-1.701406649006525496e-01,2.286783711931427987e-01,-8.701025897906521367e-01,1.322219320170308521e+00,1.815055173802478106e-01,-2.439409243564223395e+00,-3.474123078749515314e-01,-9.069853783831069993e-01,9.881507004609786371e-01,-5.943987762175592104e-01,-6.776932815097465035e-01,-5.054681365170315965e-01
-1.756020964632553527e+00,-1.463325444663201136e+00,5.323157007708618771e-01,-8.000277875088549484e-01,1.168330783137681017e+00,-1.044767659582037211e+00,6.357076620094161135e-02,-3.356823981462996320e-01,-1.147647705339468471e+00,1.429802718594958000e-01,-6.482725502646102811e-01,7.225832547437371217e-03,4.359221871853911079e-01,-8.878523966482758656e-01,2.465396496987350083e+00,-5.865577208094376882e-01,7.874836307345161046e-01,-7.721864164554070875e-02,9.066656379325832571e-02,1.741325205079485572e-01,-7.149444372743598564e-01,-4.345221255105494174e-02,2.397674245118271499e-02,1.674236956291259015e-01,-3.820293678740478982e-01,-3.261416611833298923e-02,-1.281649115102102110e+00,-2.897256157861550219e-01,-5.946949801470561292e-01,4.305687415106707744e-02,3.749506778066536428e-01,1.211824933130268254e-02,1.763482852296436754e+00,-1.351047375258597638e+00,1.188150215635991103e+00,4.915170062268078843e-01,9.339975357391936718e-04,-1.891359147015187370e+00,4.536544593163792105e-01,-3.723362159215337641e-01
2.312607063973800836e-01,-1.413693396536729097e+00,-5.840505476268154084e-01,-1.064425320644530049e-01,1.376202709720712569e+00,-4.251186367347283834e-01,-1.907581854529183163e+00,2.827370540168409052e-01,1.495253810352378476e+00,-2.975981973812835690e-01,-7.461140108403354620e-01,3.224438994172897366e-01,-1.408268592772364602e+00,1.460434098534257596e-01,-1.548788099952282393e-01,-2.577507539392548397e-01,-2.077642602297644081e-01,-6.747340208223141511e-01,-5.161724477231361963e-01,-7.427643976809856774e-01,2.661053745594555431e-01,6.955885083559629201e-02,-4.860402119253718900e-01,5.244890318288357722e-01,4.730707389662916484e-01,1.762343119538332559e+00,8.991123084813397170e-01,-1.843229936063656496e-02,-1.050405216171703238e+00,2.551665491524482965e-01,-1.187092471918261172e+00,6.593571594968434813e-01,-3.136428668955432708e-01,1.217696973455748788e+00,-1.087465512824617786e+00,-5.153894243020774868e-02,2.061297993714588939e-01,-6.265270449478639314e-01,1.392166800102057289e+00,2.825770500558185905e+00
1.033557277018687826e+00,-8.086478393188760716e-01,-1.090127500529532778e+00,-3.106675874655754344e-01,-1.632628504293441585e-01,-4.603413131011199200e-01,-1.334141159590601200e+00,5.154522115392348169e-01,-4.899453245704100679e-01,3.032837588697010478e-01,2.452996395793422657e+00,-1.873634339238868574e+00,-6.810869031391157680e-02,5.722701440716702198e-02,4.421279633484641661e-03,-6.535903409121929242e-02,2.338360597853580969e-01,-1.139199859974461715e+00,-1.039986911452734676e-02,-5.209393966736975967e-01,-1.089221209899098763e+00,-3.462033362722194418e-01,-1.845407218508655189e+00,-2.598922255795924396e+00,1.982216615055942543e-01,-4.841802538800444311e-01,2.070287729196449156e-01,7.549870771000174452e-01,1.359420259432529754e+00,6.960720447198757155e-01,6.822013885490229024e-01,-1.121415821634884694e-02,1.344760396963594840e+00,-8.314923992582389234e-01,-4.079718173581667884e-01,-1.330803886352116772e+00,3.525986211082343114e-01,-5.378847496903781389e-01,3.934444305011194909e-01,2.865182704874903452e-01
2.042536234017049424e+00,-9.194611841134223695e-01,1.146700292149882144e-01,-1.374237037080025536e-01,1.365526924759416172e+00,-2.616383473769733903e-01,-1.286240910822764372e+00,-1.654657489741648391e+00,3.723273987100763488e-02,1.270301300778208908e+00,-1.432766116281196933e-01,7.952552145991839128e-01,-7.207247556122546583e-02,-7.424240056849941150e-01,1.225653943514177335e+00,-2.205388106888171773e+00,-5.306376231770058016e-01,1.682143774624488275e-01,-9.688461423239465020e-01,3.096540232389633496e-01,9.401078687562172131e-01,-1.633903451233026660e-01,-3.208823115970941831e-01,-4.034307864510728314e-01,-6.640667200560886885e-01,-1.162874535620294220e-01,-4.164044860342988597e-01,-2.106245545508352024e-01,2.611800024300166889e+00,-8.170961157753487969e-01,2.296934544231054587e-01,1.352863841398443956e-01,2.015309468280045202e+00,-9.835947913492372185e-01,-3.983987995210005323e-02,-7.099856026766832029e-01,2.519035957041729223e-01,1.010051054185149066e+00,-7.469947408883852447e-01,-2.271399646534858208e-01
8.424672698181427943e-01,-2.845333969209862778e-03,5.731926742619615489e-02,-7.911547787315551528e-01,1.511507467582625885e+00,-4.292039147532171750e-01,-2.814901286144251835e-01,-2.986505074030567641e-01,9.713628841047075024e-01,1.165934145263978650e+00,-1.845057212322888107e-01,6.585184619177298845e-03,5.065482855407527074e-01,1.957827906716571587e-01,7.852159774711742202e-01,1.099250822093128965e+00,-6.381587884213568707e-01,-2.258110853203108281e-01,-5.189087299420580557e-02,-4.910358802231287179e-01,-2.245990020043855839e+00,-7.985108706416641500e-01,-8.093937153094850068e-01,2.404313373861552972e-01,4.376957790682531324e-01,3.021634276264749119e-01,2.768120252063260289e-01,-9.123110483210052912e-01,-1.463643725085981950e+00,8.011099930818497139e-01,-1.477596910412706466e+00,1.960286222917462018e+00,2.919983609771967248e-01,1.149028828843920019e-01,3.892951878485234052e-01,-4.618502406676227579e-01,7.220209628124222290e-01,-1.333760091065354092e-01,-8.379451717221529927e-01,4.440839665857278518e-01
2.723573491234843047e+00,-1.115825122839179340e+00,-2.277544500138625472e-01,1.331712985256289228e+00,-4.921458209322441824e-01,1.359046074001699411e+00,1.084772659529827044e+00,1.561602101993617674e-02,-1.734282504155177096e-01,9.402840405368356747e-01,-7.774642544371439534e-01,7.608964923650864964e-01,1.401752612285267929e+00,1.231653332950431778e+00,1.001158121232853748e+00,-9.780515720665323709e-01,6.779560191887201714e-01,-6.946407143976615628e-02,-1.057361033150376661e+00,-1.401209542980615119e-01,-1.433495223905032478e+00,-1.790812162013304676e-01,-1.230426356146590988e-01,5.381953794951334080e-01,1.065478093083208178e+00,-1.401320168192430993e+00,-1.327603730472116883e+00,-2.046315887848344950e+00,8.385336133918298573e-01,-6.869310533575789801e-01,-5.620131955900595777e-01,-4.428831050631382854e-02,-4.736762594686852110e-03,6.841859207540075261e-01,-2.160270879150555601e+00,-1.973593146080722671e-01,-1.232532666429142498e+00,1.691839637528265827e+00,5.312877871664040130e-01,3.519688395007234960e-01
2.172092101664830022e+00,-1.462069114434135508e-01,8.961950000075884493e-01,-1.461201245858920306e+00,2.014119870996243233e-01,2.274656006808203124e+00,4.980108384890826190e-01,-7.518549995424239629e-01,-9.755960391137280530e-01,-1.573866354803244771e+00,4.436374802492609737e-01,8.610516617464636369e-01,1.271061719416106683e-01,-8.113466541884379879e-01,2.418205350369780626e-01,-6.867428106679542843e-01,1.220734704603765985e+00,-4.108690321801490297e-01,-8.827690417669709078e-01,-5.456284895203125096e-01,3.868001417893413563e-01,-1.230491274550594039e+00,6.670293110927721925e-01,-2.712611300444611739e-01,8.182017139155201013e-02,-1.299658560698823961e-01,2.264058838274400021e+00,-1.695053673633510338e-01,8.452254254630365837e-01,2.453228994027900178e+00,4.257522982355563257e-01,1.847595858037139216e+00,9.745475457708668854e-02,7.967066359129502118e-01,-5.887080766456406211e-01,-1.112178927636958470e+00,-9.687710405711513761e-01,-2.415511194648121279e-02,2.857384050098163430e-01,-1.116903127112146787e+00
-1.378356329995789498e+00,-1.876728120322615379e+00,2.126709162253966223e+00,1.075932159621314499e-01,-2.145268174369090008e+00,-9.091063036026872379e-03,-1.592708407353460587e-01,-1.377173467630101511e+00,1.159311547322123825e+00,-4.573624579054118011e-01,4.129325854402055018e-02,-2.843123265263789445e-01,4.638541309004888535e-02,1.017532937508319746e+00,6.056706550095874997e-01,-4.518868277419630930e-01,1.575488157876915540e+00,1.540193087766037028e+00,-1.463202599027243256e+00,-1.114549488514225084e+00,-6.111642286958276493e-01,1.525084223169074660e+00,-1.827132007803146385e-01,-5.719213320690518243e-01,-3.399369950691254194e-02,-2.241427676715551653e-01,-1.559786556735892893e-01,-1.069637450455351191e+00,-7.931587458675252167e-01,-2.671611818048008624e-01,1.381575760748082304e+00,1.289161297478265800e+00,9.156867139248747733e-01,3.633261944169959290e-01,-2.611875576069896621e+00,1.780367361410017057e+00,1.118012180310032688e+00,-3.693193599904058821e-01,-6.483833712790524340e-01,1.860720268114088305e-01
4.471004768002856400e-02,-6.926733848356948497e-01,1.493980525626285694e+00,-6.550534085395723904e-01,2.498712090725199453e-01,-1.204251501398843294e+00,-2.552892924849795575e-01,1.082266159649409643e+00,4.256964528509417367e-02,-5.869133310724625741e-01,-1.948176142699347357e+00,-3.409913418375481453e-01,-3.546536411891018648e-01,7.333459271075988273e-01,1.322218860137048368e+00,-1.218570938709641283e+00,8.016905514723288162e-01,-9.687362481878595277e-01,1.149337833027018529e+00,-4.367955424253650576e-01,5.572790849717166317e-01,1.548829471079998799e+00,-1.703670176733319330e+00,1.468585803708826187e-01,1.577394646408330603e+00,7.791216392920984335e-01,2.165941358708959985e+00,-4.962480662521354113e-01,1.085210465635717325e+00,7.184401910974755889e-01,5.058829084876128451e-02,-1.012319558029962874e+00,2.237323629479777976e-01,1.933760101849997914e+00,1.249880810603261283e+00,4.884160794066899625e-01,-4.939172436775977060e-01,-1.407512518460984685e+00,-1.990298495603427531e-01,-9.089871057218521511e-01
-3.559097896430042929e-01,1.102627935999813458e+00,1.225241058116337767e+00,1.087177558331361871e+00,5.441542266812231521e-01,-5.297963539231236307e-01,4.389980168515820735e-01,-1.726708061167862018e+00,1.104046055301112883e+00,-1.099342917048190538e+00,1.334136549039844688e+00,-6.335446421738192280e-01,2.233114224345262411e+00,-2.638579714662668829e-01,-1.156971970419412854e-01,7.624002299100847146e-01,-1.341866118869836866e+00,2.185997587907844708e-01,-1.005283071569735398e+00,6.768507529542582279e-01,4.997563736124673861e-01,2.243302031804166596e-01,1.236182328854284584e+00,1.434970336479840514e-01,-2.194766455975973862e+00,-7.532163043354443976e-01,-9.595815581646646164e-01,6.633858890718461465e-01,-2.023599553247702743e-01,-6.430290604299907509e-01,-8.134525307527809002e-01,-3.416174339398486137e-01,4.218400632613348855e-01,8.895066833330590450e-01,3.750630038018906015e-02,-4.428788648581077902e-01,3.925138210219114576e-02,-1.211099623685187865e+00,-4.579227970731721831e-01,1.428612957547083173e+00
1.072204428682902222e+00,2.236463345235760958e+00,-7.332018625168135184e-01,2.600242685059271253e+00,-5.068512430010673198e-01,-6.531524096667717938e-01,2.969976148652222481e-01,4.913036474431244360e-01,1.942404272059539971e-01,-7.757471735919493905e-02,2.061826370537659603e+00,-1.197943506181396556e+00,-1.096549277166270375e+00,2.128379332370861354e-01,-9.730597476236549359e-02,5.091344911020245778e-02,2.317881524385248415e+00,1.671679120015501896e+00,6.432677271477473813e-01,-7.658654798486602688e-01,2.551034199886165754e-01,-1.741829017409254332e+00,-8.488428411293358344e-01,7.497497188050298300e-01,-9.394742584377890893e-01,-6.140592272313377675e-01,2.242153835226374792e-01,-2.937463744259392051e+00,2.126290678700445413e-01,3.135212753027016852e-01,5.678259589675223040e-01,1.682660201007156298e+00,-5.162865457554292048e-01,-2.058548223801772714e-01,-7.859453365381630086e-01,-6.208847932359113919e-01,-7.223044012835274641e-01,-7.193372043802428450e-01,-1.960868591243781545e+00,-1.141708457308581837e+00
7.958766570675326335e-01,-3.401833594159576202e-01,-4.921501820745869393e-01,-4.349618932812058247e-01,3.137913019448358987e-01,-1.327164040505385278e+00,9.106198851208020528e-01,-2.079486133699196326e+00,1.017787355595874743e+00,4.266745595208639719e-01,-2.059079864867499499e+00,8.656648826207419267e-02,3.999687285935595304e-01,-1.194173510174018960e+00,-6.559648650084895505e-02,-1.516735185523184759e+00,8.678766870097324171e-01,7.040355048960237339e-01,-1.416301235052877701e-02,-2.551337325473692630e+00,-5.910461997617112717e-02,-1.782632991602601524e-01,-6.721311174649418074e-01,-1.457736065827087701e+00,-8.415273842237053215e-01,-4.924280978319866553e-01,-1.054591281349323006e-01,6.587065388705409807e-01,6.277594032459713480e-01,2.027057783397451796e-01,-1.028616461535547533e+00,1.998594962802341668e-01,6.571788346094488142e-01,6.904782210017195165e-01,9.589516245309765985e-01,-2.322067212821355309e+00,-1.443153611567217665e+00,-3.931055427962684146e-01,7.838269167989452280e-01,8.431079500416690520e-01
-6.274953486848043882e-01,2.080205334209153101e+00,-1.862349752130038949e+00,-3.251871788881274261e-01,6.918599127217205380e-01,-4.644671907481428552e-01,-9.389165089121743746e-01,1.212338823217434136e+00,-1.305605361563121347e-01,2.123090063162797192e-01,1.201287915520220073e+00,-7.994313179164698191e-01,2.028683804099592480e-01,-4.153151745355555535e-01,-1.198378389568878433e+00,1.068134939491845126e+00,5.389846443138595067e-01,2.846174345264810834e-01,8.254857726366622572e-02,1.406200735114028655e+00,-2.580359254916256173e+00,-2.879975828832158080e-01,-1.454150994407183095e+00,2.424149294257066378e-01,1.223798336226266548e+00,-8.512283233407372807e-01,1.526587247820196946e+00,3.694509881536073848e-01,7.817362707465177474e-01,8.075862325037932443e-01,3.952428111918188103e-01,-9.362884948331061663e-01,-7.247197064214190299e-01,-3.280132932161836795e-02,-4.716132545477912941e-01,5.637686757494063672e-01,-2.267927320721915496e+00,3.426539880894985957e-01,-9.796723995393905038e-02,-2.402446136179927638e-01
-9.630367115919589993e-02,-2.194386440447540387e+00,6.942761699234781814e-01,2.912139913789539916e-02,2.453035449586898675e+00,7.187931794351817283e-01,2.133912887148098347e-01,-1.087456189976100163e+00,-8.873418679412159449e-01,-9.403047897118247400e-01,1.922118724848602689e+00,-8.266971974897976416e-01,-1.522363852275446794e+00,9.220241191088549559e-01,8.729629568951745577e-01,-1.005499310639655364e-01,9.404553588470517811e-01,2.749381562784926625e-01,-1.273522063348783817e+00,2.106996675827679688e+00,-2.214957209956303075e+00,-3.422880567415477748e-01,1.466830454626349090e+00,1.970290892751103584e+00,-9.250925270352907681e-01,-6.071414989279461105e-03,-9.882918450026476620e-01,1.488770259548300112e+00,2.804108947650684192e-01,-3.489108631547553352e-01,5.542525677660711247e-01,-1.542241236056774989e+00,-1.257530551460697810e+00,2.715023661013968859e-01,1.290228516501209066e+00,-2.465406362946850338e-01,3.424791912790220438e-01,-1.030432828832848813e+00,1.764942218299236476e+00,8.475595245949956169e-01
1.334678795668679863e+00,1.674733258016842585e+00,-2.368809839676326578e-01,-3.557014601316272340e-01,-2.032496638449958759e+00,-4.428349542349830359e-01,6.714438721316503544e-01,1.084361280614793088e+00,2.764685264122990205e-01,-1.155481062968628514e-01,9.883730887830765033e-01,4.112939887205896428e-01,-6.270067384306888814e-01,-1.460562567580520887e-01,2.729307874482561624e-01,-1.098943459818947144e+00,-2.757263833596161895e+00,7.561358389551298131e-01,-9.827683232759896192e-01,9.108489257873575440e-01,6.604135306947422901e-01,-1.289324432482792937e-01,1.828012370496098216e+00,6.759609742353437367e-01,-3.519555265051284021e-01,1.621526148725256133e+00,-1.088265785196285140e+00,-2.527136403339082182e+00,-3.571330515578177156e-01,9.479765636846698706e-01,4.368820288388052808e-01,-2.717285237100219852e-01,6.993663800698726174e-01,-7.780221526416755129e-01,-1.186368727989035143e+00,-5.583704870477547155e-01,-7.359765921987451165e-01,-1.025190133634256373e+00,-1.638904214950635818e-01,1.251045527254878831e+00
-3.172542796501469642e-01,-9.209413173554014120e-01,-5.378237729083430452e-01,-2.243570349286618804e-01,5.573434841280574537e-01,7.788372765216196036e-01,1.766565607509394287e+00,-5.648117861886059465e-01,5.073568871481223264e-01,-1.877584450034446573e-01,-1.003090244742699921e+00,2.016815745702498375e-03,-2.209063767884413387e+00,-3.919711229589427082e-01,-8.929348781007022395e-02,-2.768075441625050259e-01,-7.382921926969573390e-01,4.781686895959181283e-01,-5.271230769997998777e-01,-8.565163120709252675e-01,-1.148862397246733572e-02,-3.409680908192543880e-01,9.220369510837349569e-01,4.548239243482384841e-01,1.110510375825874974e+00,-8.540458904718234434e-01,-5.342380854601221918e-01,-1.587235874720432927e-01,3.786576417746077006e-01,1.622563851236421106e+00,-2.405511876219631251e+00,-9.667271511497654846e-01,7.057707783787116051e-01,2.168771363915920347e-01,-1.853906690062001816e+00,-1.312089174863623420e+00,-1.165320435074873373e+00,-5.374455061163183611e-01,-4.951444265054834593e-01,6.106092724342541134e-01
1.465069924739009766e+00,2.833453531045569962e-01,3.410025157831458095e-03,-4.601605030672941132e-01,-7.077453970778767589e-01,-1.619891477101818578e-01,-3.710734667363888017e-01,1.219107066447017607e+00,1.480641854482825925e+00,-1.086870776325879584e+00,-2.064870677072328409e+00,-9.124275742458682892e-01,-1.989286425312998263e+00,8.951463232613702248e-01,8.109661577018795198e-01,7.963710422867679162e-01,7.626373014173106757e-01,6.699028457457993913e-01,1.309994176397603072e+00,1.779273529912580865e-01,3.980103278484051765e-01,-2.223629980507380310e-01,7.420292889023116789e-01,-2.405760675918573899e+00,7.425398542784473754e-01,7.739811683391215613e-01,1.807010170154585760e+00,-1.384666127985462847e+00,1.880014619673590626e-01,-1.909513426742009135e-01,-1.517403790631762117e+00,1.244337100118003470e+00,4.424822014126046366e-01,7.484818418584028299e-01,-1.835957377793975054e+00,-1.096153622691124596e+00,-5.201159788363278746e-01,-4.773720461680929783e-01,-2.121389437738578909e+00,-7.915535352459058815e-01
-1.687713476771502685e-01,-3.899119171614999213e-01,2.895978943422922725e-01,-3.511215277604122775e-01,-1.348781320700476183e+00,-9.302394640653792457e-02,3.696572074671277131e-01,-3.927856511189147803e-01,1.512555829435232313e-01,2.944984314331529962e+00,1.628817923948311153e+00,-3.464185712301346420e-01,-1.018766114391298716e+00,1.346620233446029768e-01,-1.407055505475229840e-01,-2.609769757584518568e-01,8.170487647644864015e-01,7.375385226872972766e-02,5.982130074233404926e-01,1.496602997469058949e-01,2.720085209568135376e+00,-1.613783897944514489e+00,1.523005485825612348e+00,-2.385016230123401471e+00,9.167109096522877421e-01,-1.084698648189928560e+00,1.835428454451973335e-01,1.848799490122246203e+00,3.989471200756415925e-01,8.919633166515367195e-01,1.231500677889162176e+00,-2.341413227844506978e-02,-7.482023521153448042e-01,1.487952677385290801e-01,4.381481566535265215e-01,3.836541976859162983e-01,1.549135563924203707e+00,-7.265835129048496821e-01,9.751958636803378377e-01,-1.284787505388347295e+00
2.104185399561648850e+00,2.272570642236407534e-01,-1.129166299589667855e+00,-2.813319667940596402e-01,-7.394167002632537899e-01,-2.584321106062916762e+00,-1.176647633267423165e+00,9.712014395008010670e-01,-1.240022250852172769e+00,6.785711739648245810e-01,7.806016699981727092e-01,9.310101620143304002e-01,2.308028425185057186e-01,-9.521868089784413236e-01,-1.056937911132963981e+00,1.010448252108118831e-02,1.290811098190696615e+00,8.434351687877377213e-01,-1.031412871168181589e+00,-1.381719945700461638e+00,-5.707179291745567012e-02,4.098027484713885893e-01,7.228523799373101077e-01,-1.619416236079191385e-01,-1.127954876096737002e-01,-1.360537701823311352e+00,1.695984562574724741e+00,-1.019152289793047172e-01,1.085745687478538724e+00,-1.930623407513614165e-01,5.130358565254224956e-01,2.026667887534235601e-01,7.818601560811875295e-01,-5.955974932625577312e-01,1.939072555616787874e-01,-2.461180773160258073e-01,-2.952911095355083004e-01,1.102492148613716694e+00,4.419107415235314362e-01,-1.178516704163265816e+00
-1.340370835062520138e-01,-3.758517534463560739e-01,1.165554909300350883e-01,-1.136983390162681573e+00,9.722950651936768107e-01,1.699508767431862077e-01,-1.149762145785797829e+00,-5.577647376440564297e-01,2.432555795246224672e+00,2.030063491958405297e+00,3.172180450158228471e-01,1.042054963580867133e+00,1.397002709861211001e+00,-1.386031735901987361e+00,6.756493293435151815e-01,-2.088022503909053584e-01,4.161232836315586353e-02,-3.647925771859082955e-01,-1.382662250216770694e+00,3.271420479331655501e-02,-1.730044902379959559e+00,-6.120365364668350905e-01,1.165867087307694838e+00,7.848782203299635718e-01,-5.333843476071673528e-01,1.370192612550591438e+00,-6.063991996349276103e-01,-9.086736871846268215e-01,2.284885330270738368e+00,6.883058259293033387e-01,6.623967340377361346e-01,8.888964457154625576e-01,5.443738550693713041e-01,-7.265207217977609488e-01,-6.869467945945567644e-01,3.359093635042735282e-01,4.884953439064000369e-01,9.215206430138924709e-01,-1.096334999793760201e-01,1.847967085123147335e+00
-1.325153517799901870e+00,1.930135975705939311e+00,1.403290112950069224e+00,3.269095362060436827e-01,3.069121029450382343e-01,-2.451367561506956338e-01,-8.169812739992421413e-01,-4.496933098666304751e-01,4.065041856757994898e-01,2.240693090544537025e+00,8.854416073404391962e-01,-1.440148887548052370e+00,-9.977304837873230969e-01,9.404314912886612143e-01,2.768012773104192720e-02,-1.029724393310373243e+00,-9.591946467923508912e-01,-1.191047033057982985e+00,1.755515363016229236e+00,-4.579424130534837101e-02,-1.537701493608274045e-02,-3.424043934473255391e-01,-6.024621746371560116e-01,-1.507610418069742497e+00,3.168259665243929324e-01,1.298970497579551076e+00,-3.437852950843533484e-01,3.600607711538486577e-01,1.147426320047612691e+00,8.276595697488807746e-01,-7.948626175175965702e-01,-3.214859180901225577e-01,1.499467760786029336e-01,1.691505952956352976e+00,1.244288294980641085e+00,-1.117230434713434861e-01,-1.886600044769082496e+00,-6.527657869104742938e-02,-8.484117649346751833e-01,9.157932882539401298e-01
-8.810159006979160212e-01,-6.766892681445645374e-01,7.175400592041000780e-02,-9.436621757108903941e-02,-8.810151328348126976e-01,1.513924877310128370e+00,-1.065279022500807526e+00,-3.069206827664873405e+00,-1.723354478789676403e+00,2.145391542223588077e-01,-7.616856427302456933e-02,-1.652493326175463739e+00,-1.859108210035568920e+00,6.444660264567241871e-03,1.443519910704387010e+00,4.387893345319667238e-01,-8.295137797474803065e-01,4.456272773125388165e-01,-8.297645255627834615e-01,-2.284616434840180954e+00,3.067142312539191118e-01,2.384975774839983853e-01,9.313440989763241973e-01,7.382942822920600667e-01,-2.738354685502117705e-02,7.648501693980017668e-01,-8.317270934916193292e-01,-1.410857188963551057e+00,-1.798278798837275705e+00,-6.981588214234190071e-01,6.069019496873578889e-01,8.501870159132904892e-01,-8.509014805122275815e-01,4.383669835031527295e-01,6.248464053105803329e-01,8.739450596835439677e-01,3.806868391438992250e-01,-9.634509901797952969e-01,-1.053313481762485626e-01,-1.050484421225318821e+00
-1.217318809092748033e+00,1.471010786313247110e+00,6.670583528001174933e-01,2.573858845228057385e-02,-9.211399861982570991e-01,-5.374246145778315276e-01,-3.704553655025197290e-02,9.016005009550550620e-01,6.242956551819356381e-01,-5.014874165003779631e-03,8.383492342817724374e-01,-6.565697206443094069e-01,1.828608337323828881e+00,5.789019173470068003e-01,-2.317783077316895035e+00,-5.858536525840046805e-01,-3.403774135340839058e-01,1.721194031992482554e+00,-4.036452587514208212e-02,-5.720349163747061707e-04,9.837250977746578862e-01,1.170460501188417490e+00,-2.055056377587166860e+00,5.990749895138272052e-01,-1.305810484144386718e+00,-1.033330091132577955e-01,-3.316901818514846334e-01,9.040453153509733220e-01,2.956398766697002412e+00,-1.584759039251542934e+00,4.970963481091026925e-01,1.265663641781587412e+00,-1.820234426195829203e-01,-6.379039265118597868e-01,1.764201776924601228e+00,-3.535215514982473772e-01,-3.904646778287372832e-01,8.192365030529681624e-02,-4.960451830229947734e-01,6.401004742721145835e-01
-1.153280394612948179e+00,-7.206152472335907166e-01,-4.024859978470197164e-01,7.426590024974361048e-01,6.694399532440719058e-01,1.434784336001360572e+00,-3.065627363425873497e-01,3.679106353683621600e-01,1.268154292001083094e+00,6.545271019930144762e-02,8.345687911579446894e-01,-1.115651404793045476e+00,8.476576688231831636e-01,2.385712649569183552e-01,-4.635876246941961765e-01,-1.145754409171132471e+00,-1.875084109980284727e-02,5.387160590759232370e-01,2.548679895939792717e-01,-9.157715603359944945e-02,1.068478920900341800e+00,1.085213471557882503e+00,-8.394084061386715145e-01,-1.809697272158753978e-01,-3.924306813790909287e-01,1.450937908096720796e-01,-5.870845680493687324e-02,6.864700752900588787e-01,-1.041767904586915039e+00,2.963407736757128763e-01,2.950795686344631186e+00,-1.925068139148947921e+00,-1.433570851373477117e-01,-1.186373571526561976e+00,1.866655749248528617e-01,9.594634459187452169e-01,3.174482154531279576e-01,1.453343168147323672e+00,5.670638099985328973e-01,1.309548922236187574e+00
1.332997228919365063e-01,-9.662900678535448762e-01,3.597651525637131642e-01,1.602782135212345860e-01,2.071735677854240065e-01,8.496370803407791161e-01,-7.209706399448670977e-01,1.189359834659371590e-01,-7.544926640654568972e-01,8.743216886117584075e-01,-6.681683924147310272e-01,3.383395440644162422e-01,-1.189131172091503430e+00,-2.072408780633826220e-02,3.600968949895365645e-01,1.082388343726101487e+00,4.390854744737148208e-01,6.673156112247907723e-01,-1.929547232895207354e-01,-4.514190555504794117e-02,-4.575970853321493226e-01,2.687020765507360243e-01,5.414130754668171619e-01,5.603662494023801122e-01,4.634231333943393816e-01,1.297806356847649001e+00,-2.309095702800229299e-01,1.712177026802006896e+00,2.484276535916094264e-01,-7.386830366632034517e-01,3.304316669243451132e-01,-5.780576167475985627e-02,-3.058278892463822674e-02,9.412934634210715634e-01,-5.984822339206792297e-01,-9.803550240951522943e-01,2.070207876853633888e-01,-6.550219154568014401e-01,1.320174806433687675e-01,7.900218767568030209e-01
-1.368903957078230649e+00,9.380483982640455132e-01,4.847313537940549644e-01,2.433396916854788372e-01,-1.430705197262148287e+00,-1.067282200158846672e+00,-7.570881434918418362e-01,-4.750105259755821319e-01,8.076917008981777946e-02,1.295681154349433539e+00,5.300829312296077012e-01,-4.246348189320079958e-01,-6.007465674575960257e-01,1.376987152270403358e+00,4.140109583585451225e-01,1.027761496026362575e+00,-8.248613843788873412e-01,2.571107471768709907e-01,-7.096899935103031520e-01,-1.520026599441564319e-01,-6.228904340536274287e-01,-1.400981362204136160e-01,-1.943059718279961934e-01,-1.368116423533973336e+00,-1.163992558165732882e+00,4.308236985019498477e-01,1.339069390833417528e-01,-8.116710012931108720e-01,-5.282785400845593227e-01,4.628006284791896796e-01,1.313236892712792425e+00,8.331752837274283285e-01,-2.018923016812237126e-01,9.331082127552174643e-02,-1.009972444059136443e+00,4.170527224201578953e-01,4.332080944214180551e-01,-2.000631473010724137e-01,-4.819247969600972681e-01,5.267559467482103158e-02
5.904321509887833219e-01,4.194876875796552662e-01,1.438053867513789053e+00,-2.091670079065908461e-01,1.405492480866812888e-01,8.455461447568037858e-01,-1.576862374496733055e-01,7.914052892916891846e-01,5.603117349434808547e-01,6.225966143911384476e-01,-6.495120928454484188e-01,1.605773542422516575e+00,-1.456515575206779323e+00,-1.592467113561880088e-01,9.452735873374504827e-01,-1.150932420200945439e+00,1.186234167954578256e+00,-9.232008788683961908e-01,-1.486823055504355118e+00,1.288706856972018144e+00,-5.039800526138359382e-01,-9.293570940183378815e-01,1.411416415862419838e+00,-1.304802348254012312e+00,-5.259607274517633657e-01,1.474925695024657257e-01,-6.388627074833267416e-01,-4.544603295696205136e-01,1.600681834995432373e+00,1.898107736668802170e+00,1.295222719563132951e+00,-6.770508701809395680e-01,-3.431324754544080868e-02,4.244077013551017519e-02,5.936653572380817812e-02,1.125282891544894387e-01,1.721530411394348870e-01,2.323742896163014104e-01,1.007139118905043373e+00,1.161884390968185743e+00
2.073810589437552920e+00,-1.551736850573162574e+00,5.792925555765708889e-01,-1.530136769802848296e+00,-9.412553832484578109e-01,1.547766226564762704e+00,-1.588866655294983721e-01,-5.141246896797280197e-01,-1.607577940934898086e-01,5.885755307209507015e-01,7.499521455767931277e-01,-1.081977717166040298e+00,2.867581143829769363e-01,-8.426261860312147522e-01,-4.466434935087591485e-01,-7.166017954711743077e-01,1.515189466177739197e+00,-3.630546371754677093e-01,-1.295237858591641533e+00,2.233130599343336742e-01,7.022958165659997087e-01,1.299799168440254116e+00,-2.185885985067798631e-01,-3.559314120562790951e-01,9.324097751399441636e-01,-1.172971572297432985e+00,8.698990657903873380e-01,3.515312686125874331e-01,5.347394636101276966e-01,5.843375267298728248e-01,-9.044496911332493561e-01,2.044183079364338129e-01,-1.129361173672457586e+00,1.072630088776036938e+00,-5.822884336372124991e-01,1.237817900090575796e+00,2.893677689783613616e-01,-1.004583674089039924e+00,-1.032532359327126947e+00,-9.010717929767612100e-01
-5.148781639034627489e-01,4.178542398903599131e-01,-2.048832758759090655e+00,-9.897443883461499725e-01,-3.382941895532950993e-01,1.503826502776262730e+00,-2.582089513125761515e-01,-1.545956417824246865e-01,-1.655827025698330290e+00,-9.355458630972056377e-02,-1.090081007646786171e+00,7.780081759964305732e-01,2.168953917143037202e+00,5.874821470270756851e-01,-1.101444215566177665e+00,6.476220758912674125e-01,-8.646058847556326032e-01,-3.191540022232073337e-01,1.379110116761899929e-01,1.247325779195786355e+00,1.051613810219486772e-01,5.986577447095574600e-01,6.652346504501850666e-02,6.185915726464105147e-01,-1.027515364708139478e-01,1.228180291815990532e+00,-1.433920076832130741e+00,-7.613863647301841731e-01,-1.112908186622226792e+00,-6.932907786286131024e-01,-9.792848440196051385e-01,4.943834060614625825e-01,-6.510017459079748825e-01,-3.641300330021114001e-02,-5.350659688127837876e-01,-7.569305523643011790e-01,1.001948878170991070e-01,-1.308250974493370355e+00,-1.089114291660662204e+00,-1.664018922935534661e+00
-7.002798797619749216e-01,-7.592740012196279309e-02,1.159909861475907134e+00,-8.365039305724737417e-01,1.582104412672305171e+00,-1.271798307378181336e-01,4.336561379391885018e-01,1.694084910381744857e-01,5.724648423426227373e-01,1.829893227644777465e+00,1.418651063536808810e+00,-9.776277783596429849e-01,-4.195668189407781856e-01,4.297143377766912131e-01,-1.063327859375659212e+00,3.911823483175025928e-01,-7.478593890424947710e-02,-9.993607679742840810e-01,3.444029983551279983e-01,9.736811548346254730e-01,-9.430867656153577583e-01,1.602595195671310924e+00,2.376157738685972520e-01,-1.281956803902633002e-01,3.923225554309051621e-01,-2.592893985293933223e+00,7.752914630566483112e-01,2.649167740330636289e-01,-4.567572202269134518e-01,3.371549757801668989e-01,4.049337787736966288e-01,-1.060947649801235348e+00,9.369399919658662201e-02,-1.592292541099913583e+00,1.813806236076595413e+00,-1.034576987978467755e-01,-3.052410848469312432e-01,-1.404708002836306369e+00,-3.657502327869561198e-01,-9.727457054167257255e-02
2.751364983706194312e-01,-1.558889271647909691e+00,-3.687875773635334586e-01,7.465646519241211365e-01,3.279536514188373664e-01,1.500969624745361886e-01,6.712778984413997341e-01,-3.980213470624000549e-01,-8.001051311776851138e-01,-5.537888582230190426e-01,7.133117199557338362e-01,8.906948590251759779e-01,4.502263252034723225e-03,-9.853961683635116264e-01,-1.782789209595137536e-01,9.238131512835101589e-01,7.145440763794179695e-01,-1.021254007837591571e+00,2.322989690424049347e-01,-1.549165546978436003e-01,-3.999933882016038500e-01,-2.658387132180036527e+00,-1.003428963241288496e+00,1.389283785358844003e+00,-7.135174845166013247e-02,1.388881046404103481e-01,-9.676225819646756821e-02,4.031153004126562522e-01,6.281491958388069063e-01,5.679972560882050603e-01,1.181980787216631024e+00,4.587058503559116041e-01,1.703775485778585175e+00,1.510627591811508630e+00,1.881478732935028958e-02,-1.213213632082368543e+00,-1.159539889936864743e+00,-9.960440932105543155e-01,1.820143094899794034e-01,-1.258196706738681891e+00
-1.090627403239922792e-02,1.220375569704450491e+00,6.200797978430743207e-01,-2.033996226014052056e-01,-5.977961014132905648e-02,-1.112165070093129593e+00,3.698798679035694703e-01,2.429883175916832949e-01,-1.455686700324907212e+00,2.045957664689070366e-01,2.362975657960742215e-01,-2.086562725588625711e-01,-8.186010086781195794e-01,-2.720654464765314695e-01,-5.458545150969967841e-01,-1.291390314032383024e+00,1.241292143403284864e+00,1.495335815471335428e+00,-2.214281560273646532e-01,5.088971133321114060e-01,-1.547735978149263891e+00,-7.341091188982757920e-01,-6.178478431772264218e-02,-9.167001562053411767e-01,1.748294393594186813e+00,6.113579540674926038e-01,1.244715807379292438e-01,-1.765469553982034645e+00,-8.131557377781067908e-01,-2.266721525106288326e-01,-2.433164529232911821e-01,-9.586618346180399985e-01,-3.598257296360892754e-01,-1.786702085435437071e-01,-1.854959586215966683e+00,4.828202195667925523e-01,-2.374148170584597650e-01,-2.234849509511163124e-01,-7.928117951661668439e-01,-8.800357099601257768e-03
-1.138385953137211332e-01,-1.161303357313624884e+00,5.579746366050921669e-01,-1.196414980290204877e+00,1.276102268071838353e+00,-5.428506654782764285e-01,-7.676082261225105619e-01,-2.038021518676711885e+00,-8.374180884798324564e-01,1.807692736203531103e+00,6.725514999562507423e-01,-4.143821899474408044e-01,1.905879241766076163e-02,6.254170942331226390e-01,-2.820325402727692499e-01,8.748767270333811519e-01,-5.163023830236221912e-01,-1.089865506515336202e+00,1.275738191595200965e-01,-1.395269170019201310e-01,-1.557512330197270867e+00,4.249118211758148855e-01,-1.607739938826823756e-01,1.315239208484617173e+00,-7.662281683764966544e-01,-1.419369542872651602e-01,-1.144273724402356418e+00,5.419403507840667711e-01,-6.036523751563617479e-02,1.158016783128603192e-02,-4.260249929030242022e-01,-8.693335335374018369e-01,3.321054760821923191e-01,-2.232301235233624670e-01,1.859180085179566733e-01,7.555990703470022440e-02,4.812561338526153421e-01,8.055409080850269021e-02,-1.881784457295314628e-01,-1.311192474855674917e+00
-8.872441331265941422e-02,1.512770113726014554e+00,5.737081735745003241e-01,-5.410039762399340146e-01,1.011774902604033743e-01,9.945519804458853308e-01,1.871303131686784596e-02,2.556715056202494840e-01,-7.111772333750389086e-01,1.103841925859836870e+00,7.498760239490129820e-01,-6.901777185441496654e-01,-6.161143411521005087e-01,-8.754807638640578205e-01,1.383398859314018514e+00,-1.464259458285503523e+00,-1.290574305538217947e+00,-1.136987828767418218e+00,-1.816336580321377348e+00,-2.059307297162304096e+00,-1.577349515139569780e+00,-1.809103630470725865e-01,2.633002455846625622e+00,-8.738534866381272304e-01,4.626492171390006458e-01,5.717197814243488718e-01,-5.768549077272144832e-01,-3.781278784966862760e-01,-1.874432212803067710e-01,1.967199247871689038e-01,3.621532088906380120e-01,-1.787854115882298478e+00,1.123284394302892730e+00,2.231483978115676337e+00,-2.592034308971135625e-01,4.197042760702155428e-01,3.647200283191040504e-01,-4.982883143563617279e-01,8.533704340178985825e-01,6.698650164262419660e-01
1.457491501639105458e+00,1.867191147961329567e-01,3.006051553149621025e+00,7.114271072437181043e-02,-2.154966418914535387e-01,2.932343337744947390e-02,-8.898641026208221894e-02,1.243936805059091127e-01,6.453273817573904059e-02,-2.294944072376324806e-01,-1.048777185038205051e+00,1.695384377212810767e-01,-4.823871119830013265e-01,-2.830505175702779930e-01,-1.247297636383808861e+00,1.283144068962212281e-01,4.478857825033727980e-01,-6.975439787505975930e-01,1.654880570685692276e-01,-3.362832779270173988e-01,-1.657265365831639692e-01,-6.748378397585834687e-01,-6.607167498395821736e-01,-1.285744079851216304e+00,2.204590976252258361e-01,-1.450177399360324193e+00,-3.364933071914150836e-02,8.193687857080406145e-01,-7.773550243288790407e-01,1.297096155846473753e+00,-5.298593281173359371e-01,-2.872518032191215820e-01,-8.633146778253042442e-02,3.339187704946722235e-01,3.005096054424878371e-01,9.379919369820708397e-01,-4.672140700483936593e-01,1.948441411779923360e+00,-3.087449437336298175e-01,-2.027256179842876982e+00
2.302280806843439442e-01,1.488207574816941270e-01,3.292694321715964989e+00,-5.023747121258733683e-01,9.368307918688587588e-01,4.223787094249860097e-01,-1.214615292950298242e+00,-3.633534973296562165e-01,-1.016375443316913207e+00,8.161545824351104095e-01,-2.642064831299757000e+00,-9.995900249972635709e-01,-6.842966387384296079e-01,-1.378620110177858793e+00,-1.166622956624327467e-01,-5.009271975593545534e-01,1.304927309748024511e+00,-1.170060616607830450e+00,4.273369796634952644e-01,-4.868766087494444395e-01,-9.399681384416357366e-01,1.936713284060897766e-01,-1.304665248171519576e-01,1.636410785610191487e+00,-1.247316885600519232e+00,4.555480113563195044e-01,7.874873202665367833e-01,1.054878791825496265e+00,1.402895286878919956e+00,-3.403153752959877654e-01,-7.662428412874972006e-01,7.910608149152893454e-01,-5.680841520143918855e-01,-1.686437776879162520e+00,1.795106658295520630e+00,-5.170757872394168286e-01,1.385357903496989840e+00,-4.875607185865100668e-01,9.538254436534346903e-01,-4.127383971810602015e-01
1.254566020555633044e+00,9.811357849546531451e-01,2.565203882084240661e+00,4.855013915863399809e-01,-1.631962765006528260e+00,-1.982757640544181799e+00,7.196250753841654246e-01,3.306773684738361085e-01,-3.879871454373821082e-01,1.614367811651896467e+00,-1.762890543835292867e+00,-2.992368160769043328e-01,-2.816053262564707782e-01,-4.913335634345932235e-01,1.062109934144480211e-01,6.110439939970695455e-01,4.482290618347417599e-01,8.110507069938696079e-01,-5.049253078209250262e-02,-1.031785518580836447e+00,5.823349582675494407e-01,8.444985567267899729e-01,-3.849413752063685079e-01,-1.355082944188624738e+00,6.306875165803129679e-01,3.171112119478922686e-01,9.540022013348959523e-03,8.568302978058258690e-01,1.801985774020161912e+00,-9.952394258077622569e-01,3.211847471525048903e+00,-1.661012504185458427e-01,1.776636495660224746e+00,-3.340893121225529394e-01,-2.285335562875198956e-01,-8.109184973842807620e-02,-1.727156970908540590e+00,4.434600180003689940e-01,-7.047592530322798199e-01,5.324918454188135586e-01
4.588414824469808639e-01,6.069088613456431469e-01,-1.116878572643186907e+00,-4.205290266163764779e-01,-4.082236557936573251e-01,9.159150647721279181e-01,1.978267445874893130e-02,-9.659548932945372091e-01,-3.138665841063493708e-03,-1.109276352809343225e+00,1.199396986236689111e+00,-9.169333632229991204e-01,-3.250979222305285243e-01,-6.554596871354413379e-01,1.040301245173085531e+00,-8.468414962848468397e-01,-2.011006114334446329e-02,1.048322828074396584e+00,1.384784188965711982e+00,2.876734427730677224e-01,3.542454312523860560e-01,4.986133000202597199e-01,-2.432114453678650423e-01,-1.372609788130942643e-01,5.234652605699439132e-01,-1.265604111291143585e+00,4.806742089670626439e-01,3.003123295365933032e+00,-1.512721305409909789e-01,-7.243952483412445797e-01,3.878974917388287869e-02,-1.198186134359939675e-01,8.208486026308799977e-01,-1.007497187143545858e+00,-6.677929170873455611e-01,4.830327066166148486e-02,1.750379387371455431e-01,2.083159119978907348e-01,-1.919059625490052934e+00,9.766510790622171534e-01
1.891318057577894729e+00,4.273438515683496419e-01,-1.328594719790360257e+00,-1.469343241720021120e-01,-1.356272622289483643e+00,-3.669628824547135348e-01,1.919582690535391878e-01,1.382992462148610047e+00,-1.064811415946305351e+00,-2.708503720129693537e-01,2.761026340092699982e+00,6.004489968531993016e-01,1.311165601783260248e+00,9.766030967009535768e-01,-1.186602071466820174e-01,-4.448900320657982466e-01,-1.097869905669255797e+00,-4.263503354733372830e-01,-2.740243021726379569e-01,-1.068669658400817901e-01,1.088315262044482479e+00,-2.981372010295318731e+00,-1.154596024422420264e+00,-3.482027361260041365e-02,2.651986126736260996e-01,-4.033118090596893857e-01,-8.410776797550657546e-01,1.030970085443352557e+00,4.036042771801463536e-01,1.645698437604063979e-01,-4.990791789883511909e-01,8.270534087506509202e-01,-3.126201477842516674e+00,2.744820100366777704e-01,8.101330770396797387e-01,7.581609883470454836e-01,-7.181271989604959272e-01,-1.380870860218936347e+00,-5.076599953702235490e-01,8.387787794229151217e-02
-8.853391634703187130e-01,6.123282158263884112e-01,-1.626137919796956655e-01,2.677460632728878576e-01,-1.412652219715508473e+00,-4.442410951083831105e-01,-1.262501616332105669e+00,1.503295665882160792e+00,6.110239048058895284e-01,-4.633914817999106317e-01,-2.613438324362875043e-01,1.870757505051742209e+00,6.762051767091674659e-01,-3.888108413167105093e-01,-1.040695611990985370e+00,-2.424537213611554609e+00,4.552400012675216767e-01,-4.199117127194852417e-01,2.008749477528038341e+00,6.389307233079470905e-01,-3.146655893644442203e-01,-5.315069110153865933e-02,-1.081308628411307565e-01,-8.942368538344029893e-01,-2.720023341514360982e-01,1.174416158063089410e+00,-5.152111015498315183e-01,-1.505209107690563819e+00,-1.397262480085535996e+00,-5.116028245805060576e-02,-4.123933289929002793e-02,-2.354413649162016564e-01,-1.275676937904018038e+00,1.774501901918499602e-01,-1.988486603645978623e-01,8.698195668632788813e-01,4.150623414301738978e-01,-1.186789415770856282e+00,-1.266620663676771841e+00,1.586552207584439378e+00
6.109867445315281947e-02,-1.770948078311693208e-01,-5.854320046990417747e-01,-4.385347891498916351e-01,1.759620808777962245e-02,1.331462493148391379e+00,1.584075496007364192e+00,-3.236637611862694386e-01,2.341121656314164134e+00,-6.135570102088031552e-01,9.249237208164455826e-01,-2.237814597656969662e-01,8.911208775592454057e-01,1.451560387458485091e-01,2.448153041637683713e-01,3.776126629015494340e-01,2.029699029459039572e+00,6.324076545088359591e-01,3.589432153638606460e-01,4.496875743410150839e-01,-3.058456381968606141e-01,1.109408535287217168e+00,4.872805264413280213e-01,-3.038508142522052258e-01,-1.457317217122720665e+00,-9.205236722552322393e-01,6.826651457213841478e-01,-3.554729204086535810e-01,3.927389098902803743e-01,-3.810762625964470018e-01,-1.706382138130439152e+00,-1.602554629918715723e-01,-1.616970623940862994e+00,6.162632998818904362e-01,2.406586589041260993e+00,3.152024139204912534e-01,1.260789582110331875e+00,3.310032839592713105e-01,-1.300221032410377120e+00,5.527735505552229256e-01
-7.645601644884579828e-01,-1.603076107840762488e+00,2.826044421194558454e-01,1.884255970445536943e-01,-1.105254610777945734e+00,-2.562521106420507719e-02,-1.461770250210167044e+00,2.306931174653564565e+00,1.014108053866023124e-01,-5.887804454484872885e-01,-4.822892923112880037e-02,7.604926961694116194e-01,7.126061599727917528e-01,-1.128883305277991189e+00,3.887622974694893707e-01,-2.175828453603463331e-01,1.492403242407657871e+00,-1.203889226868853773e-01,-4.008507389146153121e-01,-4.998865299031151066e-01,-9.092680951666026745e-01,-1.434845273068204197e+00,-1.246406232342932130e+00,4.905832538363456563e-01,-4.584877451688717520e-01,-1.762442225534331497e+00,-1.284875677388221282e+00,1.869234525327702068e-01,1.668062350073038935e+00,1.485733541102130406e+00,-1.309282046347044925e+00,-4.001375899343472820e-01,-6.902615929931529282e-01,-2.851842242159265406e-01,5.611697990382079615e-01,-2.224484835459598631e-01,1.025903280250557575e-01,-1.363247045755235032e+00,-5.505031629499060886e-01,9.418570285502790851e-01
4.167126511821953039e-01,1.558805150300858866e+00,-4.624279885487194153e-01,-3.520548440511584443e-01,6.923726434327871493e-01,-1.345959179841604847e+00,-1.396778104289658096e+00,-1.252306932426379582e+00,1.192994935969743153e+00,-8.578463543414980297e-01,2.459804090811731625e-01,1.184893621659690366e+00,-1.667617137437315877e+00,3.219023820642503142e-01,1.425884417717390995e-01,8.878026552667944715e-01,1.384391608676630137e+00,-2.063530634998711033e+00,4.181311413349243500e-01,-1.678002304031728453e+00,2.865601646335971253e+00,-6.755149511536892026e-01,-1.213974644726205643e+00,-1.723543558079373428e+00,-1.155904087568284007e-02,-1.283445857162528236e+00,6.609151705434399560e-01,-1.157040465754159558e-01,3.007107130646021198e-01,-9.618673901141020499e-01,6.788420969065771526e-01,4.106647893678562755e-01,7.691630827124973369e-01,-1.860349196022172746e+00,-2.602683148552580872e-01,-6.554810142896112524e-01,8.151290764504182107e-01,-1.104477356437647551e+00,-2.584447831903324833e-02,-6.846947390015931667e-01
7.430288435789965673e-01,9.277352640580933951e-02,-1.810832789474424942e+00,1.464235468396425821e+00,2.109736963376723562e+00,5.113024932649271603e-01,9.214703398827807090e-01,-7.961116266651391271e-01,1.557842881110250988e-01,1.626490533191943255e+00,1.683974664253783837e+00,-1.017777257136213698e-01,-2.700026720966046054e-02,-5.560973938588735788e-01,-3.349419797168177171e-01,4.305644698770880741e-01,-3.148516998272928857e-01,5.323332952360149140e-01,4.808635841212779427e-01,6.366700660953480417e-01,1.190873145920180232e+00,1.218377361533941494e+00,-8.717708538271966290e-02,1.331706263187827088e-01,5.326417290231380552e-02,-1.294479514098261452e+00,-6.270957244752686233e-01,1.033208644823726763e+00,8.411585046634206808e-01,-1.118821125675710570e+00,9.106353684807657611e-01,2.463494043533300815e+00,1.305476417423263591e+00,-5.078491037556792653e-01,6.401654568488155395e-01,-2.094902684100523160e+00,-1.535900442660833809e+00,-2.132939568821075937e+00,-1.221418932522158052e+00,-5.109373408319277388e-02
-6.269537688993570557e-01,9.085376770726841800e-01,-1.770138829204444875e+00,1.271123610160462547e-01,2.025357810770881950e-01,2.193867323885781706e-01,-1.419527549836977209e-01,4.712587234214656862e-01,-1.121632016612109206e+00,2.348901045250824104e-01,2.660713421607147633e-01,1.221213086210087007e-01,-3.395884821731061376e-02,-4.119123372323932331e-01,2.396079995466003643e-01,4.450393555637923160e-01,1.456137920968216815e-01,1.783765729832524627e-01,-8.795627254090284675e-01,8.291784562769255462e-02,2.220709288472058895e-01,-2.598603782249495064e-01,1.297092391701818004e+00,-1.650745674970092169e+00,6.115097017710303673e-01,-3.253150702666519622e-01,1.117031063341108743e-01,7.479269406306613410e-01,4.571745952979288652e-01,1.007617819637489087e-01,1.438353627792884337e+00,-1.400188950097271290e+00,-1.954720392027058384e+00,-7.588565541845188056e-01,1.194262288496523439e-01,7.364101348813065773e-01,-6.658715034418630774e-01,-5.211111980067724414e-02,1.420148410175672560e-01,-1.200823807956491907e+00
-1.412879128289352797e-02,1.722817782206121084e-01,1.018502458122434895e+00,3.625553041116179043e-01,-2.192810942636889970e-01,6.853411861916093306e-01,1.010965781186338619e+00,7.203897021367200448e-02,-5.317717331700538841e-01,-2.604891472078250114e-01,-2.174306049331394819e-01,9.860923264615211181e-01,3.199743500093530368e-01,-3.932189854482648350e-02,1.514220948676167522e+00,-1.873412898206066934e+00,-8.563058752829422193e-01,7.394200973710007840e-01,9.219983872025783178e-01,-8.890936943651333024e-01,-5.466315207651877284e-01,5.607649815974563579e-01,8.172806350206035519e-01,-2.346559249667802272e-01,1.435589170638678080e+00,-5.468200772916065322e-01,1.247638435436558418e-01,-6.282752335686786482e-01,-2.512498720809131503e-01,4.055946848882573119e-02,4.966886199951887071e-01,7.192644881964637138e-01,-5.121807619303095915e-01,2.786832315937008975e-01,2.327715450857494428e+00,1.732464133004851359e+00,-1.355056442678979345e-01,9.407029362604708567e-01,1.778506255543800041e+00,2.065150929692868065e+00
1.174988392060082765e+00,6.446539363889812468e-02,3.345230922959900322e-01,-2.759347180950835199e-01,-9.038693857284418876e-01,7.379354365872745070e-02,1.714520408030023590e+00,-4.946451551276740549e-03,-4.580803031277980719e-01,8.939317526314304319e-01,-1.560958920913659620e+00,1.199760706868262305e+00,-1.357111674340552243e+00,2.147751773138345255e-01,6.041503173473918853e-01,-4.827028670802537280e-01,4.263130661314530889e-01,3.580539446556605943e-01,2.095600702160176354e+00,-2.793421817178990962e-01,-1.621959093475723535e+00,-2.702989365335056737e-01,1.002588090056955927e+00,7.011757032901831943e-01,1.722511304738917337e-01,-1.773850628395091944e-01,7.790995018805600969e-01,8.636000741403749847e-01,-1.004901040314246652e+00,6.323234494074714274e-01,-7.638198267555198484e-01,3.079225349253892907e-01,-3.288014090919071375e-01,3.946300776979757008e-01,8.784893797462398624e-01,-1.306656668793294562e-01,3.094979511828084728e+00,-1.414657710399350954e+00,3.331373235534377808e-01,1.151911555840397172e+00
-1.283607370109554890e-01,-6.941428071233283204e-01,1.147115554494511219e-01,-2.743923855280691604e-02,-1.729387498535863266e+00,2.331277040381502630e+00,1.654254375341877692e+00,-1.763229313475436877e+00,-1.941552438102492228e+00,-1.190738273081534349e+00,-4.849353904862641236e-03,4.222419015542223097e-01,3.419765952131405967e-02,1.521315195851520752e+00,-1.766054036367279423e-01,2.243996459944963273e-01,7.282629391091482995e-01,1.159321993945986590e-01,-1.415487490414238270e+00,3.165683109270651108e-01,8.783222365820646527e-01,-1.156102869879774842e+00,5.572648899590803007e-01,1.500416003272431409e+00,-8.511629356422396597e-01,-5.939493286854878873e-01,-1.193630151014838159e+00,6.819807414438890936e-01,-3.133472404723738197e-02,-2.864708750074120014e-02,8.888990282142742450e-01,1.001874132967350173e+00,-1.425251816615306921e-01,2.556823518610349955e-01,7.652250096873244312e-01,1.631320928352383570e-01,-2.498634559425252921e-01,-1.500852955362020014e+00,-2.927333724732280373e+00,6.607399154750194237e-01
1.327477887871675588e-01,5.937239241766042452e-01,1.125463098786305405e-01,-1.643753684268884019e+00,1.534148673807892660e+00,2.128575080873969849e+00,-1.079615787046258379e+00,-2.879979582121099391e-01,-2.291471805365091541e+00,-8.244517504658629425e-01,4.066144967809201538e-01,6.147168685138166833e-01,-5.193149005437027732e-01,-7.325679453569438060e-01,4.611653095704996153e-01,-4.268031219077360050e-01,-1.184346231760526669e+00,-1.097135634380812796e-01,-1.166286079182558444e+00,1.332861991109036692e+00,-1.492824982949695567e+00,-2.382298404500596267e-01,-1.271141341059482288e+00,-1.069635327616208942e+00,6.976164348348931066e-01,3.925410340907793394e-01,1.243925823621444771e+00,-3.567233273054381537e-01,1.263094476106523478e+00,9.822976749030430665e-02,-5.787029665159372227e-01,-1.295653564512246447e+00,8.188961551959823559e-01,4.646765805243863734e-01,1.206230321239139869e+00,-7.551450173736645732e-02,2.233940505922893116e-01,2.196762128061618621e-02,-2.262375910116043720e-01,8.005526428541283046e-01
2.583341641002127043e-01,1.341679058685978261e-02,-9.566358077288297235e-01,6.107801046488506858e-01,-3.282877008670388452e-01,-5.326413692227872643e-01,3.580334224367333618e-01,1.671416963692392788e+00,1.423073010960739238e+00,-5.663484614697446018e-01,-7.258203210453938459e-01,5.634755202984244038e-01,-4.356320862270804950e-01,-1.045525476931216391e-01,-2.321272832508105566e+00,-2.140943657467135330e-01,5.434054256457874210e-01,-5.374541021663481466e-01,-3.802753353325443730e-01,2.654729301058086355e-01,-1.454317395181372319e-01,3.900747550744415593e-01,-1.429263740697098994e-01,-1.411804737384080889e-02,-5.412923292510717355e-01,9.153400195339445045e-01,7.681113622541089203e-01,1.016348006106466278e-01,8.094421016746339292e-01,4.556434684505937332e-04,-2.267173497314221020e-01,1.281717326325700457e+00,-7.349940324333031905e-02,1.069634567711092776e+00,7.920152242453191160e-01,3.397075800222407183e-01,6.335131637215641875e-01,-3.126899042060573009e-01,3.656824517547276332e-01,3.227659730216917988e-01
-1.339740265843871458e-01,3.025370529001112363e-01,-1.660661428629062852e+00,1.812739492526104224e-01,-3.153503255634066416e-01,-1.007366453451013166e+00,-7.484238837311473214e-01,-1.716682426629119851e+00,-1.572054446544512984e-01,8.618949755031118931e-01,-9.956087389318867276e-01,-1.158216952276195144e+00,1.317629526623586456e+00,-1.623300062177117642e+00,1.798952548445387212e-01,6.858589012510460936e-01,6.029685692272073599e-02,-6.038802115952421889e-01,1.048913761483825313e+00,-2.257167817654830877e+00,-5.843377337791905851e-02,-1.138860931786041808e-01,8.555507737859040229e-02,-7.688744262602413837e-01,-1.254132726534551434e+00,-1.490291014995070107e+00,1.294953896068493093e-01,9.268315940749449755e-02,-5.188183727016671964e-01,-7.847260247692485757e-01,-1.004292889963858126e+00,-7.074956343741060916e-02,-1.536997310575985543e+00,-8.811527493692179469e-01,-9.041975705148884712e-01,7.040268478995233004e-01,1.199060284729457360e+00,1.837670854183889091e+00,1.326833581804338857e+00,-1.728139243516421675e-01
-1.250518440495709260e-01,-1.526191376370006125e+00,-1.810352168880703605e+00,3.975400785632918210e-01,1.749408843414804959e+00,1.723878244452718755e+00,-1.328198272075584274e+00,1.908318017970615788e-01,-8.550479153204942895e-01,1.436198419267158966e-01,-3.308296663213319833e-01,1.347103213886697848e-01,-5.981942487876108494e-01,-9.036156258599146174e-01,8.448509439413388611e-01,-5.984261443842139316e-01,-3.971627104395748509e-01,-1.978619711499437495e-01,-1.256541455816602149e+00,-4.385174972705717100e-01,-6.725533140116433106e-01,-5.639172847427075252e-01,4.603699224707056420e-02,-1.907004419630568437e+00,4.588394321189831482e-01,-4.961534485895707780e-01,5.328682240799288428e-01,2.758805776520198982e-01,1.066597428712018791e+00,-1.897081995736300819e-01,-1.072583950827469046e+00,9.363661269292181677e-01,1.108472071975528106e+00,-3.609683589949292948e-01,-6.044198272151238838e-01,7.308124476654433987e-01,-2.895660040213022257e-01,9.214672325684291065e-01,1.193670501247223514e+00,1.420208403904104633e-01
9.903038072895782307e-01,1.024854635979123074e+00,7.819829716866311120e-01,-1.515585164666197748e+00,-1.204732053403082676e-01,-2.646034478903511733e-01,-4.781559294640049251e-01,-1.257801747873508180e+00,-8.879620314884238974e-01,8.834035899273949832e-01,3.680997668472440476e-01,-3.455524921930723803e-01,-1.083529842061677073e-01,8.362636066512810773e-01,-8.118629371231455005e-01,-8.376584278677148276e-01,1.315287533337359038e+00,-3.645234687379265148e-01,1.993570671755378054e+00,1.584878452314218755e+00,-2.104662610857888971e+00,-2.553118280210191493e+00,-1.242666282257121280e+00,2.019866522656993679e-01,-3.053317584541009877e-01,-1.195586778312867304e+00,-1.577903174914321083e+00,8.499122311884912406e-01,3.275901422358151183e-01,-1.669588353808393886e-03,-3.556342932112454419e-02,-4.892515502598340782e-01,1.930498217934027760e+00,-2.626447200879481469e-01,8.259323048469939810e-01,-6.432670113820880831e-01,-8.289810855999554251e-01,-2.027345796229487185e-01,-2.578664753143801169e-01,7.081452068132131072e-02
